"","f_ln_co2_tot","f_ln_co2_lto","f_ln_co2_5050","f_ln_co2_intl","f_ln_skm","f_ln_intensity","f_g_int","f_g_vol"
"","b/se","b/se","b/se","b/se","b/se","b/se","b/se","b/se"
"ln_gaci_cwm","5.3470***","5.7014***","5.3004***","5.1919***","5.6412***","-0.2941**","-0.3005","2.2570***"
"","0.3979","0.4399","0.3952","0.3858","0.4247","0.1160","0.2348","0.3059"
"lnpop","-0.4381***","-0.5932***","-0.4279***","-0.3913***","-0.6178***","0.1797***","-0.1075*","0.0656"
"","0.1170","0.1349","0.1162","0.1148","0.1254","0.0381","0.0652","0.0931"
"ln_sea_ma","3.7472***","4.8575***","3.7165***","3.2626***","4.0479***","-0.3008*","-0.4436","2.0919***"
"","0.5426","0.6025","0.5367","0.5250","0.5698","0.1660","0.3165","0.4052"
"KPF","153.6390","153.6390","153.6390","153.6390","153.6390","153.6390","153.6390","153.6390"
"Wald1p","0.0000","0.0000","0.0000","0.0000","0.0000","0.0000","0.0000","0.0000"
"N","4634.0000","4634.0000","4634.0000","4634.0000","4634.0000","4634.0000","4634.0000","4634.0000"
