y,b,se
1996,0,0
1997,2.510089745813798,4.194377631441158
1998,0,0
1999,.561488603935316,.9207027152894846
2000,.4810647517502919,.3657548462043422
2001,.5013123799013519,.3274224488552709
2002,2.208865427779254,.9610311617285771
2003,3.196131896574654,1.662554216740912
2004,.6682775979597977,.2554249355150534
2005,.5363251147518056,.1587906607876367
2006,.566111746167883,.1328022873255993
2007,.4353857064447158,.0878568410547729
2008,.4154387445150128,.0803523223334734
2009,.4659763212259903,.0868004101799921
2010,.377772972476387,.0634075629562243
2011,.287183878968385,.0497821165166699
2012,.2493413689025266,.0479024212110616
2013,.2164676348509565,.0432396828657255
2014,.1831651491604896,.0399690538769218
2015,.1766904141215979,.0327425794228716
2016,.1917733922519889,.0301020770463253
2017,.1782267017239371,.0277781342804426
2018,.1770813197463541,.0251318261883277
2019,.1766882335602357,.0240789666146074
2020,1.901845732578768,.3071950865473952
2021,.6333712868627444,.1253056799916818
2022,.2611812879330976,.0454452486507795
2023,.1865983950402692,.0315376001090671
