stage,outc,var,b,se,p,kpf,nn
RF,ln_co2_tot,feyrer_int,.3454135737859089,.0984253095284508,.0004491224692993,,4623
RF,ln_co2_tot,nbr_feyrer,.9354676327925382,.2681772501081333,.0004862045079553,,4623
IV,ln_co2_tot,ln_gaci_cwm,-2.378251264960098,1.684060335707425,.1578873646481017,5.128807169531717,4623
IV,ln_co2_tot,nbr_lngaci,15.58691405220377,3.703039667234409,.0000256252124306,5.128807169531717,4623
RF,ln_co2_intl,feyrer_int,.2168022760489809,.0977959933925994,.0266310871625302,,4623
RF,ln_co2_intl,nbr_feyrer,1.232263679073118,.2663158419856743,3.70864193234e-06,,4623
IV,ln_co2_intl,ln_gaci_cwm,-.9272749232592572,1.33796150262337,.4882778439138353,5.128807169531717,4623
IV,ln_co2_intl,nbr_lngaci,12.35341419141526,2.977773035045816,.0000334600599999,5.128807169531717,4623
RF,ln_intensity,feyrer_int,-.1102675751438086,.0291527382629612,.0001553179773078,,4623
RF,ln_intensity,nbr_feyrer,.1992653488827185,.0719582979262689,.0056197891321858,,4623
IV,ln_intensity,ln_gaci_cwm,1.195641139507508,.5244273081809987,.0226136970381469,5.128807169531717,4623
IV,ln_intensity,nbr_lngaci,-2.992222808696107,1.193466112565799,.0121702054972101,5.128807169531717,4623
RF,g_vol,feyrer_int,.1844748988966397,.0997520526137839,.064409546456717,,4623
RF,g_vol,nbr_feyrer,.2864281147426235,.2792389741128405,.3050115720721405,,4623
IV,g_vol,ln_gaci_cwm,-1.457008109283966,1.324285967565285,.2712355542112003,5.128807169531717,4623
IV,g_vol,nbr_lngaci,7.475194186413222,2.822210850302225,.008080165834484,5.128807169531717,4623
