spec,outcome,sample,term,b,se,p,kpf,N
"a. 2SLS max, airport-Gini control",ln_gini_mkt,,ln_gaci_max,0.9392537484301093,0.6174479301614474,0.1303465602487619,3.028551373399048,3134
"a. 2SLS max, airport-Gini control",ln_gini_mkt,,ap_gini,-2.0120656679914872,1.4767298431808489,0.17510538660321706,3.028551373399048,3134
"a. OLS max, airport-Gini control",ln_gini_mkt,,ln_gaci_max,0.05002742003799336,0.03233192524547561,0.12392486756731302,,3134
"a. OLS max, airport-Gini control",ln_gini_mkt,,ap_gini,0.08679250454168486,0.14173890347471232,0.5412520028020484,,3134
a. OLS airport-Gini alone,ln_gini_mkt,,ap_gini,0.20487319563790118,0.11382698786639642,0.07391890671307122,,3134
b. OLS max x baseline airport-Gini,ln_gini_mkt,,ln_gaci_max,0.057696280665785,0.023021419378822128,0.013249260413755515,,3570
b. OLS max x baseline airport-Gini,ln_gini_mkt,,max_x_ap0,0.2387499253441711,0.24317305610217374,0.3277430597236748,,3570
b. 2SLS max x baseline airport-Gini,ln_gini_mkt,,ln_gaci_max,0.4112882869475713,0.1826921921280083,0.02579317396016978,,3570
b. 2SLS max x baseline airport-Gini,ln_gini_mkt,,max_x_ap0,0.5359462192341513,0.6654908708169109,0.4218734695436266,,3570
c. 2SLS split by baseline airport-Gini (ap0_half),ln_gini_mkt,below (n_c=76),ln_gaci_max,0.2548876478072441,0.20541200795432013,0.21857679432844845,4.287527362539387,1562
c. 2SLS split by baseline airport-Gini (ap0_half),ln_gini_mkt,above (n_c=79),ln_gaci_max,0.6110547804762816,0.29112452251421617,0.039056781781496186,6.375131134082615,2008
c. 2SLS split by baseline airport-Gini (ap0_grp),ln_gini_mkt,low (n_c=51),ln_gaci_max,0.16064310624007047,0.20657173246949084,0.44050666707178476,4.387806321697922,1045
c. 2SLS split by baseline airport-Gini (ap0_grp),ln_gini_mkt,mid (n_c=51),ln_gaci_max,0.9768087220392311,0.7782695630022887,0.21527587140804894,1.491857425948799,1149
c. 2SLS split by baseline airport-Gini (ap0_grp),ln_gini_mkt,high (n_c=53),ln_gaci_max,0.6481323856326204,0.5181817857358902,0.2166128149216091,2.587424919861984,1376
"a. 2SLS max, airport-Gini control",ln_gini_disp,,ln_gaci_max,1.3172247987470478,0.8327912240599414,0.11585308524636684,3.028551373399048,3134
"a. 2SLS max, airport-Gini control",ln_gini_disp,,ap_gini,-2.9713941444541705,1.9833610853410801,0.13622128294229952,3.028551373399048,3134
"a. OLS max, airport-Gini control",ln_gini_disp,,ln_gaci_max,0.04056037566584239,0.03222733301812346,0.2101671713462585,,3134
"a. OLS max, airport-Gini control",ln_gini_disp,,ap_gini,0.041941687393531726,0.14521175934575847,0.7731147097130731,,3134
a. OLS airport-Gini alone,ln_gini_disp,,ap_gini,0.13767712979906682,0.12298478231222212,0.26475542433199406,,3134
b. OLS max x baseline airport-Gini,ln_gini_disp,,ln_gaci_max,0.04859396123312976,0.028068901637567055,0.08542508221955702,,3570
b. OLS max x baseline airport-Gini,ln_gini_disp,,max_x_ap0,-0.028021178041476056,0.35235167175421733,0.9367180400896111,,3570
b. 2SLS max x baseline airport-Gini,ln_gini_disp,,ln_gaci_max,0.5802384667445677,0.23318156543447807,0.013905043448320997,,3570
b. 2SLS max x baseline airport-Gini,ln_gini_disp,,max_x_ap0,0.13639856850724813,0.8361010891083608,0.8706262762610377,,3570
c. 2SLS split by baseline airport-Gini (ap0_half),ln_gini_disp,below (n_c=76),ln_gaci_max,0.2993951953261899,0.23278792346527435,0.2024078585554243,4.287527362539387,1562
c. 2SLS split by baseline airport-Gini (ap0_half),ln_gini_disp,above (n_c=79),ln_gaci_max,0.8463295674479442,0.3756145856996369,0.02705649270714816,6.375131134082615,2008
c. 2SLS split by baseline airport-Gini (ap0_grp),ln_gini_disp,low (n_c=51),ln_gaci_max,0.18316237464789176,0.23390449371924563,0.43735751562868397,4.387806321697922,1045
c. 2SLS split by baseline airport-Gini (ap0_grp),ln_gini_disp,mid (n_c=51),ln_gaci_max,1.2710729670589476,1.0235136638251183,0.22007767682092272,1.491857425948799,1149
c. 2SLS split by baseline airport-Gini (ap0_grp),ln_gini_disp,high (n_c=53),ln_gaci_max,1.0264578778041542,0.7141781516779317,0.1566352340732866,2.587424919861984,1376
"a. 2SLS max, airport-Gini control",ln_spt_b50,,ln_gaci_max,-0.3940863242839044,0.5790696989962557,0.49715185841637655,8.936458489391018,3657
"a. 2SLS max, airport-Gini control",ln_spt_b50,,ap_gini,0.8068068948577459,1.3586480159664776,0.5534745853079301,8.936458489391018,3657
"a. OLS max, airport-Gini control",ln_spt_b50,,ln_gaci_max,-0.023152848342687927,0.06309740964018619,0.7141561021915761,,3657
"a. OLS max, airport-Gini control",ln_spt_b50,,ap_gini,-0.06764182494019069,0.24641143388417014,0.7840531126615495,,3657
a. OLS airport-Gini alone,ln_spt_b50,,ap_gini,-0.12222298276523345,0.2274364437280662,0.5917515206747912,,3657
b. OLS max x baseline airport-Gini,ln_spt_b50,,ln_gaci_max,-0.026583718861012035,0.056896133496471595,0.6409692661537818,,4198
b. OLS max x baseline airport-Gini,ln_spt_b50,,max_x_ap0,-0.3031565949382726,0.6008510842290127,0.6145723793744984,,4198
b. 2SLS max x baseline airport-Gini,ln_spt_b50,,ln_gaci_max,-0.32215963040208456,0.31249678108664014,0.30413350579219056,,4198
b. 2SLS max x baseline airport-Gini,ln_spt_b50,,max_x_ap0,-0.5047311903120699,1.0455452929966935,0.6299370303696192,,4198
c. 2SLS split by baseline airport-Gini (ap0_half),ln_spt_b50,below (n_c=79),ln_gaci_max,0.4959532729162911,0.4001486322978318,0.21890531819188985,9.945511004923619,1962
c. 2SLS split by baseline airport-Gini (ap0_half),ln_spt_b50,above (n_c=82),ln_gaci_max,-1.2241308756924123,0.5652917127123263,0.03329222489014394,11.065220344752435,2236
c. 2SLS split by baseline airport-Gini (ap0_grp),ln_spt_b50,low (n_c=53),ln_gaci_max,0.46926623965776504,0.4513260549650729,0.3032665903564846,9.008051418832604,1341
c. 2SLS split by baseline airport-Gini (ap0_grp),ln_spt_b50,mid (n_c=53),ln_gaci_max,-0.6695443475897345,0.6603687899754057,0.31532757722053617,3.895545331441073,1359
c. 2SLS split by baseline airport-Gini (ap0_grp),ln_spt_b50,high (n_c=55),ln_gaci_max,-1.6976287494382671,1.140360052183519,0.14238946127138385,3.7742849724844754,1498
