spec,outcome,term,b,se,p,kpf,N
"OLS, lead with sum",ln market Gini,ln_lead,-0.029271882933398993,0.06673817274570941,0.6615265306507552,,3735
"OLS, lead with sum",ln market Gini,ln_gaci_sum,0.009537183845171314,0.0065358257040195175,0.14642999271597845,,3735
"OLS, lead alone",ln market Gini,ln_lead,-0.001816938156529791,0.06564347046778153,0.9779521223180556,,3735
"2SLS, lead instrumented, sum control",ln market Gini,ln_lead,9.0172553852422,13.560208721075568,0.5070036163642304,0.47987753657335785,3735
"2SLS, lead instrumented, sum control",ln market Gini,ln_gaci_sum,-0.4109493419455255,0.6320502960555621,0.5164883432285423,0.47987753657335785,3735
"2SLS, max instrumented, lead control",ln market Gini,ln_gaci_max,0.6379262658668189,0.2621224017342554,0.016025808858406654,8.274289381866256,3735
"2SLS, max instrumented, lead control",ln market Gini,ln_lead,-0.8479784598926541,0.3532485899668342,0.017498660113023146,8.274289381866256,3735
first stage: Z -> lead (no sum),ln market Gini,feyrer_int,0.02462543996073413,0.012952184677436435,0.059032792637039755,3.6147805807970186,3735
"OLS, lead with sum",ln disp. Gini,ln_lead,0.0018594807779397653,0.06963088776345186,0.9787278298887598,,3735
"OLS, lead with sum",ln disp. Gini,ln_gaci_sum,0.008579169474568328,0.00866583340884553,0.32364175775239734,,3735
"OLS, lead alone",ln disp. Gini,ln_lead,0.026556564107724775,0.07071189597570504,0.7077322687434808,,3735
"2SLS, lead instrumented, sum control",ln disp. Gini,ln_lead,11.956767072289438,17.940050435096893,0.506043658616298,0.47987753657335785,3735
"2SLS, lead instrumented, sum control",ln disp. Gini,ln_gaci_sum,-0.5470901398953751,0.8355745073242432,0.5135533286590199,0.47987753657335785,3735
"2SLS, max instrumented, lead control",ln disp. Gini,ln_gaci_max,0.8326250723797427,0.32602831436340307,0.01157073601372205,8.274289381866256,3735
"2SLS, max instrumented, lead control",ln disp. Gini,ln_lead,-1.0778583753260134,0.4357273021174714,0.014397134120509802,8.274289381866256,3735
first stage: Z -> lead (no sum),ln disp. Gini,feyrer_int,0.02462543996073413,0.012952184677436435,0.059032792637039755,3.6147805807970186,3735
"OLS, lead with sum",Bottom-50 share,ln_lead,-0.2697741836595819,0.13815246012407223,0.05243785370409193,,4536
"OLS, lead with sum",Bottom-50 share,ln_gaci_sum,0.009931465297784827,0.014758726022499842,0.5018797701396531,,4536
"OLS, lead alone",Bottom-50 share,ln_lead,-0.23365956881278102,0.13698112755089034,0.08981326132144307,,4536
"2SLS, lead instrumented, sum control",Bottom-50 share,ln_lead,-7.758247847538671,10.077635877575338,0.4424221012379195,0.9521769997693308,4536
"2SLS, lead instrumented, sum control",Bottom-50 share,ln_gaci_sum,0.3635430972375276,0.47207316572306185,0.4422735655638892,0.9521769997693308,4536
"2SLS, max instrumented, lead control",Bottom-50 share,ln_gaci_max,-0.4770130425438013,0.3767260950979576,0.2071124987881674,17.88946860826166,4536
"2SLS, max instrumented, lead control",Bottom-50 share,ln_lead,0.40565860883000343,0.5007459760176722,0.41897175555927957,17.88946860826166,4536
first stage: Z -> lead (no sum),Bottom-50 share,feyrer_int,0.02317226723803128,0.010757491300894489,0.03259557836104432,4.639968687279067,4536
