block,item,outcome,term,b,se,p,kpf,N
A,apath,ln_share_topreg,ln_gaci_max,.2148091231805389,1.532589239547482,.888532845593348,2.086682619267299,1469
A,apath_ols,ln_share_topreg,ln_gaci_max,.0479350569352101,.1111812075722007,.6663640199661409,.,1469
A,apath,ln_theil_reg,ln_gaci_max,2.52513189279335,2.908329961442364,.3852623046129575,2.086682619267299,1469
A,apath_ols,ln_theil_reg,ln_gaci_max,-.1322167844601476,.306645199909099,.6663434055650038,.,1469
A,apath,share_topreg,ln_gaci_max,-.0512947001107673,.4205096468514233,.9029130997609357,2.086682619267299,1469
A,apath_ols,share_topreg,ln_gaci_max,-.0060125451387538,.0266938363118776,.8217918317370614,.,1469
A,apath,ln_largest_city,ln_gaci_max,-.1806411931668098,.3118039960368273,.5623583393127052,8.651015088479991,3270
A,apath_ols,ln_largest_city,ln_gaci_max,.0388549758528335,.0717032871885054,.5878973456853844,.,3270
A,apath,primacy,ln_gaci_max,-5.716587659156979,10.27675747567625,.5780305638265142,8.651015088479991,3270
A,apath_ols,primacy,ln_gaci_max,-.0893186375091018,1.946847974480574,.9634070199353381,.,3270
A,apath,urban,ln_gaci_max,12.131009701494,15.18647521504035,.4244043551579328,10.63404404974496,3735
A,apath_ols,urban,ln_gaci_max,.056000351271157,3.333599692626561,.9865971567181675,.,3735
A,apath,sh_diff,ln_gaci_max,.3329586135551504,.1710260203828981,.0515551005959642,10.48610785540496,3723
A,apath_ols,sh_diff,ln_gaci_max,.0393401464626923,.0311392068806343,.206458470550935,.,3723
A,apath,sh_homog,ln_gaci_max,-.3417757363383444,.1554292782619539,.0278839828741769,10.48610785540496,3723
A,apath_ols,sh_homog,ln_gaci_max,-.0543080005997319,.0400795330971776,.1754157028345286,.,3723
A,apath,sh_hivw,ln_gaci_max,.2264509527620911,.158866064817305,.1540356725797115,10.48610785540496,3723
A,apath_ols,sh_hivw,ln_gaci_max,.0472150230833851,.0278786859824524,.0903434972710537,.,3723
A,apath,sh_x_hivw3,ln_gaci_max,.2089839780445581,.265428228035082,.4310790742530918,10.48610785540496,3723
A,apath_ols,sh_x_hivw3,ln_gaci_max,.0276289344794603,.0393665759621658,.4827805852676173,.,3723
A,apath,sh_capital,ln_gaci_max,.1595558002248563,.1208877466354138,.1868792814623331,10.48610785540496,3723
A,apath_ols,sh_capital,ln_gaci_max,.0226525691269712,.0202640715983341,.2636231221741748,.,3723
A,apath,sh_interm,ln_gaci_max,-.2614564520802015,.1432131477245367,.06790366333306,10.48610785540496,3723
A,apath_ols,sh_interm,ln_gaci_max,.0105813740571411,.0289411873297876,.7146513013684928,.,3723
A,apath,ln_tr_diff,ln_gaci_max,2.972687391033396,1.114582696809549,.0076512195725266,10.48610785540496,3723
A,apath_ols,ln_tr_diff,ln_gaci_max,1.135889483225455,.2459024904148076,3.85096360184e-06,.,3723
A,apath,ln_tr_hivw,ln_gaci_max,2.663269795220716,1.039085788697661,.0103745324049491,10.48610785540496,3723
A,apath_ols,ln_tr_hivw,ln_gaci_max,1.160895619212185,.2547046234737298,5.16894368302e-06,.,3723
A,apath,ln_nprod,ln_gaci_max,.4161438237699054,.7050191782690987,.5550171092171199,10.48610785540496,3723
A,apath_ols,ln_nprod,ln_gaci_max,.0555530028830578,.1292901550047205,.6674306336466391,.,3723
A,apath,ln_nflow,ln_gaci_max,1.941392452575299,.9595830693100015,.0430563996236496,10.48610785540496,3723
A,apath_ols,ln_nflow,ln_gaci_max,.627376729020772,.2156734954386029,.0036268081212465,.,3723
A,apath,ln_hitech,ln_gaci_max,3.683686715199856,5.013106791732307,.4624545218249254,1.91720133610252,1817
A,apath_ols,ln_hitech,ln_gaci_max,-.2681185830091546,.3490386924578831,.4423903966709853,.,1817
A,apath,ln_ict_serv,ln_gaci_max,4.979341318957609,3.162381634105628,.1153593790464211,7.206845167048036,3144
A,apath_ols,ln_ict_serv,ln_gaci_max,-.1066773041712179,.3347408288958454,.7499644317201943,.,3144
A,apath,labsh,ln_gaci_max,-.1238430625096422,.1276969961278887,.3321363713446649,15.16097741009586,2655
A,apath_ols,labsh,ln_gaci_max,-.0235441353147706,.0219861340475156,.2842310785785273,.,2655
A,apath,ln_labsh,ln_gaci_max,-.2562479533270769,.2764620368745079,.3539873011238003,15.16097741009586,2655
A,apath_ols,ln_labsh,ln_gaci_max,-.0713771231819965,.06031663816038,.2366610763310456,.,2655
A,apath,ln_priv_credit,ln_gaci_max,.1194174445187409,.9162402013689865,.8963020137622925,11.07379404296184,3081
A,apath_ols,ln_priv_credit,ln_gaci_max,.3554210976004899,.2104969895677652,.0913180856471068,.,3081
A,apath,gfcf_gdp,ln_gaci_max,-13.68875253514934,14.71207520846389,.352141582689725,7.913012581775663,3588
A,apath_ols,gfcf_gdp,ln_gaci_max,4.884533666687354,2.593175613372488,.0596176360002011,.,3588
A,apath,resource_rents,ln_gaci_max,-9.922809132453358,5.235708824623892,.0580635384331094,10.43053960149939,3548
A,apath_ols,resource_rents,ln_gaci_max,-2.569205563992606,1.576287225684293,.1031206201551137,.,3548
A,apath,remit_gdp,ln_gaci_max,12.29558603301612,16.22382052900535,.4485273659900576,7.301332525692369,3377
A,apath_ols,remit_gdp,ln_gaci_max,.1409958986169698,1.769867171294755,.9365039528642224,.,3377
A,apath,ind_va,ln_gaci_max,.5479297936193969,8.382423350683167,.9478821849658629,9.248765222926247,3665
A,apath_ols,ind_va,ln_gaci_max,2.321821154499724,2.063611576827978,.2605360320599895,.,3665
B,ln_share_topreg,ln_gini_mkt,ln_gaci_max,.7205145963696321,.5760856034608166,.2110412058758802,2.076182733081493,1469
B,ln_share_topreg,ln_gini_mkt,ln_share_topreg,.0055087915279606,.0389769591067427,.8876056454046619,2.076182733081493,1469
B,ln_theil_reg,ln_gini_mkt,ln_gaci_max,.6803636643683462,.5329793087358128,.2017685023366154,2.170349163740906,1469
B,ln_theil_reg,ln_gini_mkt,ln_theil_reg,.0163691531508348,.0127931223352067,.2007113258940878,2.170349163740906,1469
B,share_topreg,ln_gini_mkt,ln_gaci_max,.7261181048732895,.5780973025643346,.2090984772059598,2.070725522403702,1469
B,share_topreg,ln_gini_mkt,share_topreg,.0861720570781558,.1191700921207934,.46961760662438,2.070725522403702,1469
B,ln_largest_city,ln_gini_mkt,ln_gaci_max,.5115309032985667,.2146700931251147,.0171782641203708,9.295528081668271,3270
B,ln_largest_city,ln_gini_mkt,ln_largest_city,-.0052573775186159,.0573318951661613,.9269358051912615,9.295528081668271,3270
B,primacy,ln_gini_mkt,ln_gaci_max,.5154588102914185,.2175690967138842,.0178279164645375,8.96709809660199,3270
B,primacy,ln_gini_mkt,primacy,.0005209765374961,.0014130040985566,.7123503324650892,8.96709809660199,3270
B,urban,ln_gini_mkt,ln_gaci_max,.5041941352829905,.1956102349572814,.0099504994734482,10.84875612363056,3735
B,urban,ln_gini_mkt,urban,-.0007460330553105,.0013062453709244,.5679130098940569,10.84875612363056,3735
B,sh_diff,ln_gini_mkt,ln_gaci_max,.5329650311879979,.2052519130799881,.0094140928644817,10.38111768507849,3723
B,sh_diff,ln_gini_mkt,sh_diff,-.084139482055707,.046627505774445,.0711524624072385,10.38111768507849,3723
B,sh_homog,ln_gini_mkt,ln_gaci_max,.5342521031417059,.206411200781648,.0096453662735887,10.82522102538543,3723
B,sh_homog,ln_gini_mkt,sh_homog,.0857346912866191,.0545731691896856,.1161816166850411,10.82522102538543,3723
B,sh_hivw,ln_gini_mkt,ln_gaci_max,.5198709963130651,.2033511368623045,.0105725369942937,10.07948894882439,3723
B,sh_hivw,ln_gini_mkt,sh_hivw,-.0658903406392804,.0462333284991036,.1541081418842794,10.07948894882439,3723
B,sh_x_hivw3,ln_gini_mkt,ln_gaci_max,.5054209318285455,.1971084622973998,.0103420870225634,10.30572001766534,3723
B,sh_x_hivw3,ln_gini_mkt,sh_x_hivw3,-.0022531197629123,.0227363539986961,.9210607200512888,10.30572001766534,3723
B,sh_capital,ln_gini_mkt,ln_gaci_max,.5167616525883079,.2005883092695133,.0099884133478825,10.29746306041213,3723
B,sh_capital,ln_gini_mkt,sh_capital,-.0740279367730976,.0635380714487055,.2439802385127567,10.29746306041213,3723
B,sh_interm,ln_gini_mkt,ln_gaci_max,.5052462826648902,.1923455587588767,.0086201236542309,11.13358171336455,3723
B,sh_interm,ln_gini_mkt,sh_interm,.0011329487761823,.0520306189647545,.9826277117914994,11.13358171336455,3723
B,ln_tr_diff,ln_gini_mkt,ln_gaci_max,.7054162220050042,.3001972173491851,.0187813491703383,6.478692704036654,3723
B,ln_tr_diff,ln_gini_mkt,ln_tr_diff,-.0674360030967918,.0271338758895487,.0129439868633998,6.478692704036654,3723
B,ln_tr_hivw,ln_gini_mkt,ln_gaci_max,.6515196909349683,.2686956392470122,.0153189413165966,7.251886726969475,3723
B,ln_tr_hivw,ln_gini_mkt,ln_tr_hivw,-.055033712806907,.0221583868815193,.0130042972175623,7.251886726969475,3723
B,ln_nprod,ln_gini_mkt,ln_gaci_max,.5107499186250696,.2008727553595772,.0110014103456977,10.11615600099816,3723
B,ln_nprod,ln_gini_mkt,ln_nprod,-.0139371351833289,.0138870316460818,.3155676273121104,10.11615600099816,3723
B,ln_nflow,ln_gini_mkt,ln_gaci_max,.5857942519782975,.2497610607431407,.019005725145796,7.497057708107157,3723
B,ln_nflow,ln_gini_mkt,ln_nflow,-.0416423716768727,.0232040930990767,.0727153492069729,7.497057708107157,3723
B,ln_hitech,ln_gini_mkt,ln_gaci_max,.9394995226587655,.696789194690972,.1775533063874919,1.958141027530369,1817
B,ln_hitech,ln_gini_mkt,ln_hitech,-.0001186663453841,.0031043273565403,.9695074068351605,1.958141027530369,1817
B,ln_ict_serv,ln_gini_mkt,ln_gaci_max,.680163881955531,.3057451942762732,.0261074163890984,7.38016775987492,3144
B,ln_ict_serv,ln_gini_mkt,ln_ict_serv,.006953472072043,.0037811807822306,.0659198302131277,7.38016775987492,3144
B,labsh,ln_gini_mkt,ln_gaci_max,.4260551946957493,.1586857540512173,.0072551764885498,14.77554871349101,2655
B,labsh,ln_gini_mkt,labsh,-.0272255130665409,.0906365101201714,.7638863231454041,14.77554871349101,2655
B,ln_labsh,ln_gini_mkt,ln_gaci_max,.4268822215984346,.1592470834393124,.007348411235104,15.02220799485026,2655
B,ln_labsh,ln_gini_mkt,ln_labsh,-.0099304754665618,.0398576232879973,.8032457512263016,15.02220799485026,2655
B,ln_priv_credit,ln_gini_mkt,ln_gaci_max,.5141228673877251,.1963913796206993,.0088486095941104,11.46228492857999,3081
B,ln_priv_credit,ln_gini_mkt,ln_priv_credit,-.0105434614370616,.0107023783346982,.3245497805366551,11.46228492857999,3081
B,gfcf_gdp,ln_gini_mkt,ln_gaci_max,.5680917839156367,.2438028392082391,.0197993952261747,8.4522058060512,3588
B,gfcf_gdp,ln_gini_mkt,gfcf_gdp,-.0011380421694616,.0006356235218563,.0733841168190751,8.4522058060512,3588
B,resource_rents,ln_gini_mkt,ln_gaci_max,.472494529511278,.1887575317634068,.0123082096831062,10.37409852905989,3548
B,resource_rents,ln_gini_mkt,resource_rents,.0001484203630924,.0005567886124749,.7898040975814307,10.37409852905989,3548
B,remit_gdp,ln_gini_mkt,ln_gaci_max,.7542143701817434,.3385334158305152,.0258880170131594,7.317648288207519,3377
B,remit_gdp,ln_gini_mkt,remit_gdp,-.002246208508026,.0011630268461405,.0534401443366378,7.317648288207519,3377
B,ind_va,ln_gini_mkt,ln_gaci_max,.5392786686542779,.2189852843896076,.0137924029017011,9.226446587991733,3665
B,ind_va,ln_gini_mkt,ind_va,-.0013866280573604,.0008701666186159,.1110435473415041,9.226446587991733,3665
B,ln_share_topreg,ln_spt_b50,ln_gaci_max,-1.653615735891905,1.444414014904328,.252277508920164,2.076182733081493,1469
B,ln_share_topreg,ln_spt_b50,ln_share_topreg,.0101148942396459,.0982651642902418,.9180148051583208,2.076182733081493,1469
B,ln_theil_reg,ln_spt_b50,ln_gaci_max,-1.598059440637915,1.371720453999508,.244017484413658,2.170349163740906,1469
B,ln_theil_reg,ln_spt_b50,ln_theil_reg,-.0211408852914422,.0386218401263805,.5841165821729292,2.170349163740906,1469
B,share_topreg,ln_spt_b50,ln_gaci_max,-1.663012467395198,1.45158861531046,.2519400084552307,2.070725522403702,1469
B,share_topreg,ln_spt_b50,share_topreg,-.2255496774714026,.3246605108255678,.4872278428521843,2.070725522403702,1469
B,ln_largest_city,ln_spt_b50,ln_gaci_max,-.981543674455992,.4557252908558987,.0312554219263659,9.197755969993683,3249
B,ln_largest_city,ln_spt_b50,ln_largest_city,.0247128950966147,.1528775388803406,.8715802396157736,9.197755969993683,3249
B,primacy,ln_spt_b50,ln_gaci_max,-.9904918060638152,.4676431525561847,.0341707923226071,8.866947953080523,3249
B,primacy,ln_spt_b50,primacy,-.0007039773480073,.003322356803579,.8321921091165021,8.866947953080523,3249
B,urban,ln_spt_b50,ln_gaci_max,-.7842955045194197,.4127888995828616,.0574342020406102,10.71872834506042,3714
B,urban,ln_spt_b50,urban,.0008024715328375,.0024626696986837,.7445345866258425,10.71872834506042,3714
B,sh_diff,ln_spt_b50,ln_gaci_max,-.862886828778101,.4378059318348285,.0487313648118129,10.31372148164205,3706
B,sh_diff,ln_spt_b50,sh_diff,.1439196350316423,.0985653607847054,.1442504606635446,10.31372148164205,3706
B,sh_homog,ln_spt_b50,ln_gaci_max,-.8359060500400634,.4316746853565941,.0528155573619791,10.75576218172498,3706
B,sh_homog,ln_spt_b50,sh_homog,-.0611363423965873,.1072862181584515,.5687839224599647,10.75576218172498,3706
B,sh_hivw,ln_spt_b50,ln_gaci_max,-.8424352080347118,.4327877337455728,.0515908581746198,10.00362599228786,3706
B,sh_hivw,ln_spt_b50,sh_hivw,.1187583704220433,.0947072744082941,.2098594746967957,10.00362599228786,3706
B,sh_x_hivw3,ln_spt_b50,ln_gaci_max,-.8145301157498008,.4180438095400484,.051363242540538,10.24059935974294,3706
B,sh_x_hivw3,ln_spt_b50,sh_x_hivw3,-.0029320459661368,.058616669973253,.9601059049564422,10.24059935974294,3706
B,sh_capital,ln_spt_b50,ln_gaci_max,-.8280752408608524,.4230994080623615,.0503281034762099,10.21954057304048,3706
B,sh_capital,ln_spt_b50,sh_capital,.0783521242924813,.1342007258721394,.5593260961234174,10.21954057304048,3706
B,sh_interm,ln_spt_b50,ln_gaci_max,-.807400405167466,.4062503691670823,.0468730669008296,11.06743603450008,3706
B,sh_interm,ln_spt_b50,sh_interm,.0298460571776525,.126018630195645,.8127821204187543,11.06743603450008,3706
B,ln_tr_diff,ln_spt_b50,ln_gaci_max,-1.100137489591565,.6196186957618917,.0758141687216559,6.378481547012611,3706
B,ln_tr_diff,ln_spt_b50,ln_tr_diff,.0949205616287314,.0564352435370268,.092580928398654,6.378481547012611,3706
B,ln_tr_hivw,ln_spt_b50,ln_gaci_max,-1.020334934426266,.5616223753926748,.0692533606385711,7.136693063859769,3706
B,ln_tr_hivw,ln_spt_b50,ln_tr_hivw,.0759541355223934,.0471335326797295,.1070779603021203,7.136693063859769,3706
B,ln_nprod,ln_spt_b50,ln_gaci_max,-.8199700646511165,.4254648633168548,.0539505582039152,10.0607526930962,3706
B,ln_nprod,ln_spt_b50,ln_nprod,.0118123707995813,.0431336090388419,.7841957643866712,10.0607526930962,3706
B,ln_nflow,ln_spt_b50,ln_gaci_max,-.925519557182709,.5245141103664608,.077643214306791,7.42787742396796,3706
B,ln_nflow,ln_spt_b50,ln_nflow,.0565210346431309,.0505040334895384,.2630808347193573,7.42787742396796,3706
B,ln_hitech,ln_spt_b50,ln_gaci_max,-1.989074675917839,1.72988078073607,.2502125014778524,1.953135761290083,1807
B,ln_hitech,ln_spt_b50,ln_hitech,-.0013955492025618,.007826213806587,.8584738044119024,1.953135761290083,1807
B,ln_ict_serv,ln_spt_b50,ln_gaci_max,-1.084176558295658,.5872726915592916,.0648746111903423,7.297955886031091,3123
B,ln_ict_serv,ln_spt_b50,ln_ict_serv,-.0080329745952527,.00666145523905,.2278603505337291,7.297955886031091,3123
B,labsh,ln_spt_b50,ln_gaci_max,-.7791211872034564,.3507230600526677,.0263190613055329,14.57446514610312,2634
B,labsh,ln_spt_b50,labsh,.1893108252913399,.1768530699811737,.2844207300434575,14.57446514610312,2634
B,ln_labsh,ln_spt_b50,ln_gaci_max,-.7904100326842611,.356052504069705,.0264238252901443,14.83429486141979,2634
B,ln_labsh,ln_spt_b50,ln_labsh,.0502622746208336,.0872854834070727,.5647248684370645,14.83429486141979,2634
B,ln_priv_credit,ln_spt_b50,ln_gaci_max,-.8175726507501652,.4233402693031703,.0534530906924389,11.46389976066991,3079
B,ln_priv_credit,ln_spt_b50,ln_priv_credit,.0245974102911638,.019569316104561,.2087762120811806,11.46389976066991,3079
B,gfcf_gdp,ln_spt_b50,ln_gaci_max,-.9154931913884002,.5334223244020807,.0861138510038563,8.332295354284614,3567
B,gfcf_gdp,ln_spt_b50,gfcf_gdp,.0027681676610683,.001411852516593,.0499182925164696,8.332295354284614,3567
B,resource_rents,ln_spt_b50,ln_gaci_max,-.7402480312384858,.4493344621488775,.0994692552317137,10.26235311865219,3527
B,resource_rents,ln_spt_b50,resource_rents,-.0004078881923936,.0011962815643156,.7331311584145026,10.26235311865219,3527
B,remit_gdp,ln_spt_b50,ln_gaci_max,-1.182842305579084,.6669498636890735,.076144223225135,7.210907470788881,3356
B,remit_gdp,ln_spt_b50,remit_gdp,.0019504577137732,.001703220021109,.2521433042639575,7.210907470788881,3356
B,ind_va,ln_spt_b50,ln_gaci_max,-.8173404402699006,.4672405433404325,.0802404487659619,9.102435999914439,3644
B,ind_va,ln_spt_b50,ind_va,.0021640036752173,.0017580576955809,.2183580425686687,9.102435999914439,3644
B,ln_share_topreg,ln_apt_top_bot,ln_gaci_max,3.139452714020214,2.808302605821147,.2636019129450124,2.079225806474653,1468
B,ln_share_topreg,ln_apt_top_bot,ln_share_topreg,.0680365533253812,.2298172156843903,.7671946666943608,2.079225806474653,1468
B,ln_theil_reg,ln_apt_top_bot,ln_gaci_max,3.136299683195097,2.758180730302436,.2555006704819696,2.173173156411806,1468
B,ln_theil_reg,ln_apt_top_bot,ln_theil_reg,.0070741018126017,.0693070238352379,.9187018702794544,2.173173156411806,1468
B,share_topreg,ln_apt_top_bot,ln_gaci_max,3.18833468652229,2.793919326609341,.2537995182329083,2.073534105029988,1468
B,share_topreg,ln_apt_top_bot,share_topreg,.6700958996831302,.6708185331897687,.3178321104294324,2.073534105029988,1468
B,ln_largest_city,ln_apt_top_bot,ln_gaci_max,1.40330554284508,.8366806492131513,.0934975947718508,9.172253661665451,3246
B,ln_largest_city,ln_apt_top_bot,ln_largest_city,-.2313565427107178,.1966493005854555,.2393978932603066,9.172253661665451,3246
B,primacy,ln_apt_top_bot,ln_gaci_max,1.416009073065093,.8568429193505126,.0984145644886843,8.832244266992467,3246
B,primacy,ln_apt_top_bot,primacy,-.0052474273535368,.0052099407187265,.3138409728882534,8.832244266992467,3246
B,urban,ln_apt_top_bot,ln_gaci_max,1.21063104817005,.7456487359622748,.1044624197193349,10.67419587183897,3711
B,urban,ln_apt_top_bot,urban,.0036502544740372,.0045251129330886,.4198589727301236,10.67419587183897,3711
B,sh_diff,ln_apt_top_bot,ln_gaci_max,1.371414360396835,.7927318915554409,.083632937438793,10.27359333233127,3703
B,sh_diff,ln_apt_top_bot,sh_diff,-.2299759501169678,.1328278344134387,.08338334823163,10.27359333233127,3703
B,sh_homog,ln_apt_top_bot,ln_gaci_max,1.341342678189876,.7974558358160925,.0925634996142919,10.710293175563,3703
B,sh_homog,ln_apt_top_bot,sh_homog,.1365816667152172,.1721579150134009,.4275733078485684,10.710293175563,3703
B,sh_hivw,ln_apt_top_bot,ln_gaci_max,1.373561360325428,.7898457929322343,.0820304145038954,9.968021096918525,3703
B,sh_hivw,ln_apt_top_bot,sh_hivw,-.3447733527473536,.1581413178913525,.029245614203503,9.968021096918525,3703
B,sh_x_hivw3,ln_apt_top_bot,ln_gaci_max,1.304104365250892,.7696791409043922,.0901991615927684,10.2016549108236,3703
B,sh_x_hivw3,ln_apt_top_bot,sh_x_hivw3,-.0446558603553262,.0720831417010354,.5355837870210669,10.2016549108236,3703
B,sh_capital,ln_apt_top_bot,ln_gaci_max,1.329474055706744,.7726791720375769,.0853228994632784,10.17933064240132,3703
B,sh_capital,ln_apt_top_bot,sh_capital,-.2095047452186351,.2169880333500296,.3342879781844354,10.17933064240132,3703
B,sh_interm,ln_apt_top_bot,ln_gaci_max,1.277691599951376,.743980977181553,.0859113466857109,11.02017899984707,3703
B,sh_interm,ln_apt_top_bot,sh_interm,-.0661576786057695,.1652664435367847,.6889287890161451,11.02017899984707,3703
B,ln_tr_diff,ln_apt_top_bot,ln_gaci_max,1.822974969094765,1.110626398354681,.1007157549490515,6.350007184445529,3703
B,ln_tr_diff,ln_apt_top_bot,ln_tr_diff,-.1756608505547508,.0956282138157887,.0662225214756116,6.350007184445529,3703
B,ln_tr_hivw,ln_apt_top_bot,ln_gaci_max,1.706660482536062,1.015503416342162,.0928395944130265,7.112333582692929,3703
B,ln_tr_hivw,ln_apt_top_bot,ln_tr_hivw,-.1525918169210512,.0805140472301678,.0580632873447541,7.112333582692929,3703
B,ln_nprod,ln_apt_top_bot,ln_gaci_max,1.300118607737476,.7697030935493411,.0911970037922074,10.02090761171991,3703
B,ln_nprod,ln_apt_top_bot,ln_nprod,-.0127216898607127,.0535992211252867,.8123865098199545,10.02090761171991,3703
B,ln_nflow,ln_apt_top_bot,ln_gaci_max,1.479645152341734,.9361841430712888,.1139909124250737,7.393428088103837,3703
B,ln_nflow,ln_apt_top_bot,ln_nflow,-.0942741174938958,.0786050133869777,.2303958627925412,7.393428088103837,3703
B,ln_hitech,ln_apt_top_bot,ln_gaci_max,3.919445144777451,3.559690860437119,.2708690864859373,1.946293142209586,1804
B,ln_hitech,ln_apt_top_bot,ln_hitech,.0055316061272539,.0167883929400274,.7417854170584852,1.946293142209586,1804
B,ln_ict_serv,ln_apt_top_bot,ln_gaci_max,1.6992687825356,1.120490100729422,.1293827003791516,7.248960163266347,3120
B,ln_ict_serv,ln_apt_top_bot,ln_ict_serv,.0148612910829096,.0097898859988931,.1290081121568315,7.248960163266347,3120
B,labsh,ln_apt_top_bot,ln_gaci_max,1.238375520877752,.7008030305265488,.0772147115707223,14.57646418474705,2633
B,labsh,ln_apt_top_bot,labsh,-.0998151520839319,.2946919896415394,.7348281343287568,14.57646418474705,2633
B,ln_labsh,ln_apt_top_bot,ln_gaci_max,1.248819319022247,.7062646771556075,.0770269733128577,14.83605996711769,2633
B,ln_labsh,ln_apt_top_bot,ln_labsh,-.0097179138603285,.1394582322996359,.9444457111838178,14.83605996711769,2633
B,ln_priv_credit,ln_apt_top_bot,ln_gaci_max,1.615749207907544,.7921995714060215,.0413928293086398,11.44012163275667,3076
B,ln_priv_credit,ln_apt_top_bot,ln_priv_credit,-.0087512413891921,.034156990045595,.7977914233062617,11.44012163275667,3076
B,gfcf_gdp,ln_apt_top_bot,ln_gaci_max,1.487425321439033,.954994692002506,.1193465818846208,8.287148695153141,3564
B,gfcf_gdp,ln_apt_top_bot,gfcf_gdp,-.0047836690525411,.0021819237599643,.0283499951615895,8.287148695153141,3564
B,resource_rents,ln_apt_top_bot,ln_gaci_max,1.315015246685961,.8342103275483528,.1149430118056234,10.20525794914697,3524
B,resource_rents,ln_apt_top_bot,resource_rents,.001308965059043,.001875459491159,.4852124295536779,10.20525794914697,3524
B,remit_gdp,ln_apt_top_bot,ln_gaci_max,2.001294684132676,1.235069981196675,.1051485896748237,7.158446773188116,3353
B,remit_gdp,ln_apt_top_bot,remit_gdp,-.0006164415361142,.0035254309174571,.8611930546807995,7.158446773188116,3353
B,ind_va,ln_apt_top_bot,ln_gaci_max,1.308322615772989,.8482944909659272,.1230012752232967,9.049337411238197,3641
B,ind_va,ln_apt_top_bot,ind_va,-.0033869836494795,.0026479078061708,.200855889882325,9.049337411238197,3641
C,share_topreg_1,ln_gini_mkt,ln_gaci_max,.3831645343215882,.3616182242625437,.2893343365778846,3.084016123014897,1047
C,share_topreg_2,ln_gini_mkt,ln_gaci_max,-5.559781727239972,38.85553205712944,.8862202479563852,.0203893805230054,1006
C,share_topreg_1,ln_spt_b50,ln_gaci_max,-.318377947108566,.5773837659776651,.5813493654113189,3.084016123014897,1047
C,share_topreg_2,ln_spt_b50,ln_gaci_max,15.27960902049919,107.1680035310695,.8866248780043209,.0203893805230054,1006
C,share_topreg_1,ln_apt_top_bot,ln_gaci_max,.9729465927642378,1.213951027552992,.4228590029617069,3.086746346848674,1046
C,share_topreg_2,ln_apt_top_bot,ln_gaci_max,-37.59456722949701,283.8714246793228,.8946400789549197,.0178116601150613,1005
C,sh_diff_1,ln_gini_mkt,ln_gaci_max,.2642756558452161,.1976105153735225,.1811063812677332,4.658628781877225,1758
C,sh_diff_2,ln_gini_mkt,ln_gaci_max,.9540504706869291,.871164547203232,.2734536333256244,1.618695585196988,1977
C,sh_diff_1,ln_spt_b50,ln_gaci_max,-.7908372141440243,.6237858583821083,.2048685215881574,4.658628781877225,1758
C,sh_diff_2,ln_spt_b50,ln_gaci_max,-1.028426391841088,1.137445941546252,.3659137041560455,1.489224846755043,1956
C,sh_diff_1,ln_apt_top_bot,ln_gaci_max,1.124081522666554,1.077360204726194,.2967785927337268,4.680801664676388,1757
C,sh_diff_2,ln_apt_top_bot,ln_gaci_max,2.016743593656023,2.391131935465576,.3989900605491247,1.406049397336625,1954
C,labsh_1,ln_gini_mkt,ln_gaci_max,.6121044211156208,.2548988155179772,.0163341527039617,7.288203417637979,1482
C,labsh_2,ln_gini_mkt,ln_gaci_max,.3242729119699408,.3125964246834764,.2995712649922891,5.409563194335659,1506
C,labsh_1,ln_spt_b50,ln_gaci_max,-1.232705859573964,.5651882831293372,.0291794626951663,7.288203417637979,1482
C,labsh_2,ln_spt_b50,ln_gaci_max,-.536203049203601,.6465115295722422,.4068900127765763,5.262235145713329,1485
C,labsh_1,ln_apt_top_bot,ln_gaci_max,2.321082274285255,1.146421892790536,.042905181556383,7.319187989304635,1480
C,labsh_2,ln_apt_top_bot,ln_gaci_max,.4898405495040004,1.04823488890064,.6402849930874526,5.262235145713329,1485
C,sh_hivw_1,ln_gini_mkt,ln_gaci_max,.2080817919934559,.1666859062185583,.2119041387213803,5.363581576848921,1667
C,sh_hivw_2,ln_gini_mkt,ln_gaci_max,.7315003292399183,.4249415023815808,.0851756923707437,5.158688909471521,2068
C,sh_hivw_1,ln_spt_b50,ln_gaci_max,-.8433324330890756,.61791016936038,.1723115259900696,5.363581576848921,1667
C,sh_hivw_2,ln_spt_b50,ln_gaci_max,-.604823441765895,.5948624167456158,.3092747094492972,5.054932057102465,2047
C,sh_hivw_1,ln_apt_top_bot,ln_gaci_max,1.256243359855184,1.127664573063653,.2652696661908029,5.4089658784662,1666
C,sh_hivw_2,ln_apt_top_bot,ln_gaci_max,1.159014541853161,1.048547022066638,.2690066833994678,4.952413889577123,2045
