iv,treat,outcome,model,b,se,p,kpf,N
tourism_int,ln_gaci_cwm,firststage,FS,.0242366774833358,.009201719433535,.0084770241820741,6.937583017525838,3735
tourism_int,ln_gaci_cwm,ln_gini_mkt,OLS,.0785823896714113,.0085709595609828,7.93291132339e-20,.,3735
tourism_int,ln_gaci_cwm,ln_gini_mkt,IV,.7263194628550204,.3127574009914479,.0202162799379174,6.937583017525656,3735
tourism_int,ln_gaci_cwm,ln_gini_mkt,IVcl,.7263194628550204,.5467226001999633,.1840138962961251,2.118262604563459,3735
tourism_int,ln_gaci_cwm,ln_gini_disp,OLS,.0596422321246623,.009854928839871,1.57945728825e-09,.,3735
tourism_int,ln_gaci_cwm,ln_gini_disp,IV,.6070943200182164,.2828963432830405,.0318733263350463,6.937583017525656,3735
tourism_int,ln_gaci_cwm,ln_gini_disp,IVcl,.6070943200182164,.5300778755085535,.2520879298917798,2.118262604563459,3735
tourism_int,ln_gaci_cwm,gini_mkt,OLS,3.185787116512187,.381220659642625,9.13953081098e-17,.,3735
tourism_int,ln_gaci_cwm,gini_mkt,IV,31.50574993715149,13.93669479654897,.0237820024217221,6.937583017525656,3735
tourism_int,ln_gaci_cwm,gini_mkt,IVcl,31.50574993715149,24.4983305153302,.1984302850160979,2.118262604563459,3735
tourism_int,ln_gaci_cwm,gini_disp,OLS,2.860405546209637,.3789213230403309,5.55434575965e-14,.,3735
tourism_int,ln_gaci_cwm,gini_disp,IV,22.56730321408537,10.75585435179312,.0358926571067247,6.937583017525656,3735
tourism_int,ln_gaci_cwm,gini_disp,IVcl,22.56730321408537,20.87925876914433,.2797647725602775,2.118262604563459,3735
tourism_int,ln_gaci_cwm,abs_red,OLS,.1223430257982297,.3691699251787688,.7403807334900916,.,1898
tourism_int,ln_gaci_cwm,abs_red,IV,164.6475024101956,1240.821194404017,.8944366790325723,.0178305146662771,1898
tourism_int,ln_gaci_cwm,abs_red,IVcl,164.6475024101956,2162.856597751018,.9393196345724794,.0056468568434885,1898
tourism_int,ln_gaci_max,firststage,FS,.0376184962711499,.0102114286705985,.000233070381312,13.57156236809832,3735
tourism_int,ln_gaci_max,ln_gini_mkt,OLS,.0610000021683161,.0075683691425538,1.03443238638e-15,.,3735
tourism_int,ln_gaci_max,ln_gini_mkt,IV,.4679498734931418,.1646936276268977,.0044925002983692,13.57156236809967,3735
tourism_int,ln_gaci_max,ln_gini_mkt,IVcl,.4679498734931418,.2604816837703339,.0724183704019755,3.476715041412467,3735
tourism_int,ln_gaci_max,ln_gini_disp,OLS,.0500270469536728,.0088444046398309,1.66878744835e-08,.,3735
tourism_int,ln_gaci_max,ln_gini_disp,IV,.3911360286756297,.1511498818846968,.0096608921214592,13.57156236809967,3735
tourism_int,ln_gaci_max,ln_gini_disp,IVcl,.3911360286756297,.283773906260973,.168099314566137,3.476715041412467,3735
tourism_int,ln_gaci_max,gini_mkt,OLS,2.462695333582017,.3388587496839982,4.47928434743e-13,.,3735
tourism_int,ln_gaci_max,gini_mkt,IV,20.29838445942822,7.414029796162048,.0061845243561252,13.57156236809967,3735
tourism_int,ln_gaci_max,gini_mkt,IVcl,20.29838445942822,11.95787395601871,.0896038547739012,3.476715041412467,3735
tourism_int,ln_gaci_max,gini_disp,OLS,2.459802235457077,.3427150963326206,8.61485188723e-13,.,3735
tourism_int,ln_gaci_max,gini_disp,IV,14.53956175510137,5.810567649161225,.01234026171085,13.57156236809967,3735
tourism_int,ln_gaci_max,gini_disp,IVcl,14.53956175510137,11.45734001588784,.2044349230717303,3.476715041412467,3735
tourism_int,ln_gaci_max,abs_red,OLS,-.1193973957483801,.318515152420616,.7078115619190615,.,1898
tourism_int,ln_gaci_max,abs_red,IV,20.14984658694538,25.48138630764501,.4290798057817313,.9533520360712398,1898
tourism_int,ln_gaci_max,abs_red,IVcl,20.14984658694538,41.66514403473796,.6286598436255837,.2388598416946432,1898
tourism_int,ln_gaci_sum,firststage,FS,.067738706096677,.0225593421618311,.0026947496080886,9.016145899962073,3735
tourism_int,ln_gaci_sum,ln_gini_mkt,OLS,.0081766073338031,.0023363795972602,.0004715373081706,.,3735
tourism_int,ln_gaci_sum,ln_gini_mkt,IV,.2598746209584065,.0991893518458961,.0087933616576709,9.016145899962911,3735
tourism_int,ln_gaci_sum,ln_gini_mkt,IVcl,.2598746209584065,.1906923973664655,.1729471682235063,2.429047336371456,3735
tourism_int,ln_gaci_sum,ln_gini_disp,OLS,.0086655989169367,.0029651048446731,.0034940141282816,.,3735
tourism_int,ln_gaci_sum,ln_gini_disp,IV,.2172162724107359,.0927338650586651,.0191621240184359,9.016145899962911,3735
tourism_int,ln_gaci_sum,ln_gini_disp,IVcl,.2172162724107359,.1872483081460099,.2460309008967807,2.429047336371456,3735
tourism_int,ln_gaci_sum,gini_mkt,OLS,.3505002765923323,.1058014116030341,.0009329016194868,.,3735
tourism_int,ln_gaci_sum,gini_mkt,IV,11.27264962822824,4.418831510831869,.0107399648878364,9.016145899962911,3735
tourism_int,ln_gaci_sum,gini_mkt,IVcl,11.27264962822824,8.590926451761636,.1894669570014347,2.429047336371456,3735
tourism_int,ln_gaci_sum,gini_disp,OLS,.5266669639962559,.1239643313585555,.000022070956889,.,3735
tourism_int,ln_gaci_sum,gini_disp,IV,8.074503945909683,3.491719283997615,.020751672889873,9.016145899962911,3735
tourism_int,ln_gaci_sum,gini_disp,IVcl,8.074503945909683,7.237939566106516,.2646017602900933,2.429047336371456,3735
tourism_int,ln_gaci_sum,abs_red,OLS,-.0532876202981588,.1024216436669068,.6029345780145207,.,1898
tourism_int,ln_gaci_sum,abs_red,IV,4.710331507666224,3.771194737984436,.2116544753669319,4.445402735919205,1898
tourism_int,ln_gaci_sum,abs_red,IVcl,4.710331507666224,7.789380124591864,.5453703841683275,1.08557034342801,1898
feyrer_int,ln_gaci_cwm,firststage,FS,.1216242048724214,.0133365942377407,1.23371114227e-19,83.16683072380373,3735
feyrer_int,ln_gaci_cwm,ln_gini_mkt,OLS,.0785823896714113,.0085709595609828,7.93291132339e-20,.,3735
feyrer_int,ln_gaci_cwm,ln_gini_mkt,IV,.5953966132168492,.0758597012923877,4.20523139100e-15,83.1668307238258,3735
feyrer_int,ln_gaci_cwm,ln_gini_mkt,IVcl,.5953966132168492,.2399751688684028,.0130986470536414,8.775727808919473,3735
feyrer_int,ln_gaci_cwm,ln_gini_disp,OLS,.0596422321246623,.009854928839871,1.57945728825e-09,.,3735
feyrer_int,ln_gaci_cwm,ln_gini_disp,IV,.7829725700884101,.0960418400200763,3.56738954242e-16,83.1668307238258,3735
feyrer_int,ln_gaci_cwm,ln_gini_disp,IVcl,.7829725700884101,.3015196857467665,.0094109187741083,8.775727808919473,3735
feyrer_int,ln_gaci_cwm,gini_mkt,OLS,3.185787116512187,.381220659642625,9.13953081098e-17,.,3735
feyrer_int,ln_gaci_cwm,gini_mkt,IV,28.95054170216127,3.67717820009139,3.46148022446e-15,83.1668307238258,3735
feyrer_int,ln_gaci_cwm,gini_mkt,IVcl,28.95054170216127,11.65503218630823,.0129933283372359,8.775727808919473,3735
feyrer_int,ln_gaci_cwm,gini_disp,OLS,2.860405546209637,.3789213230403309,5.55434575965e-14,.,3735
feyrer_int,ln_gaci_cwm,gini_disp,IV,36.17712195194805,4.358268019494585,1.03410502706e-16,83.1668307238258,3735
feyrer_int,ln_gaci_cwm,gini_disp,IVcl,36.17712195194805,13.75671913591477,.0085440558146445,8.775727808919473,3735
feyrer_int,ln_gaci_cwm,abs_red,OLS,.1223430257982297,.3691699251787688,.7403807334900916,.,1898
feyrer_int,ln_gaci_cwm,abs_red,IV,-6.745058323705481,1.936413236032476,.0004953207060925,51.28591543904599,1898
feyrer_int,ln_gaci_cwm,abs_red,IVcl,-6.745058323705481,6.071275795315261,.2665775012032129,6.144856980372668,1898
feyrer_int,ln_gaci_max,firststage,FS,.1462496556809101,.0147377273491962,6.53209781075e-23,98.47560760039322,3735
feyrer_int,ln_gaci_max,ln_gini_mkt,OLS,.0610000021683161,.0075683691425538,1.03443238638e-15,.,3735
feyrer_int,ln_gaci_max,ln_gini_mkt,IV,.4951440010513758,.0616821352048638,9.96017774015e-16,98.47560760037869,3735
feyrer_int,ln_gaci_max,ln_gini_mkt,IVcl,.4951440010513758,.193650702020258,.0105611891303134,10.63404404974504,3735
feyrer_int,ln_gaci_max,ln_gini_disp,OLS,.0500270469536728,.0088444046398309,1.66878744835e-08,.,3735
feyrer_int,ln_gaci_max,ln_gini_disp,IV,.6511360032305992,.0771899905981238,3.29795760911e-17,98.47560760037869,3735
feyrer_int,ln_gaci_max,ln_gini_disp,IVcl,.6511360032305992,.2414552648220629,.0070027202720086,10.63404404974504,3735
feyrer_int,ln_gaci_max,gini_mkt,OLS,2.462695333582017,.3388587496839982,4.47928434743e-13,.,3735
feyrer_int,ln_gaci_max,gini_mkt,IV,24.07586259781429,2.970878752307885,5.32015444010e-16,98.47560760037869,3735
feyrer_int,ln_gaci_max,gini_mkt,IVcl,24.07586259781429,9.350548529130478,.0100295885908022,10.63404404974504,3735
feyrer_int,ln_gaci_max,gini_disp,OLS,2.459802235457077,.3427150963326206,8.61485188723e-13,.,3735
feyrer_int,ln_gaci_max,gini_disp,IV,30.08563453700243,3.486721303853866,6.20901884838e-18,98.47560760037869,3735
feyrer_int,ln_gaci_max,gini_disp,IVcl,30.08563453700243,10.9790690938718,.0061388376097141,10.63404404974504,3735
feyrer_int,ln_gaci_max,abs_red,OLS,-.1193973957483801,.318515152420616,.7078115619190615,.,1898
feyrer_int,ln_gaci_max,abs_red,IV,-5.639356216841472,1.642988976063509,.0005983170314188,51.9172816076517,1898
feyrer_int,ln_gaci_max,abs_red,IVcl,-5.639356216841472,5.191000499837044,.2773145616298623,6.675240165437672,1898
feyrer_int,ln_gaci_sum,firststage,FS,.3641305052057678,.0341891665538468,4.28841833912e-26,113.4323944018453,3735
feyrer_int,ln_gaci_sum,ln_gini_mkt,OLS,.0081766073338031,.0023363795972602,.0004715373081706,.,3735
feyrer_int,ln_gaci_sum,ln_gini_mkt,IV,.1988700167411431,.0258542324050985,1.44884987663e-14,113.4323944021223,3735
feyrer_int,ln_gaci_sum,ln_gini_mkt,IVcl,.1988700167411431,.076914750113934,.0097212460449458,17.97154693839483,3735
feyrer_int,ln_gaci_sum,ln_gini_disp,OLS,.0086655989169367,.0029651048446731,.0034940141282816,.,3735
feyrer_int,ln_gaci_sum,ln_gini_disp,IV,.2615227642630659,.0307863878546399,1.98354073530e-17,113.4323944021223,3735
feyrer_int,ln_gaci_sum,ln_gini_disp,IVcl,.2615227642630659,.0895077439298286,.0034802694462903,17.97154693839483,3735
feyrer_int,ln_gaci_sum,gini_mkt,OLS,.3505002765923323,.1058014116030341,.0009329016194868,.,3735
feyrer_int,ln_gaci_sum,gini_mkt,IV,9.669847938616126,1.215117700870265,1.74910642640e-15,113.4323944021223,3735
feyrer_int,ln_gaci_sum,gini_mkt,IVcl,9.669847938616126,3.601496211959057,.0072540013489054,17.97154693839483,3735
feyrer_int,ln_gaci_sum,gini_disp,OLS,.5266669639962559,.1239643313585555,.000022070956889,.,3735
feyrer_int,ln_gaci_sum,gini_disp,IV,12.08361735442046,1.368662326373925,1.05824481363e-18,113.4323944021223,3735
feyrer_int,ln_gaci_sum,gini_disp,IVcl,12.08361735442046,3.984712086773412,.002425415440343,17.97154693839483,3735
feyrer_int,ln_gaci_sum,abs_red,OLS,-.0532876202981588,.1024216436669068,.6029345780145207,.,1898
feyrer_int,ln_gaci_sum,abs_red,IV,-3.193779396770123,.950454101478213,.0007786722623293,45.20851444846207,1898
feyrer_int,ln_gaci_sum,abs_red,IVcl,-3.193779396770123,2.918077343082751,.2737441978976057,8.087053463286061,1898
