group,outcome,model,b,se,p,kpf,N,Nc
full,ln_gdppc,IV,1.294151764837022,.4284408473358779,.0025226789121833,10.63404404974496,3735,164
full,ln_gdppc,OLS,.746946006348061,.1208355267486699,4.90892325032e-09,.,3735,164
med_below,ln_gdppc,IV,1.220628540261376,.310771563927624,.0000857493989204,22.21452567714253,1706,82
med_below,ln_gdppc,OLS,.5695932388513638,.1687958332136359,.0011372606735836,.,1706,82
med_above,ln_gdppc,IV,2.154427584530757,2.492824415409564,.3874496709285171,.5258393779748872,2029,82
med_above,ln_gdppc,OLS,.8567681122544476,.1636050515016119,1.26355047694e-06,.,2029,82
ter_low,ln_gdppc,IV,1.718851445181183,.3838677883082509,7.54454094657e-06,19.68258234370333,1048,55
ter_low,ln_gdppc,OLS,.9634696492501382,.1243678106027693,2.52935700252e-10,.,1048,55
ter_mid,ln_gdppc,IV,.8906647866573272,.4763924089083283,.0615389363502078,8.11522991095859,1310,55
ter_mid,ln_gdppc,OLS,.5725042687890892,.2249589617375422,.0138205203607157,.,1310,55
ter_high,ln_gdppc,IV,.8708852303148802,1.519406140919785,.5665263810644359,.4396311530130774,1377,54
ter_high,ln_gdppc,OLS,.8466040094476578,.199470325120509,.000088624410286,.,1377,54
q1,ln_gdppc,IV,1.702374140007383,.396015696390693,.0000171760824763,20.30895158762645,752,41
q1,ln_gdppc,OLS,1.011048685667561,.1341147159396466,3.37086670155e-09,.,752,41
q2,ln_gdppc,IV,.7278114868461003,.4395600046751031,.0977678439841002,7.474428232035195,954,41
q2,ln_gdppc,OLS,.2416469877845182,.1292431110637322,.0688564673589815,.,954,41
q3,ln_gdppc,IV,3.221761675809536,10.92486401552188,.768068923933951,.0674147904962473,949,41
q3,ln_gdppc,OLS,.7649765533956416,.281853208074574,.0097583636595807,.,949,41
q4,ln_gdppc,IV,1.345894711491076,1.566940738400444,.3903783259599439,.413336285479482,1080,41
q4,ln_gdppc,OLS,.899901473916133,.2631084539230675,.0014531889212993,.,1080,41
full,lngdp,IV,1.458914184997267,.7387340838731975,.0482813039206104,10.63404404974496,3735,164
full,lngdp,OLS,.9724035759363747,.197750082393965,2.12547086638e-06,.,3735,164
med_below,lngdp,IV,1.425874404057175,.6200940772947087,.021479483842215,22.21452567714253,1706,82
med_below,lngdp,OLS,.7538336167990818,.2945128696580963,.0123387712762204,.,1706,82
med_above,lngdp,IV,1.795036537882488,3.450346031461679,.6028905490015332,.5258393779748872,2029,82
med_above,lngdp,OLS,1.075746290024299,.2631005775966355,.0001016265124186,.,2029,82
ter_low,lngdp,IV,2.241685507030188,.689797115462421,.001154962983257,19.68258234370333,1048,55
ter_low,lngdp,OLS,1.443584000471837,.1410441073697141,2.98604899125e-14,.,1048,55
ter_mid,lngdp,IV,1.370480427283809,.9190828765398695,.1359249746718848,8.11522991095859,1310,55
ter_mid,lngdp,OLS,.707506486580821,.388875344861226,.0744014006134051,.,1310,55
ter_high,lngdp,IV,-2.637549141816918,5.908366339959029,.6553016822302333,.4396311530130774,1377,54
ter_high,lngdp,OLS,1.071436560756751,.31006483469177,.0010893135534007,.,1377,54
q1,lngdp,IV,2.292645109352815,.7309003933285242,.0017083706526474,20.30895158762645,752,41
q1,lngdp,OLS,1.452514709862296,.1448991994568223,1.80061060732e-12,.,752,41
q2,lngdp,IV,.6208395432641373,1.03603256726661,.5490080979308016,7.474428232035195,954,41
q2,lngdp,OLS,.270983430925086,.2784607638494677,.336328400571648,.,954,41
q3,lngdp,IV,7.354113118972324,28.45820621848457,.7960843158455524,.0674147904962473,949,41
q3,lngdp,OLS,.9088199598059993,.4511907572741935,.0507399164264851,.,949,41
q4,lngdp,IV,-2.025380506972403,5.151817162335755,.6942167833299006,.413336285479482,1080,41
q4,lngdp,OLS,1.100243649207279,.4181224844711928,.0120199967883622,.,1080,41
full,ln_apt_all,IV,1.218594847649545,.4907802002355973,.0130290320695704,10.53188422775221,3714,163
full,ln_apt_all,OLS,.6675848974422889,.1235347175599744,2.29333216387e-07,.,3714,163
med_below,ln_apt_all,IV,1.318088835790455,.3328709096179525,.0000750251964233,22.12438765299476,1685,81
med_below,ln_apt_all,OLS,.6566489088776838,.1949602561622427,.0011661012736925,.,1685,81
med_above,ln_apt_all,IV,1.818203835598575,2.665816381336301,.4952111841448812,.5258393779748872,2029,82
med_above,ln_apt_all,OLS,.6924228317411709,.1749974284710783,.0001620618423435,.,2029,82
ter_low,ln_apt_all,IV,1.520384062587312,.3065734347299154,7.07542605168e-07,19.33969373388431,1027,54
ter_low,ln_apt_all,OLS,1.034041646057461,.1180980277459447,7.08225478863e-12,.,1027,54
ter_mid,ln_apt_all,IV,.738652625735122,.5802007123167856,.2029831100186359,8.11522991095859,1310,55
ter_mid,ln_apt_all,OLS,.4698735976028189,.2177334013769981,.0353910510506642,.,1310,55
ter_high,ln_apt_all,IV,1.356095232938772,1.813134803851458,.4545032729977109,.4396311530130774,1377,54
ter_high,ln_apt_all,OLS,.7383224545844541,.1957286235315766,.0004095032997478,.,1377,54
q1,ln_apt_all,IV,1.545361818153466,.319273955968093,1.29683961428e-06,19.99066495659853,731,40
q1,ln_apt_all,OLS,1.085475478654919,.1354772262421371,9.11629523491e-10,.,731,40
q2,ln_apt_all,IV,1.015034408831303,.6085602591855834,.095330114219263,7.474428232035195,954,41
q2,ln_apt_all,OLS,.3023369208586242,.1557342106684628,.0592819240364336,.,954,41
q3,ln_apt_all,IV,-1.406809245419073,10.33516523883538,.8917274455101416,.0674147904962473,949,41
q3,ln_apt_all,OLS,.5394132024417208,.3120333790103583,.0915749405506458,.,949,41
q4,ln_apt_all,IV,2.041130324283492,2.451921281096464,.4051484417337294,.413336285479482,1080,41
q4,ln_apt_all,OLS,.779163057062614,.246678202350757,.0030144904975951,.,1080,41
full,ln_gini_mkt,IV,.4951440010513835,.1936507020202601,.0105611891303131,10.63404404974496,3735,164
full,ln_gini_mkt,OLS,.0610000021683158,.0229814841853248,.0087345991694916,.,3735,164
med_below,ln_gini_mkt,IV,.3562342726482662,.1217729428951655,.0034401639459181,22.21452567714253,1706,82
med_below,ln_gini_mkt,OLS,.0816373592845846,.0304765703618329,.0089480126160069,.,1706,82
med_above,ln_gini_mkt,IV,1.585302447345479,2.277486056868648,.4863814933954459,.5258393779748872,2029,82
med_above,ln_gini_mkt,OLS,.0615425047229348,.0346978903326279,.0798766589133266,.,2029,82
ter_low,ln_gini_mkt,IV,.1218213045915853,.0957409546243365,.2032291278284699,19.68258234370333,1048,55
ter_low,ln_gini_mkt,OLS,.0166768978959045,.0422992521015488,.6949419272844286,.,1048,55
ter_mid,ln_gini_mkt,IV,.5537177646185945,.2187718506634832,.0113728643482954,8.11522991095859,1310,55
ter_mid,ln_gini_mkt,OLS,.1137477580825413,.0313558755293081,.0006350533761014,.,1310,55
ter_high,ln_gini_mkt,IV,1.409787255281321,2.307867942968777,.5412913946300056,.4396311530130774,1377,54
ter_high,ln_gini_mkt,OLS,.0350799716232683,.0485700346108312,.4733123262356884,.,1377,54
q1,ln_gini_mkt,IV,.0737617936071965,.0988919962538868,.4557384939509923,20.30895158762645,752,41
q1,ln_gini_mkt,OLS,.0324692659161112,.0419890361665472,.4439028780624499,.,752,41
q2,ln_gini_mkt,IV,.7199131751260218,.2751019564393165,.0088733404469848,7.474428232035195,954,41
q2,ln_gini_mkt,OLS,.114536492264858,.0498099656583848,.0267778911358664,.,954,41
q3,ln_gini_mkt,IV,2.189855547403103,8.472963617140485,.7960579840007828,.0674147904962473,949,41
q3,ln_gini_mkt,OLS,.0929879721357074,.035921397216556,.0133691914761203,.,949,41
q4,ln_gini_mkt,IV,1.565792999378135,2.640742207319559,.5532235083459982,.413336285479482,1080,41
q4,ln_gini_mkt,OLS,.0634476558329329,.0587082962998588,.2862915306377785,.,1080,41
full,ln_gini_disp,IV,.651136003230612,.2414552648220668,.0070027202720084,10.63404404974496,3735,164
full,ln_gini_disp,OLS,.0500270469536733,.0264190698932138,.0600503966646465,.,3735,164
med_below,ln_gini_disp,IV,.3986796912400343,.1376192734980022,.0037677893782088,22.21452567714253,1706,82
med_below,ln_gini_disp,OLS,.0766413145863571,.0481901179851039,.1156414841322021,.,1706,82
med_above,ln_gini_disp,IV,2.357981641742098,3.354530961591676,.4821028683016661,.5258393779748872,2029,82
med_above,ln_gini_disp,OLS,.0421694673386283,.0343088845935283,.2225884590381502,.,2029,82
ter_low,ln_gini_disp,IV,.1518198186513006,.1161496845426288,.1911770965612865,19.68258234370333,1048,55
ter_low,ln_gini_disp,OLS,.0207137415368107,.0701928940745022,.7690511010304713,.,1048,55
ter_mid,ln_gini_disp,IV,.6412354985075178,.2568338019679017,.0125356959742582,8.11522991095859,1310,55
ter_mid,ln_gini_disp,OLS,.0948924966713202,.0389442869128881,.0181522886709852,.,1310,55
ter_high,ln_gini_disp,IV,2.138385640501855,3.388611705249597,.5280074031716733,.4396311530130774,1377,54
ter_high,ln_gini_disp,OLS,.0207856332822381,.0462065233223828,.6546589090325121,.,1377,54
q1,ln_gini_disp,IV,.1024641624290529,.1221469176482506,.4015478805882248,20.30895158762645,752,41
q1,ln_gini_disp,OLS,.0393199981885878,.0715723101813395,.5858027481041541,.,752,41
q2,ln_gini_disp,IV,.765523577789529,.3008522253524911,.0109429010093016,7.474428232035195,954,41
q2,ln_gini_disp,OLS,.0926415667670402,.066309897340735,.1700862005378447,.,954,41
q3,ln_gini_disp,IV,3.184186447331899,12.57055908387397,.8000324724852794,.0674147904962473,949,41
q3,ln_gini_disp,OLS,.0383573844814318,.0416239185500686,.3623025544477811,.,949,41
q4,ln_gini_disp,IV,2.369910096733321,3.836752879483941,.536782074649091,.413336285479482,1080,41
q4,ln_gini_disp,OLS,.0661625990380281,.0525134304389616,.2150005222790337,.,1080,41
