defn,group,outcome,b,se,p,kpf,N,Nc
g_max96_t3,1_low,ln_gini_mkt,.1218213045915853,.0957409546243365,.2032291278284699,19.68258234370333,1048,55
g_max96_t3,2_mid,ln_gini_mkt,.5537177646185945,.2187718506634832,.0113728643482954,8.11522991095859,1310,55
g_max96_t3,3_high,ln_gini_mkt,1.409787255281321,2.307867942968777,.5412913946300056,.4396311530130774,1377,54
g_max9600_t3,1_low,ln_gini_mkt,.2561518136471374,.1008405538362691,.0110799654325705,30.75968103435084,1031,43
g_max9600_t3,2_mid,ln_gini_mkt,.857119744328566,.5279739864248706,.1045011835212563,2.611911404935985,1063,43
g_max9600_t3,3_high,ln_gini_mkt,1.22867123008187,1.820749616122906,.4997925839929936,.5813391510624815,1186,43
g_maxall_t3,1_low,ln_gini_mkt,.240890706625948,.1026199771541444,.0189046641218379,17.34093627073324,1025,55
g_maxall_t3,2_mid,ln_gini_mkt,.8712280270372942,.7002145091657157,.2134148580589044,2.397082803030476,1251,54
g_maxall_t3,3_high,ln_gini_mkt,.6069577379220981,.3647718164421387,.0961247920361704,5.213163540465486,1459,55
g_cwm96_t3,1_low,ln_gini_mkt,.1158620646864847,.0911971629622539,.2039219270896489,20.34532344534236,1067,55
g_cwm96_t3,2_mid,ln_gini_mkt,2.153987199702827,2.468335591760171,.3828551717258705,.7386113513370592,1288,55
g_cwm96_t3,3_high,ln_gini_mkt,.340274582625765,.4498626025293097,.4494113931204259,1.473560399743864,1380,54
g_sum96_t3,1_low,ln_gini_mkt,.3783844318851526,.1696250169678148,.025700262637925,13.02478440015125,1134,55
g_sum96_t3,2_mid,ln_gini_mkt,.3338124759538555,.2006927054489319,.0962521006695417,8.76464967589488,1191,54
g_sum96_t3,3_high,ln_gini_mkt,.6554029804558429,.5656669355414327,.2466039358937112,1.70018273771245,1410,55
g_share96_t3,1_low,ln_gini_mkt,.4827998915616036,.4859302157381253,.3204380618770854,1.785187773792446,1383,56
g_share96_t3,2_mid,ln_gini_mkt,.8045513083615589,.52456765285394,.1250931990359427,2.799474851206453,1221,54
g_share96_t3,3_high,ln_gini_mkt,.3586282674159367,.15212965905,.0184041250879486,16.96172664438059,1131,54
g_airma96_t3,1_low,ln_gini_mkt,-3.367188228907466,11.22853474653267,.7642703731393032,.0927268646606556,1268,55
g_airma96_t3,2_mid,ln_gini_mkt,-3.209858112570822,19.5213674954576,.8693942752319446,.030876583523258,1252,55
g_airma96_t3,3_high,ln_gini_mkt,.4484810723356681,.8983845344750404,.6176326039681381,.391625091761335,1215,54
g_max96_wcont,1_low,ln_gini_mkt,.3562342176555868,.142723388147082,.012561093561442,12.50943513268083,1199,56
g_max96_wcont,2_mid,ln_gini_mkt,.7634573203069884,.603887441072394,.206144692931671,1.952803153511826,1225,55
g_max96_wcont,3_high,ln_gini_mkt,.8463453963952264,.7370765493154358,.250866914149165,2.199740330371989,1234,50
g_max96_q4,1_q1,ln_gini_mkt,.0737617936071965,.0988919962538868,.4557384939509923,20.30895158762645,752,41
g_max96_q4,2_q2,ln_gini_mkt,.7199131751260218,.2751019564393165,.0088733404469848,7.474428232035195,954,41
g_max96_q4,3_q3,ln_gini_mkt,2.189855547403103,8.472963617140485,.7960579840007828,.0674147904962473,949,41
g_max96_q4,4_q4,ln_gini_mkt,1.565792999378135,2.640742207319559,.5532235083459982,.413336285479482,1080,41
g_max96_med,1_below,ln_gini_mkt,.3562342726482662,.1217729428951655,.0034401639459181,22.21452567714253,1706,82
g_max96_med,2_above,ln_gini_mkt,1.585302447345479,2.277486056868648,.4863814933954459,.5258393779748872,2029,82
g_max96_t3,1_low,ln_apt_all,1.520384062587312,.3065734347299154,7.07542605168e-07,19.33969373388431,1027,54
g_max96_t3,2_mid,ln_apt_all,.738652625735122,.5802007123167856,.2029831100186359,8.11522991095859,1310,55
g_max96_t3,3_high,ln_apt_all,1.356095232938772,1.813134803851458,.4545032729977109,.4396311530130774,1377,54
g_max9600_t3,1_low,ln_apt_all,1.440800661494637,.290005309152875,6.75817097306e-07,30.56808843185597,1010,42
g_max9600_t3,2_mid,ln_apt_all,.230205326746879,1.044552923883975,.8255701854000133,2.611911404935985,1063,43
g_max9600_t3,3_high,ln_apt_all,2.045557716499783,2.08299923575769,.3260874393656295,.5813391510624815,1186,43
g_maxall_t3,1_low,ln_apt_all,1.794569512469888,.3337893427659976,7.60094762484e-08,17.45246738311154,1004,54
g_maxall_t3,2_mid,ln_apt_all,.8403433887313112,1.532784592041607,.5835228359697335,2.397082803030476,1251,54
g_maxall_t3,3_high,ln_apt_all,.6742210241315243,.6053312944337474,.2653628502626619,5.213163540465486,1459,55
g_cwm96_t3,1_low,ln_apt_all,1.666769760044615,.3387907921360845,8.66499085465e-07,20.06243164499442,1046,54
g_cwm96_t3,2_mid,ln_apt_all,2.303755373133643,2.819762725568782,.4139265581692872,.7386113513370592,1288,55
g_cwm96_t3,3_high,ln_apt_all,.859315233861604,1.103201007848445,.4360215526159364,1.473560399743864,1380,54
g_sum96_t3,1_low,ln_apt_all,.9979654239286531,.4834942607272783,.039011192600826,13.02478440015125,1134,55
g_sum96_t3,2_mid,ln_apt_all,.313035121851442,.7639789024985689,.6819943733880505,8.549839834218144,1170,53
g_sum96_t3,3_high,ln_apt_all,1.602539036284574,1.146488847561698,.1621791800288903,1.70018273771245,1410,55
g_share96_t3,1_low,ln_apt_all,2.870953108833105,1.902824816312506,.1313537932299229,1.738765516347546,1362,55
g_share96_t3,2_mid,ln_apt_all,-.8267713563227365,1.512545315946431,.5846471693806132,2.799474851206453,1221,54
g_share96_t3,3_high,ln_apt_all,.8136869112794096,.457051522251408,.0750275620405401,16.96172664438059,1131,54
g_airma96_t3,1_low,ln_apt_all,-.7311291805238814,5.06471004706311,.8852181285502378,.0902482707280616,1247,54
g_airma96_t3,2_mid,ln_apt_all,-4.844650729380132,33.57641530723205,.8852735965984427,.030876583523258,1252,55
g_airma96_t3,3_high,ln_apt_all,-6.041719562445686,10.21402431563883,.5541773115092985,.391625091761335,1215,54
g_max96_wcont,1_low,ln_apt_all,.7727909209084153,.3795007713138054,.0417166699912778,12.50943513268083,1199,56
g_max96_wcont,2_mid,ln_apt_all,2.139921151308923,1.67700131722072,.2019412972565904,1.876571489506884,1204,54
g_max96_wcont,3_high,ln_apt_all,.2691227356121449,1.078099448693983,.8028758132403058,2.199740330371989,1234,50
g_max96_q4,1_q1,ln_apt_all,1.545361818153466,.319273955968093,1.29683961428e-06,19.99066495659853,731,40
g_max96_q4,2_q2,ln_apt_all,1.015034408831303,.6085602591855834,.095330114219263,7.474428232035195,954,41
g_max96_q4,3_q3,ln_apt_all,-1.406809245419073,10.33516523883538,.8917274455101416,.0674147904962473,949,41
g_max96_q4,4_q4,ln_apt_all,2.041130324283492,2.451921281096464,.4051484417337294,.413336285479482,1080,41
g_max96_med,1_below,ln_apt_all,1.318088835790455,.3328709096179525,.0000750251964233,22.12438765299476,1685,81
g_max96_med,2_above,ln_apt_all,1.818203835598575,2.665816381336301,.4952111841448812,.5258393779748872,2029,82
g_max96_t3,1_low,ln_apt_top_bot,-.1690536175455373,.3139108597047736,.5902041587827728,19.33969373388431,1027,54
g_max96_t3,2_mid,ln_apt_top_bot,1.496159967214321,.6425191632108633,.01988110425538,8.142035146310105,1308,55
g_max96_t3,3_high,ln_apt_top_bot,4.235065894301648,7.719671360954825,.58327516778868,.4404634370804562,1376,54
g_max9600_t3,1_low,ln_apt_top_bot,.5678543832128434,.5460138231909325,.2983398946255644,30.56808843185597,1010,42
g_max9600_t3,2_mid,ln_apt_top_bot,2.079396909619396,1.47458033993102,.1584919038842686,2.609995882875531,1061,43
g_max9600_t3,3_high,ln_apt_top_bot,3.107304988020681,5.483780626054222,.5709618246652404,.5821267291630438,1185,43
g_maxall_t3,1_low,ln_apt_top_bot,.3261750699157625,.5196106502651942,.5301809849787726,17.45246738311154,1004,54
g_maxall_t3,2_mid,ln_apt_top_bot,1.335369123328303,2.023366213069139,.5092705048175967,2.381263006681133,1249,54
g_maxall_t3,3_high,ln_apt_top_bot,1.980001111491146,1.494039562380139,.1850826583262735,5.215025875494508,1458,55
g_cwm96_t3,1_low,ln_apt_top_bot,.1763455747720991,.3475859722119382,.6119136378232699,20.06243164499442,1046,54
g_cwm96_t3,2_mid,ln_apt_top_bot,7.620828895501703,9.239111402742457,.4094599605889874,.7308357320900704,1286,55
g_cwm96_t3,3_high,ln_apt_top_bot,-.6127591479967301,1.902182988970455,.7473506508410426,1.474811195224071,1379,54
g_sum96_t3,1_low,ln_apt_top_bot,.5921267323041917,.6192617852247085,.3389804880493241,12.94417970007375,1133,55
g_sum96_t3,2_mid,ln_apt_top_bot,1.034118397477995,.7590915571181197,.1730999158517508,8.549839834218144,1170,53
g_sum96_t3,3_high,ln_apt_top_bot,1.969172847614092,2.109882783282051,.3506603867536396,1.70847987890519,1408,55
g_share96_t3,1_low,ln_apt_top_bot,1.6668965047833,2.098922311940699,.427097754139954,1.739314210955399,1361,55
g_share96_t3,2_mid,ln_apt_top_bot,1.901864524102581,1.678987120642126,.2573212897139144,2.870636857490333,1220,54
g_share96_t3,3_high,ln_apt_top_bot,.6851670067846688,.5680201444660119,.2277260589957147,16.86171043773334,1130,54
g_airma96_t3,1_low,ln_apt_top_bot,-16.23416424443246,52.09138924618622,.7553082410673936,.0886858791639612,1244,54
g_airma96_t3,2_mid,ln_apt_top_bot,1.362301101114322,7.24338083146275,.8508176148449543,.030876583523258,1252,55
g_airma96_t3,3_high,ln_apt_top_bot,.0980124334143577,1.109866197676584,.9296301841036997,.391625091761335,1215,54
g_max96_wcont,1_low,ln_apt_top_bot,1.312383358222333,.4330833779280973,.0024429076457209,12.50943513268083,1199,56
g_max96_wcont,2_mid,ln_apt_top_bot,.6994312318270709,1.571512727677407,.6562700591946329,1.846816746159228,1202,54
g_max96_wcont,3_high,ln_apt_top_bot,2.700860411368552,2.826612814121339,.3393192067564608,2.201922255579902,1233,50
g_max96_q4,1_q1,ln_apt_top_bot,-.1456903450282388,.245428621512509,.5527690086025494,19.99066495659853,731,40
g_max96_q4,2_q2,ln_apt_top_bot,1.504328964813059,.8243623541454115,.0680252570704364,7.34526251731466,953,41
g_max96_q4,3_q3,ln_apt_top_bot,4.730042583637452,19.67300400062048,.8099944714788057,.0820009365184493,948,41
g_max96_q4,4_q4,ln_apt_top_bot,4.770538108992779,8.41339086700601,.5707024331324009,.4142256290782794,1079,41
g_max96_med,1_below,ln_apt_top_bot,.5825758631028995,.4383468012817244,.1838382126813136,22.05949651096502,1684,81
g_max96_med,2_above,ln_apt_top_bot,4.887164223365329,7.754772072836565,.5285547244808106,.536546916741933,2027,82
g_max96_t3,1_low,ln_spt_b50,.2062657887268053,.3322389596789244,.5347077678322112,19.33969373388431,1027,54
g_max96_t3,2_mid,ln_spt_b50,-1.011158136661682,.3648297996064859,.0055783478136983,8.11522991095859,1310,55
g_max96_t3,3_high,ln_spt_b50,-2.460087539607876,4.308662701315209,.5680246362562117,.4396311530130774,1377,54
g_max9600_t3,1_low,ln_spt_b50,-.1870313646914099,.3922336066417416,.6334784351852227,30.56808843185597,1010,42
g_max9600_t3,2_mid,ln_spt_b50,-1.602276708562829,.9916736234938053,.1061527269118918,2.611911404935985,1063,43
g_max9600_t3,3_high,ln_spt_b50,-2.001247180510855,3.221420898744665,.5344475118382335,.5813391510624815,1186,43
g_maxall_t3,1_low,ln_spt_b50,.0643326268738585,.3825380002508377,.8664470501680223,17.45246738311154,1004,54
g_maxall_t3,2_mid,ln_spt_b50,-1.67995699257515,1.243506644237448,.1767007094826326,2.397082803030476,1251,54
g_maxall_t3,3_high,ln_spt_b50,-1.090828804829477,.7996266105560819,.1725132132320284,5.213163540465486,1459,55
g_cwm96_t3,1_low,ln_spt_b50,.0279079683804158,.3114739386010894,.928605330662723,20.06243164499442,1046,54
g_cwm96_t3,2_mid,ln_spt_b50,-3.910960566928649,4.572573073605213,.3923803891603985,.7386113513370592,1288,55
g_cwm96_t3,3_high,ln_spt_b50,-.1908409005706154,1.075199553718603,.8591207933757656,1.473560399743864,1380,54
g_sum96_t3,1_low,ln_spt_b50,-.91081216004673,.2892933266081484,.0016416484227512,13.02478440015125,1134,55
g_sum96_t3,2_mid,ln_spt_b50,-.3155250333285652,.4576784273085573,.4905694864261957,8.549839834218144,1170,53
g_sum96_t3,3_high,ln_spt_b50,-1.01637510536291,1.071698648030249,.3429372047476305,1.70018273771245,1410,55
g_share96_t3,1_low,ln_spt_b50,-.7055026502700759,1.009580883268961,.4846723673235697,1.738765516347546,1362,55
g_share96_t3,2_mid,ln_spt_b50,-.8725059944513751,.9970703803642658,.3815360283257821,2.799474851206453,1221,54
g_share96_t3,3_high,ln_spt_b50,-.9516964499027676,.2698023971365409,.0004196888407469,16.96172664438059,1131,54
g_airma96_t3,1_low,ln_spt_b50,7.407445054090285,23.00772228272921,.7474869888913831,.0902482707280616,1247,54
g_airma96_t3,2_mid,ln_spt_b50,-2.323200883818729,11.9061165983841,.8452937842565603,.030876583523258,1252,55
g_airma96_t3,3_high,ln_spt_b50,-.8653055247889027,1.39252667660287,.5343414566043388,.391625091761335,1215,54
g_max96_wcont,1_low,ln_spt_b50,-.8031011605940005,.2303162858587585,.0004885643729133,12.50943513268083,1199,56
g_max96_wcont,2_mid,ln_spt_b50,-1.018783950112366,1.177177323405989,.3867937888085354,1.876571489506884,1204,54
g_max96_wcont,3_high,ln_spt_b50,-1.132446614284853,1.412690361966589,.4227704430381738,2.199740330371989,1234,50
g_max96_q4,1_q1,ln_spt_b50,.1888781527299727,.2900411750393015,.5149099587597253,19.99066495659853,731,40
g_max96_q4,2_q2,ln_spt_b50,-1.145896654057165,.309197893851821,.0002105334170467,7.474428232035195,954,41
g_max96_q4,3_q3,ln_spt_b50,-5.37177043241774,21.40013014827049,.8018019064528876,.0674147904962473,949,41
g_max96_q4,4_q4,ln_spt_b50,-2.349853369021503,4.311328915228997,.5857249452459017,.413336285479482,1080,41
g_max96_med,1_below,ln_spt_b50,-.3865457417883453,.2688730890333683,.1505330218962952,22.12438765299476,1685,81
g_max96_med,2_above,ln_spt_b50,-2.906709108544513,4.522551672257768,.5204094320244298,.5258393779748872,2029,82
g_max96_t3,1_low,ln_spt_d10,-.1919969387020056,.2121572396643934,.3654787796927162,19.33969373388431,1027,54
g_max96_t3,2_mid,ln_spt_d10,.426748755895328,.1779660729661776,.0164883773674105,8.11522991095859,1310,55
g_max96_t3,3_high,ln_spt_d10,.5526352022760072,1.281078012735229,.66618995081813,.4396311530130774,1377,54
g_max9600_t3,1_low,ln_spt_d10,-.012918030034778,.2272976733172156,.9546781513292064,30.56808843185597,1010,42
g_max9600_t3,2_mid,ln_spt_d10,.7079042062458881,.4345581404733765,.1033086369214848,2.611911404935985,1063,43
g_max9600_t3,3_high,ln_spt_d10,.4166942960208941,1.034598518770289,.6871252189944645,.5813391510624815,1186,43
g_maxall_t3,1_low,ln_spt_d10,-.1537934752559391,.2175957028606782,.4796998221673048,17.45246738311154,1004,54
g_maxall_t3,2_mid,ln_spt_d10,.7255363658400018,.5825380308279126,.212957318160845,2.397082803030476,1251,54
g_maxall_t3,3_high,ln_spt_d10,.3632801517791929,.3467367977065985,.29477151917024,5.213163540465486,1459,55
g_cwm96_t3,1_low,ln_spt_d10,-.1419431732497592,.1950275704933496,.4667294088197709,20.06243164499442,1046,54
g_cwm96_t3,2_mid,ln_spt_d10,1.212672097094844,1.311253362850724,.3550600366081482,.7386113513370592,1288,55
g_cwm96_t3,3_high,ln_spt_d10,.0118323576817475,.4899638900639426,.980733400686809,1.473560399743864,1380,54
g_sum96_t3,1_low,ln_spt_d10,.3806953807995443,.1441915825631386,.0082855817671234,13.02478440015125,1134,55
g_sum96_t3,2_mid,ln_spt_d10,.0592989220512721,.2749731244396446,.8292578346944355,8.549839834218144,1170,53
g_sum96_t3,3_high,ln_spt_d10,.2047927416620754,.4679909945619482,.6616764533310924,1.70018273771245,1410,55
g_share96_t3,1_low,ln_spt_d10,-.0883013109219777,.5073086987547873,.8618196117534478,1.738765516347546,1362,55
g_share96_t3,2_mid,ln_spt_d10,.4117853582283548,.5546439800488069,.4578257260274625,2.799474851206453,1221,54
g_share96_t3,3_high,ln_spt_d10,.4125528017722556,.1399620850314218,.0032024700982936,16.96172664438059,1131,54
g_airma96_t3,1_low,ln_spt_d10,-1.26163156553631,3.693388517478748,.7326580410399686,.0902482707280616,1247,54
g_airma96_t3,2_mid,ln_spt_d10,2.253324729139824,12.13717547814488,.852715486484183,.030876583523258,1252,55
g_airma96_t3,3_high,ln_spt_d10,1.390498742754846,2.016001081682168,.4903632734664001,.391625091761335,1215,54
g_max96_wcont,1_low,ln_spt_d10,.3568312507091806,.1011518403423926,.0004192197723623,12.50943513268083,1199,56
g_max96_wcont,2_mid,ln_spt_d10,.3867056840392803,.6073471212528569,.5243119367285891,1.876571489506884,1204,54
g_max96_wcont,3_high,ln_spt_d10,.0797492654698785,.5458596760800191,.8838436513869695,2.199740330371989,1234,50
g_max96_q4,1_q1,ln_spt_d10,-.2121966031889193,.1780110205634197,.2332447987883091,19.99066495659853,731,40
g_max96_q4,2_q2,ln_spt_d10,.5185569776664037,.1408665186674425,.0002321443183763,7.474428232035195,954,41
g_max96_q4,3_q3,ln_spt_d10,2.908058337636233,11.01883542679742,.7918438514720116,.0674147904962473,949,41
g_max96_q4,4_q4,ln_spt_d10,.4563859011462011,1.279659998276275,.72135667140774,.413336285479482,1080,41
g_max96_med,1_below,ln_spt_d10,.1088208280155602,.1681259698970414,.5174651754585756,22.12438765299476,1685,81
g_max96_med,2_above,ln_spt_d10,.8482245399668059,1.450180805829996,.5586085658551203,.5258393779748872,2029,82
