radius,outcome,sample,estimator,cluster,b,se,p,se_cl,p_cl,b_ever,se_ever,b_post,se_post,n,n_treated,F
50,d12_ln_seats_dom,all,OLS,country,0.004840355207329848,0.028668732512687693,0.8661060280824815,0.021187474554793858,0.8195419123184682,-0.01305314774433975,0.030829868024843176,-0.040164474937992564,0.016442384995471408,719692,166,
50,d12_ln_seats_dom,all,2SLS-KZ,country,-0.032952374198214826,0.047516115097815045,0.488852429955273,0.039964170133108115,0.4106732074046131,0.02616879915245089,0.05840001100496043,-0.038471417940923125,0.016145217847001656,719692,166,26.607272214242833
50,d12_ln_seats_dom,all,2SLS-BH,country,0.006802918868919672,0.035719842922442874,0.8491603775330512,0.028836627215296555,0.81375742785633,-0.049530625308237375,0.032012841011806216,-0.042114633206692564,0.016427919149344085,719692,166,303.62918757430367
50,d12_ln_seats_dom,ever-treated only,OLS,country,0.015114860913366952,0.017378210328877604,0.39813669071472635,0.013294422510387734,0.2734035709227287,,,-0.044323114922390716,0.023834862227876914,40582,166,
50,d12_ln_seats_dom,ever-treated only,2SLS-KZ,country,0.011556511400007775,0.03891002360870071,0.7705352039311457,0.029970576728218234,0.7052098476689603,,,-0.044304234468799,0.023911790720547686,40582,166,13.657884395179728
50,d12_ln_seats_dom,ever-treated only,2SLS-BH,country,0.013746960502621234,0.03256019862590608,0.6788672372953439,0.028404013330445257,0.6353902769340434,,,-0.04431585690006144,0.023796717090189955,40582,166,153.3215189770233
50,d12_ln_seats_dom,China,OLS,airport,-0.021183880378869875,0.04648360400084413,0.6494839492107107,0.035206924486619696,0.5486143446798193,0.04506760713330259,0.07428670475719967,-0.05670091913281336,0.02820280812532096,26702,87,
50,d12_ln_seats_dom,China,2SLS-KZ,airport,-0.06854284194262836,0.08561650689120863,0.4251006986218486,0.06831039425978183,0.3178687172827792,0.1944252734158554,0.1291786219747144,-0.05146410702703127,0.028179208588272282,26702,87,21.580596512452395
50,d12_ln_seats_dom,China,2SLS-BH,airport,-0.01993018507140866,0.04998799375341652,0.6908875692742358,0.040769910630330364,0.625924358653255,-0.019771577006161587,0.07799020697427819,-0.059534793697366375,0.028639494987842018,26702,87,429.32054739283836
50,d12_ln_seats_dom,excl. China,OLS,country,0.028616902645488395,0.04021481530561916,0.47759864385855644,0.02791285303096555,0.3065822856772482,-0.04026364020527279,0.029104448964645344,-0.02838156022534655,0.01861979807061869,692990,79,
50,d12_ln_seats_dom,excl. China,2SLS-KZ,country,0.010458414646428786,0.06536101579904409,0.8730459209277774,0.04904085291831938,0.831357088622314,-0.044625938490153776,0.03572416181412564,-0.028617939220278252,0.018726355300107533,692990,79,33.978583022414504
50,d12_ln_seats_dom,excl. China,2SLS-BH,country,0.03076968197086545,0.05773916495209361,0.5947297606913815,0.0458188550069559,0.5026985482256638,-0.06929054579346855,0.03517835214117115,-0.03016390054786684,0.018002041174985012,692990,79,196.48837615946752
50,d12_ln_seats_dom,high-quality dates (CN JP KR TW FR),OLS,airport,-0.002579418979745948,0.033913706262456864,0.9394366078483256,0.028397465578714903,0.9277019120886756,0.0001875505666454518,0.04924748236841341,-0.05347836970604394,0.02074216698168363,55386,121,
50,d12_ln_seats_dom,high-quality dates (CN JP KR TW FR),2SLS-KZ,airport,-0.040572996295237744,0.058810106462978934,0.490930254317105,0.0521015752053765,0.4369130485857018,0.07468368453047927,0.06831610354497589,-0.05085361088623271,0.02070818398488421,55386,121,22.280607150459698
50,d12_ln_seats_dom,high-quality dates (CN JP KR TW FR),2SLS-BH,airport,0.006162745627962415,0.04047069909669611,0.8790976895633027,0.03426745128015038,0.857429207319168,-0.038749018995644015,0.050069423750675406,-0.05500946124645491,0.020989253944856255,55386,121,336.7763269315987
50,d12_ln_seats,all,OLS,country,0.012917292058784578,0.02545565200594211,0.6123260665725638,0.018416515576259115,0.483758140029777,0.010992494670160762,0.024074542209682283,-0.030200153427399724,0.017873904416845488,756886,170,
50,d12_ln_seats,all,2SLS-KZ,country,-0.01529601000647061,0.04846809890956281,0.752598018201573,0.04217566560899886,0.7171787353329271,0.04396772356762731,0.049716576990849616,-0.028670866044623173,0.016914840671684424,756886,170,27.100665980523793
50,d12_ln_seats,all,2SLS-BH,country,0.03140528434678584,0.04000724753306028,0.4332603639632928,0.03108467997557042,0.31339745660624896,-0.03629190504417977,0.03762008094328049,-0.03265053743858044,0.01823985925833494,756886,170,299.61853761683426
50,d12_ln_seats,ever-treated only,OLS,country,0.03275856313788975,0.02772579091399989,0.25277188389504146,0.021966309791328253,0.15319779518588117,,,-0.041674419111528124,0.022370691883827693,43121,170,
50,d12_ln_seats,ever-treated only,2SLS-KZ,country,0.04997181994172894,0.053701658551374376,0.36440201019868224,0.04486989526811158,0.280057210973524,,,-0.04181204134495753,0.022199401625710796,43121,170,13.890788544502582
50,d12_ln_seats,ever-treated only,2SLS-BH,country,0.03001081145253113,0.0417607231934175,0.481589833116308,0.03535366901743878,0.4070995327287119,,,-0.04165245047838928,0.022332779637101043,43121,170,148.8923013394759
50,d12_ln_seats,China,OLS,airport,-0.018558816628876117,0.0461319064022588,0.6882447183200286,0.034654772197891114,0.5933616100165333,0.038903563169312816,0.07229897883698473,-0.056622991814959084,0.027745555477823088,26702,87,
50,d12_ln_seats,China,2SLS-KZ,airport,-0.06738138419730001,0.0849882729039694,0.42958266222545216,0.06872044242500289,0.3289838795491704,0.17503606666525534,0.12473502393799528,-0.05201411515191112,0.027831550796606846,26702,87,21.580596512452395
50,d12_ln_seats,China,2SLS-BH,airport,-0.018294939868274573,0.049096508826040636,0.7101392201793337,0.03996067902846805,0.6479822830399542,-0.02220303696062422,0.07513911248908607,-0.05932036962664474,0.028088914679141562,26702,87,429.32054739283836
50,d12_ln_seats,excl. China,OLS,country,0.032718726331223184,0.03197393283857598,0.3072393891971281,0.02029057374563333,0.10821662577297331,-0.003407292077210743,0.024582909017118057,-0.012898169335410416,0.01726908092467601,730184,83,
50,d12_ln_seats,excl. China,2SLS-KZ,country,0.03378818703222774,0.05097745308558011,0.5081152943745899,0.042709975623353394,0.42969269707671853,-0.014940337923853854,0.025807583198381386,-0.013644220814912067,0.017151993215050017,730184,83,34.36596803120265
50,d12_ln_seats,excl. China,2SLS-BH,country,0.06760504890705175,0.054074579753575325,0.21248469527526548,0.039085550594586925,0.08502527966414397,-0.054707779196002816,0.04585239030025753,-0.016219168414288304,0.01891145123270059,730184,83,197.39804390356136
50,d12_ln_seats,high-quality dates (CN JP KR TW FR),OLS,airport,0.004395214727558192,0.034319079789650445,0.8982006262951425,0.027911074454502853,0.8750041248318494,0.012758612837383238,0.04510536201199443,-0.03980875864322757,0.019996210233240313,57442,123,
50,d12_ln_seats,high-quality dates (CN JP KR TW FR),2SLS-KZ,airport,-0.03396384602286658,0.057748425864178686,0.5569904195908615,0.05162762326768809,0.5112521606856921,0.07010380352011919,0.06823287064904476,-0.03785329538360033,0.020076850011286264,57442,123,22.142997805887195
50,d12_ln_seats,high-quality dates (CN JP KR TW FR),2SLS-BH,airport,0.012852948978604867,0.040188146373133345,0.7493811740719796,0.033430422863191075,0.7009687739040982,-0.020430752613191213,0.044746003669264,-0.04114855520681178,0.020092240863267437,57442,123,325.4928577687586
50,d12_ln_seats_intl,all,OLS,country,0.04065782260492136,0.03980717924775358,0.308143457856384,0.0298892523045039,0.17506081398578854,0.028276808416651873,0.027866529070739377,0.006005187187330995,0.030622281497152053,261541,133,
50,d12_ln_seats_intl,all,2SLS-KZ,country,0.042968021969249516,0.07606601117544314,0.5727024832523675,0.05260790301273957,0.4149035833758803,0.03803950584020009,0.03544993355589702,0.00658144083325711,0.030801053254962966,261541,133,27.284634031798404
50,d12_ln_seats_intl,all,2SLS-BH,country,0.04184061404678087,0.05681031687570298,0.462172507306152,0.03950865778969374,0.2906902300378371,0.00022327705194757864,0.0419170525592778,0.004427184324166865,0.03113769599048758,261541,133,249.22653991018058
50,d12_ln_seats_intl,ever-treated only,OLS,country,0.09374070620200647,0.03818679863455606,0.024499569167026447,0.01993079616198035,0.00017716109970788985,,,0.02026927986431105,0.04493499360020357,29131,133,
50,d12_ln_seats_intl,ever-treated only,2SLS-KZ,country,0.0866484749705971,0.07602182684963879,0.26931681176371347,0.04435159190569914,0.06646082899215888,,,0.02035546680879359,0.04487689028522749,29131,133,16.421409420042764
50,d12_ln_seats_intl,ever-treated only,2SLS-BH,country,0.0826113002718383,0.04652464290800737,0.09270050394584439,0.023021737818638227,0.0021006883122565156,,,0.02040452777991468,0.04490303036883045,29131,133,124.96991928935192
50,d12_ln_seats_intl,China,OLS,airport,0.053015410857616116,0.0897873649667324,0.5567870671231943,0.08260672895113677,0.5231116306553467,-0.013451509155015277,0.21899855369970742,0.04323162821872155,0.052923038936843025,12589,62,
50,d12_ln_seats_intl,China,2SLS-KZ,airport,0.05439765906091954,0.16522471481456036,0.7429616013399825,0.13009041982799563,0.6771155198337433,0.025513507495790826,0.18551294243759586,0.04392448413066817,0.051590684312880955,12589,62,19.632924933476097
50,d12_ln_seats_intl,China,2SLS-BH,airport,0.0322860090372255,0.11158545447746873,0.7731773063297966,0.10192194521970273,0.7523594732834513,-0.15563891834463214,0.3102103902447751,0.04018795253805298,0.05408830871050813,12589,62,283.0165929191388
50,d12_ln_seats_intl,excl. China,OLS,country,0.040482915324643556,0.05268176247175359,0.44300910740876986,0.04477967336211121,0.366912479472681,0.02917593989345188,0.032196779909350735,-0.009186414037973337,0.034599440462605394,248952,71,
50,d12_ln_seats_intl,excl. China,2SLS-KZ,country,0.02960954710886265,0.08578464711333528,0.7302871339791022,0.0704039122733153,0.6744624295838908,0.04559691573540303,0.040204610784350316,-0.007995363620737895,0.03467314554977055,248952,71,33.58573916870951
50,d12_ln_seats_intl,excl. China,2SLS-BH,country,0.05451956529982013,0.07162884380726361,0.4473498498088626,0.06114013595696403,0.3734737011995155,0.004220553618224012,0.04893708647317802,-0.010998090280499834,0.03529246132194991,248952,71,204.8060546863926
50,d12_ln_seats_intl,high-quality dates (CN JP KR TW FR),OLS,airport,0.053469804561716024,0.06338183077960167,0.4002107632017733,0.05783449251407344,0.3566751237578871,-0.0378274003754727,0.053140719966777154,-0.0021925194929445654,0.041368446656347556,26436,87,
50,d12_ln_seats_intl,high-quality dates (CN JP KR TW FR),2SLS-KZ,airport,0.021277417409968344,0.11542849489253011,0.8539969993762369,0.09452263998902961,0.8222007762858135,0.005504017419546103,0.07627864059799355,-0.0014467291180573576,0.04140088378916629,26436,87,20.100830953734643
50,d12_ln_seats_intl,high-quality dates (CN JP KR TW FR),2SLS-BH,airport,0.03506215842556425,0.08040067800271775,0.6633881278001446,0.0744706999645698,0.6384455459070102,-0.08778619354620296,0.07737407865408075,-0.0040172949694215155,0.041580148027264896,26436,87,269.8779537843767
50,d12_ln_co2,all,OLS,country,-0.03555027571712196,0.0548613998194324,0.5176246863488214,0.034675156121104965,0.30631885034234707,0.07581571724113557,0.076771944100389,-0.02300476876862783,0.024292235300832726,759118,170,
50,d12_ln_co2,all,2SLS-KZ,country,-0.06916891490855473,0.06650273915850104,0.2993802346170935,0.055542423287010964,0.2142650066890106,0.08916584492179994,0.08551492683640376,-0.022664743052059354,0.02343113770229317,759118,170,27.665665287420715
50,d12_ln_co2,all,2SLS-BH,country,0.03402287154467128,0.042530110568894934,0.42454572565180193,0.03491813104659235,0.3308920641159434,-0.031754369041034514,0.04385734503952724,-0.028153884548578374,0.023941206709364823,759118,170,293.55965139309313
50,d12_ln_co2,ever-treated only,OLS,country,0.03710930707155618,0.019390003339424,0.07167853403491797,0.014411122708207614,0.019072892915352524,,,-0.046742927443324714,0.02613307207603091,43136,170,
50,d12_ln_co2,ever-treated only,2SLS-KZ,country,0.03194385104122794,0.048829348267974255,0.5212585183215106,0.035529430728863776,0.3804796994542594,,,-0.04670201438712988,0.026128709428777114,43136,170,13.899431315679506
50,d12_ln_co2,ever-treated only,2SLS-BH,country,0.05592176679200728,0.03830132648006669,0.1615109525211451,0.03018358239672497,0.08039167039225492,,,-0.04689193175527376,0.02584225554805888,43136,170,148.92069699744212
50,d12_ln_co2,China,OLS,airport,-0.07990084966921192,0.09707560787752031,0.41224414571184687,0.05441381780618629,0.14485144142683137,0.22713758237266488,0.18916054212061062,-0.05161544583085592,0.04488522342304235,27114,87,
50,d12_ln_co2,China,2SLS-KZ,airport,-0.1279545543020636,0.10981712894067232,0.2464746047298818,0.07652610171445225,0.097359072945151,0.30757207892656085,0.16940392399410442,-0.049621540870279986,0.042986723924671615,27114,87,21.622344597275525
50,d12_ln_co2,China,2SLS-BH,airport,-0.012130231011840393,0.0636179619386027,0.8491332145265922,0.04858700981538533,0.8033159509785963,0.010633740717109734,0.08119222200057163,-0.05877130594435388,0.04280583974755342,27114,87,414.72262974353146
50,d12_ln_co2,excl. China,OLS,country,0.018355517967453848,0.03392680220267979,0.5890062196603973,0.02450962987147644,0.4546730789347144,0.004232427558220259,0.02968794589294412,-0.004431549322029309,0.013968700298863728,732004,83,
50,d12_ln_co2,excl. China,2SLS-KZ,country,0.004463593035148782,0.06087079112889788,0.9416077862395409,0.051618201273057975,0.9311651361333366,-0.012680140231690019,0.04236001412928785,-0.005531632527884283,0.01413417443332194,732004,83,34.48229063520449
50,d12_ln_co2,excl. China,2SLS-BH,country,0.07378111442807848,0.061036941242404726,0.2279776843855199,0.04665535037516288,0.11515313881325939,-0.06285521114775712,0.059887100565539544,-0.008772831086890419,0.015489440557529785,732004,83,197.30375096349513
50,d12_ln_co2,high-quality dates (CN JP KR TW FR),OLS,airport,-0.04722647873612763,0.07678339255902193,0.5390922837257353,0.043505796604015115,0.2787708856415867,0.1281166393679783,0.11430242190772724,-0.03345110394050706,0.032050305865869336,57854,123,
50,d12_ln_co2,high-quality dates (CN JP KR TW FR),2SLS-KZ,airport,-0.07459547411747944,0.08185216017380775,0.36302105107930016,0.0621332235363156,0.23109071087652944,0.1531736354823461,0.09851487836518752,-0.03279629866388881,0.03107757746940231,57854,123,22.187231057051754
50,d12_ln_co2,high-quality dates (CN JP KR TW FR),2SLS-BH,airport,0.02255051424791603,0.04831615328111875,0.6411142054301873,0.040170217849181636,0.5750621039710568,0.005705581405473852,0.04915543049933631,-0.03762825826224099,0.030664336796036196,57854,123,310.31847774806135
30,d12_ln_seats_dom,all,OLS,country,-0.009975976761033378,0.027920161777899674,0.7212652406470368,0.020186494472164272,0.6217484779539717,-0.0059733345215574685,0.028359226365256597,-0.033758162966407906,0.01574463968789635,721690,145,
30,d12_ln_seats_dom,all,2SLS-KZ,country,-0.035035330115981415,0.03946096662947235,0.3757571293443551,0.029413143455478737,0.23509818755034106,0.025396043475356355,0.04740638876333164,-0.03229036357943615,0.015451619873989623,721690,145,27.298111527312173
30,d12_ln_seats_dom,all,2SLS-BH,country,0.014080541394523723,0.04307579359073175,0.7441235942812718,0.03260686499399945,0.66636161607458,-0.03568416887111442,0.03647452511093127,-0.035142920662190574,0.015702953533667127,721690,145,391.1005318980615
100,d12_ln_seats_dom,all,OLS,country,-0.016010389088153512,0.02100953603472184,0.44698308916883445,0.014965040877744239,0.2860572778058128,0.013960284596113549,0.024847043190457833,-0.03213439162518369,0.016459019543476148,713406,203,
100,d12_ln_seats_dom,all,2SLS-KZ,country,-0.009465956468852208,0.03970490913013893,0.8118245483430386,0.03222273023602032,0.7692604464895547,0.034648418451031074,0.038002277441099686,-0.03113112411021165,0.016273174104942976,713406,203,24.086276232603876
100,d12_ln_seats_dom,all,2SLS-BH,country,-0.03174099705076964,0.02752966866487022,0.25038482055777855,0.01858428267415778,0.08929653627374723,0.00224451248855666,0.03685892400939894,-0.03275580489680384,0.01643341395221325,713406,203,229.08482473987868
