item,outc,b,se,p,kpf,nn
fs_baseline,ln_gaci,-.0183444833943122,.0273312205585564,.5020985318932971,.4504980527949761,77591
fs_plus_cap96,ln_gaci,.021195301559578,.025550621600394,.4067980507307736,.6881391386143022,77539
fs_plus_both,ln_gaci,.0148682325770999,.0252609646381625,.5561394939706393,.3464326613063444,77539
iv_baseline,ln_co2,1.518033968168188,10.95178322745528,.8897578143482323,.4505041876960086,77591
iv_stressed,ln_co2,-4.952834508324683,19.76051223155886,.8020901161762591,.3464373825124263,77539
rf_baseline,ln_co2,-.0278475489210643,.2133283732378051,.8961404589051085,,77591
ols,ln_co2,3.382412793337492,.1171326473632578,2.3374407125e-183,,77591
iv_baseline,ln_skm,8.676073671331961,14.48536160376719,.5492031734502617,.388128692642979,77501
iv_stressed,ln_skm,-8.339282958397552,24.49250368803557,.7334927667984303,.3664562287882504,77455
rf_baseline,ln_skm,-.1471254728176687,.2241136460808431,.5115172075504422,,77501
ols,ln_skm,3.804123137237892,.124300721132615,1.0764476550e-205,,77501
iv_baseline,ln_intensity,1.913864605166938,6.086053653734331,.7531661802918608,.388128692642979,77501
iv_stressed,ln_intensity,-5.058922636435301,9.467102811515456,.5930865272247783,.3664562287882504,77455
rf_baseline,ln_intensity,-.0324545693836817,.0815581079052053,.6906804160944267,,77501
ols,ln_intensity,-.4492680055705167,.0424184559183188,3.26901975891e-26,,77501
iv_baseline,intl_share_skm,2.055240547626193,3.355453485351784,.5402020133421586,.388128692642979,77501
iv_stressed,intl_share_skm,-1.968804427106878,4.355795622976014,.6512714954531622,.3664562287882504,77455
rf_baseline,intl_share_skm,-.0348519674657312,.0332796231638906,.2949859235104144,,77501
ols,intl_share_skm,.351295237857903,.0204218009271663,2.56648541199e-66,,77501
