panel,grp,b,se,p,KPF,N,Nc
A_income,inc_low,11.431439,1.3380916,1.3067755e-17,35.197674,1595,62
A_income,inc_mid,5.9062047,.78211999,4.3016453e-14,48.192318,1547,61
A_income,inc_high,.34999391,1.1063459,.75173593,10.142573,1491,59
A_income,interact_hi,-3.0830324,.23482651,0,69.112633,4633,
B_conn,con_low,9.0181408,.65582573,0,117.44572,1452,61
B_conn,con_mid,5.6418281,.90780759,5.1395388e-10,29.879126,1526,60
B_conn,con_high,.45221129,2.201154,.83722615,1.8350841,1655,61
B_conn,interact_hi,-2.4840753,.25574908,2.6556582e-22,71.011536,4633,
C_region,Europe,.23595519,.61625105,.70180273,55.503632,1189,44
C_region,AsiaPacific,5.423656,.6666944,4.1144501e-16,64.393822,1110,45
C_region,Africa,8.3854723,1.6875575,6.7299254e-07,20.226221,1230,49
C_region,LatAm,3.2293003,.90000248,.00033309447,14.11335,683,28
C_region,MiddleEast,227.51764,4998.5259,.96369529,.0019455093,344,13
C_region,NorthAm,-1.3126386,2.705591,.62756437,1.3315737,77,3
D_intens,inc_low,-1.0566292,.29937649,.00041645137,35.53067,1596,62
D_intens,inc_mid,-.37178615,.24146903,.12363723,48.192318,1547,61
D_intens,inc_high,1.0121487,.71513861,.15697524,10.142573,1491,59
