panel,item,var,b,se,p,kpf,swf_own,swf_nbr,ar_lo,ar_hi,nn
A,single_contig_isocode,nbr_g_contig,1.958524848288044,.6077142491619718,.001269562858627,168.0019028523164,,,,,4634
A,single_contig_isocode_rxy,nbr_g_contig,2.030625063375479,.8293889988119174,.0143516731048811,88.09043930108805,,,,,4632
A,single_contig_srid,nbr_g_contig,1.958524848288044,.4918057349531419,.0000682475400072,55.42841923769022,,,,,4634
A,single_contig_srid_rxy,nbr_g_contig,2.03062506337548,.5409537167115138,.000174182846541,43.41948051472013,,,,,4632
A,single_knn5_isocode,nbr_g_knn5,6.689011820754426,5.670976409381117,.238192459898465,1.38425958467497,,,,,4634
A,single_knn5_isocode_rxy,nbr_g_knn5,19.65855873302656,32.37283316075224,.5436818214817851,.3920347715812951,,,,,4632
A,single_knn5_srid,nbr_g_knn5,6.689011820754426,4.354365878529165,.1244986294069418,2.492184304530743,,,,,4634
A,single_knn5_srid_rxy,nbr_g_knn5,19.65855873302669,33.09991223497418,.5525684736497209,.3869760027301861,,,,,4632
A,single_b1_isocode,nbr_g_b1,.3424441214983969,.848037791026397,.6863541931196842,89.03731206090335,,,,,4634
A,single_b1_isocode_rxy,nbr_g_b1,1.188564539275464,1.388224670534923,.3919004779455,45.56749856775175,,,,,4632
A,single_b1_srid,nbr_g_b1,.3424441214983969,.7488255895725128,.6474494991878881,38.29039981726324,,,,,4634
A,single_b1_srid_rxy,nbr_g_b1,1.188564539275463,.8196128962918744,.1470157089095534,41.90561198010924,,,,,4632
A,single_k500_isocode,nbr_g_k500,2.81773150279452,2.157810174107408,.1916106525091302,9.193190929472737,,,,,4634
A,single_k500_isocode_rxy,nbr_g_k500,3.294087963446084,3.029599053813801,.2769035322714613,10.63125975994249,,,,,4632
A,single_k500_srid,nbr_g_k500,2.81773150279452,1.560216331412957,.0709202609729615,7.576489412941927,,,,,4634
A,single_k500_srid_rxy,nbr_g_k500,3.294087963446085,3.579077035230346,.3573775672682565,11.54663886348001,,,,,4632
A,single_inv_isocode,nbr_g_inv,6.730448053349755,5.640909071075291,.2328108133329452,52.91893573691461,,,,,4634
A,single_inv_isocode_rxy,nbr_g_inv,15.94228283477015,9.168763100356141,.0820769045672308,29.81729552285574,,,,,4632
A,single_inv_srid,nbr_g_inv,6.730448053349755,4.962903028661498,.1750509911257076,22.82904454957526,,,,,4634
A,single_inv_srid_rxy,nbr_g_inv,15.94228283477014,10.02550312771976,.1117958495940432,15.66468031079678,,,,,4632
B,joint_contig_isocode,ln_gaci_cwm,3.212629063417938,1.234496136508927,.0092578987669933,3.286609674728782,6.669292149219232,13.04596667704351,,,4634
B,joint_contig_isocode,nbr_g_contig,1.854442258279801,.6593128665025768,.004912909321427,3.286609674728782,6.669292149219232,13.04596667704351,.2000000000000024,3.000000000000004,4634
B,joint_knn5_isocode,ln_gaci_cwm,1.135270083973472,1.780238677094077,.523664640879641,3.403401749758206,7.151207251536992,6.73165992993985,,,4634
B,joint_knn5_isocode,nbr_g_knn5,3.257447752300287,1.815660915963528,.0727998016751566,3.403401749758206,7.151207251536992,6.73165992993985,-.2999999999999976,11.99999999999998,4634
B,joint_b1_isocode,ln_gaci_cwm,4.246186230723535,1.207694771780987,.0004381947053075,6.721501164191538,13.5182496543477,32.13425761896984,,,4634
B,joint_b1_isocode,nbr_g_b1,.8564963738968968,.6063654093069774,.1578002512859008,6.721501164191538,13.5182496543477,32.13425761896984,-.3999999999999976,2.000000000000003,4634
C,single_contig_AR,nbr_g_contig,1.958524848288044,.6077142491619718,.001269562858627,168.0019028523164,,,.8000000000000024,3.100000000000004,4634
C,single_knn5_AR,nbr_g_knn5,6.689011820754426,5.670976409381117,.238192459898465,1.38425958467497,,,-4,11.99999999999998,4634
C,single_b1_AR,nbr_g_b1,.3424441214983969,.848037791026397,.6863541931196842,89.03731206090335,,,-1.299999999999998,2.000000000000003,4634
