mod,bin,b,se,nn
inc,1,.2734105432579047,.0851226078922027,4121
inc,2,.0629438339798211,.0849378619368659,4121
inc,3,.0611176325704874,.0534713662476532,4121
inc,4,.1042272465761989,.0491458563633233,4121
inc,5,-.0680938968131149,.0400854102967638,4121
con,1,.4723331172219666,.1196055284138216,4121
con,2,-.0233541470015017,.0812670829583321,4121
con,3,.0630058672735435,.0691723818674082,4121
con,4,.1785315299744966,.0721135631554325,4121
con,5,-.0307469853214388,.0348613278321751,4121
rem,1,.0434340756705158,.0503307996242239,4634
rem,2,.1470372710473029,.064199715990741,4634
rem,3,-.1948840739062589,.059600148063578,4634
rem,4,.0265098105173091,.055128633955402,4634
rem,5,.0591551643205248,.0549731860423434,4634
