c,y,cult_cum,mix_cum,nat_cum
AFG,1996,0.0,0.0,0.0
AFG,1997,0.0,0.0,0.0
AFG,1998,0.0,0.0,0.0
AFG,1999,0.0,0.0,0.0
AFG,2000,0.0,0.0,0.0
AFG,2001,0.0,0.0,0.0
AFG,2002,1.0,0.0,0.0
AFG,2003,2.0,0.0,0.0
AFG,2004,2.0,0.0,0.0
AFG,2005,2.0,0.0,0.0
AFG,2006,2.0,0.0,0.0
AFG,2007,2.0,0.0,0.0
AFG,2008,2.0,0.0,0.0
AFG,2009,2.0,0.0,0.0
AFG,2010,2.0,0.0,0.0
AFG,2011,2.0,0.0,0.0
AFG,2012,2.0,0.0,0.0
AFG,2013,2.0,0.0,0.0
AFG,2014,2.0,0.0,0.0
AFG,2015,2.0,0.0,0.0
AFG,2016,2.0,0.0,0.0
AFG,2017,2.0,0.0,0.0
AFG,2018,2.0,0.0,0.0
AFG,2019,2.0,0.0,0.0
AFG,2020,2.0,0.0,0.0
AFG,2021,2.0,0.0,0.0
AFG,2022,2.0,0.0,0.0
AFG,2023,2.0,0.0,0.0
AGO,1996,0.0,0.0,0.0
AGO,1997,0.0,0.0,0.0
AGO,1998,0.0,0.0,0.0
AGO,1999,0.0,0.0,0.0
AGO,2000,0.0,0.0,0.0
AGO,2001,0.0,0.0,0.0
AGO,2002,0.0,0.0,0.0
AGO,2003,0.0,0.0,0.0
AGO,2004,0.0,0.0,0.0
AGO,2005,0.0,0.0,0.0
AGO,2006,0.0,0.0,0.0
AGO,2007,0.0,0.0,0.0
AGO,2008,0.0,0.0,0.0
AGO,2009,0.0,0.0,0.0
AGO,2010,0.0,0.0,0.0
AGO,2011,0.0,0.0,0.0
AGO,2012,0.0,0.0,0.0
AGO,2013,0.0,0.0,0.0
AGO,2014,0.0,0.0,0.0
AGO,2015,0.0,0.0,0.0
AGO,2016,0.0,0.0,0.0
AGO,2017,1.0,0.0,0.0
AGO,2018,1.0,0.0,0.0
AGO,2019,1.0,0.0,0.0
AGO,2020,1.0,0.0,0.0
AGO,2021,1.0,0.0,0.0
AGO,2022,1.0,0.0,0.0
AGO,2023,1.0,0.0,0.0
ALB,1996,1.0,1.0,0.0
ALB,1997,1.0,1.0,0.0
ALB,1998,1.0,1.0,0.0
ALB,1999,1.0,1.0,0.0
ALB,2000,1.0,1.0,0.0
ALB,2001,1.0,1.0,0.0
ALB,2002,1.0,1.0,0.0
ALB,2003,1.0,1.0,0.0
ALB,2004,1.0,1.0,0.0
ALB,2005,2.0,1.0,0.0
ALB,2006,2.0,1.0,0.0
ALB,2007,2.0,1.0,1.0
ALB,2008,2.0,1.0,1.0
ALB,2009,2.0,1.0,1.0
ALB,2010,2.0,1.0,1.0
ALB,2011,2.0,1.0,1.0
ALB,2012,2.0,1.0,1.0
ALB,2013,2.0,1.0,1.0
ALB,2014,2.0,1.0,1.0
ALB,2015,2.0,1.0,1.0
ALB,2016,2.0,1.0,1.0
ALB,2017,2.0,1.0,1.0
ALB,2018,2.0,1.0,1.0
ALB,2019,2.0,1.0,1.0
ALB,2020,2.0,1.0,1.0
ALB,2021,2.0,1.0,1.0
ALB,2022,2.0,1.0,1.0
ALB,2023,2.0,1.0,1.0
AND,1996,0.0,0.0,0.0
AND,1997,0.0,0.0,0.0
AND,1998,0.0,0.0,0.0
AND,1999,0.0,0.0,0.0
AND,2000,0.0,0.0,0.0
AND,2001,0.0,0.0,0.0
AND,2002,0.0,0.0,0.0
AND,2003,0.0,0.0,0.0
AND,2004,1.0,0.0,0.0
AND,2005,1.0,0.0,0.0
AND,2006,1.0,0.0,0.0
AND,2007,1.0,0.0,0.0
AND,2008,1.0,0.0,0.0
AND,2009,1.0,0.0,0.0
AND,2010,1.0,0.0,0.0
AND,2011,1.0,0.0,0.0
AND,2012,1.0,0.0,0.0
AND,2013,1.0,0.0,0.0
AND,2014,1.0,0.0,0.0
AND,2015,1.0,0.0,0.0
AND,2016,1.0,0.0,0.0
AND,2017,1.0,0.0,0.0
AND,2018,1.0,0.0,0.0
AND,2019,1.0,0.0,0.0
AND,2020,1.0,0.0,0.0
AND,2021,1.0,0.0,0.0
AND,2022,1.0,0.0,0.0
AND,2023,1.0,0.0,0.0
ARE,1996,0.0,0.0,0.0
ARE,1997,0.0,0.0,0.0
ARE,1998,0.0,0.0,0.0
ARE,1999,0.0,0.0,0.0
ARE,2000,0.0,0.0,0.0
ARE,2001,0.0,0.0,0.0
ARE,2002,0.0,0.0,0.0
ARE,2003,0.0,0.0,0.0
ARE,2004,0.0,0.0,0.0
ARE,2005,0.0,0.0,0.0
ARE,2006,0.0,0.0,0.0
ARE,2007,0.0,0.0,0.0
ARE,2008,0.0,0.0,0.0
ARE,2009,0.0,0.0,0.0
ARE,2010,0.0,0.0,0.0
ARE,2011,1.0,0.0,0.0
ARE,2012,1.0,0.0,0.0
ARE,2013,1.0,0.0,0.0
ARE,2014,1.0,0.0,0.0
ARE,2015,1.0,0.0,0.0
ARE,2016,1.0,0.0,0.0
ARE,2017,1.0,0.0,0.0
ARE,2018,1.0,0.0,0.0
ARE,2019,1.0,0.0,0.0
ARE,2020,1.0,0.0,0.0
ARE,2021,1.0,0.0,0.0
ARE,2022,1.0,0.0,0.0
ARE,2023,1.0,0.0,0.0
ARG,1996,1.0,0.0,2.0
ARG,1997,1.0,0.0,2.0
ARG,1998,1.0,0.0,2.0
ARG,1999,2.0,0.0,3.0
ARG,2000,3.0,0.0,4.0
ARG,2001,3.0,0.0,4.0
ARG,2002,3.0,0.0,4.0
ARG,2003,4.0,0.0,4.0
ARG,2004,4.0,0.0,4.0
ARG,2005,4.0,0.0,4.0
ARG,2006,4.0,0.0,4.0
ARG,2007,4.0,0.0,4.0
ARG,2008,4.0,0.0,4.0
ARG,2009,4.0,0.0,4.0
ARG,2010,4.0,0.0,4.0
ARG,2011,4.0,0.0,4.0
ARG,2012,4.0,0.0,4.0
ARG,2013,4.0,0.0,4.0
ARG,2014,5.0,0.0,4.0
ARG,2015,5.0,0.0,4.0
ARG,2016,6.0,0.0,4.0
ARG,2017,6.0,0.0,5.0
ARG,2018,6.0,0.0,5.0
ARG,2019,6.0,0.0,5.0
ARG,2020,6.0,0.0,5.0
ARG,2021,6.0,0.0,5.0
ARG,2022,6.0,0.0,5.0
ARG,2023,7.0,0.0,5.0
ARM,1996,1.0,0.0,0.0
ARM,1997,1.0,0.0,0.0
ARM,1998,1.0,0.0,0.0
ARM,1999,1.0,0.0,0.0
ARM,2000,3.0,0.0,0.0
ARM,2001,3.0,0.0,0.0
ARM,2002,3.0,0.0,0.0
ARM,2003,3.0,0.0,0.0
ARM,2004,3.0,0.0,0.0
ARM,2005,3.0,0.0,0.0
ARM,2006,3.0,0.0,0.0
ARM,2007,3.0,0.0,0.0
ARM,2008,3.0,0.0,0.0
ARM,2009,3.0,0.0,0.0
ARM,2010,3.0,0.0,0.0
ARM,2011,3.0,0.0,0.0
ARM,2012,3.0,0.0,0.0
ARM,2013,3.0,0.0,0.0
ARM,2014,3.0,0.0,0.0
ARM,2015,3.0,0.0,0.0
ARM,2016,3.0,0.0,0.0
ARM,2017,3.0,0.0,0.0
ARM,2018,3.0,0.0,0.0
ARM,2019,3.0,0.0,0.0
ARM,2020,3.0,0.0,0.0
ARM,2021,3.0,0.0,0.0
ARM,2022,3.0,0.0,0.0
ARM,2023,3.0,0.0,0.0
ATG,1996,0.0,0.0,0.0
ATG,1997,0.0,0.0,0.0
ATG,1998,0.0,0.0,0.0
ATG,1999,0.0,0.0,0.0
ATG,2000,0.0,0.0,0.0
ATG,2001,0.0,0.0,0.0
ATG,2002,0.0,0.0,0.0
ATG,2003,0.0,0.0,0.0
ATG,2004,0.0,0.0,0.0
ATG,2005,0.0,0.0,0.0
ATG,2006,0.0,0.0,0.0
ATG,2007,0.0,0.0,0.0
ATG,2008,0.0,0.0,0.0
ATG,2009,0.0,0.0,0.0
ATG,2010,0.0,0.0,0.0
ATG,2011,0.0,0.0,0.0
ATG,2012,0.0,0.0,0.0
ATG,2013,0.0,0.0,0.0
ATG,2014,0.0,0.0,0.0
ATG,2015,0.0,0.0,0.0
ATG,2016,1.0,0.0,0.0
ATG,2017,1.0,0.0,0.0
ATG,2018,1.0,0.0,0.0
ATG,2019,1.0,0.0,0.0
ATG,2020,1.0,0.0,0.0
ATG,2021,1.0,0.0,0.0
ATG,2022,1.0,0.0,0.0
ATG,2023,1.0,0.0,0.0
AUS,1996,0.0,4.0,7.0
AUS,1997,0.0,4.0,9.0
AUS,1998,0.0,4.0,9.0
AUS,1999,0.0,4.0,9.0
AUS,2000,0.0,4.0,10.0
AUS,2001,0.0,4.0,10.0
AUS,2002,0.0,4.0,10.0
AUS,2003,0.0,4.0,11.0
AUS,2004,1.0,4.0,11.0
AUS,2005,1.0,4.0,11.0
AUS,2006,1.0,4.0,11.0
AUS,2007,2.0,4.0,11.0
AUS,2008,2.0,4.0,11.0
AUS,2009,2.0,4.0,11.0
AUS,2010,3.0,4.0,11.0
AUS,2011,3.0,4.0,12.0
AUS,2012,3.0,4.0,12.0
AUS,2013,3.0,4.0,12.0
AUS,2014,3.0,4.0,12.0
AUS,2015,3.0,4.0,12.0
AUS,2016,3.0,4.0,12.0
AUS,2017,3.0,4.0,12.0
AUS,2018,3.0,4.0,12.0
AUS,2019,4.0,4.0,12.0
AUS,2020,4.0,4.0,12.0
AUS,2021,4.0,4.0,12.0
AUS,2022,4.0,4.0,12.0
AUS,2023,4.0,4.0,12.0
AUT,1996,2.0,0.0,0.0
AUT,1997,3.0,0.0,0.0
AUT,1998,4.0,0.0,0.0
AUT,1999,5.0,0.0,0.0
AUT,2000,6.0,0.0,0.0
AUT,2001,8.0,0.0,0.0
AUT,2002,8.0,0.0,0.0
AUT,2003,8.0,0.0,0.0
AUT,2004,8.0,0.0,0.0
AUT,2005,8.0,0.0,0.0
AUT,2006,8.0,0.0,0.0
AUT,2007,8.0,0.0,1.0
AUT,2008,8.0,0.0,1.0
AUT,2009,8.0,0.0,1.0
AUT,2010,8.0,0.0,1.0
AUT,2011,9.0,0.0,1.0
AUT,2012,9.0,0.0,1.0
AUT,2013,9.0,0.0,1.0
AUT,2014,9.0,0.0,1.0
AUT,2015,9.0,0.0,1.0
AUT,2016,9.0,0.0,1.0
AUT,2017,9.0,0.0,1.0
AUT,2018,9.0,0.0,1.0
AUT,2019,9.0,0.0,1.0
AUT,2020,9.0,0.0,1.0
AUT,2021,11.0,0.0,1.0
AUT,2022,11.0,0.0,1.0
AUT,2023,11.0,0.0,1.0
AZE,1996,0.0,0.0,0.0
AZE,1997,0.0,0.0,0.0
AZE,1998,0.0,0.0,0.0
AZE,1999,0.0,0.0,0.0
AZE,2000,1.0,0.0,0.0
AZE,2001,1.0,0.0,0.0
AZE,2002,1.0,0.0,0.0
AZE,2003,1.0,0.0,0.0
AZE,2004,1.0,0.0,0.0
AZE,2005,1.0,0.0,0.0
AZE,2006,1.0,0.0,0.0
AZE,2007,2.0,0.0,0.0
AZE,2008,2.0,0.0,0.0
AZE,2009,2.0,0.0,0.0
AZE,2010,2.0,0.0,0.0
AZE,2011,2.0,0.0,0.0
AZE,2012,2.0,0.0,0.0
AZE,2013,2.0,0.0,0.0
AZE,2014,2.0,0.0,0.0
AZE,2015,2.0,0.0,0.0
AZE,2016,2.0,0.0,0.0
AZE,2017,2.0,0.0,0.0
AZE,2018,2.0,0.0,0.0
AZE,2019,3.0,0.0,1.0
AZE,2020,3.0,0.0,1.0
AZE,2021,3.0,0.0,1.0
AZE,2022,3.0,0.0,1.0
AZE,2023,4.0,0.0,1.0
BEL,1996,0.0,0.0,0.0
BEL,1997,0.0,0.0,0.0
BEL,1998,3.0,0.0,0.0
BEL,1999,4.0,0.0,0.0
BEL,2000,8.0,0.0,0.0
BEL,2001,8.0,0.0,0.0
BEL,2002,8.0,0.0,0.0
BEL,2003,8.0,0.0,0.0
BEL,2004,8.0,0.0,0.0
BEL,2005,9.0,0.0,0.0
BEL,2006,9.0,0.0,0.0
BEL,2007,9.0,0.0,1.0
BEL,2008,9.0,0.0,1.0
BEL,2009,10.0,0.0,1.0
BEL,2010,10.0,0.0,1.0
BEL,2011,10.0,0.0,1.0
BEL,2012,11.0,0.0,1.0
BEL,2013,11.0,0.0,1.0
BEL,2014,11.0,0.0,1.0
BEL,2015,11.0,0.0,1.0
BEL,2016,12.0,0.0,1.0
BEL,2017,12.0,0.0,1.0
BEL,2018,12.0,0.0,1.0
BEL,2019,12.0,0.0,1.0
BEL,2020,12.0,0.0,1.0
BEL,2021,14.0,0.0,1.0
BEL,2022,14.0,0.0,1.0
BEL,2023,15.0,0.0,1.0
BEN,1996,1.0,0.0,1.0
BEN,1997,1.0,0.0,1.0
BEN,1998,1.0,0.0,1.0
BEN,1999,1.0,0.0,1.0
BEN,2000,1.0,0.0,1.0
BEN,2001,1.0,0.0,1.0
BEN,2002,1.0,0.0,1.0
BEN,2003,1.0,0.0,1.0
BEN,2004,2.0,0.0,1.0
BEN,2005,2.0,0.0,1.0
BEN,2006,2.0,0.0,1.0
BEN,2007,2.0,0.0,1.0
BEN,2008,2.0,0.0,1.0
BEN,2009,2.0,0.0,1.0
BEN,2010,2.0,0.0,1.0
BEN,2011,2.0,0.0,1.0
BEN,2012,2.0,0.0,1.0
BEN,2013,2.0,0.0,1.0
BEN,2014,2.0,0.0,1.0
BEN,2015,2.0,0.0,1.0
BEN,2016,2.0,0.0,1.0
BEN,2017,2.0,0.0,1.0
BEN,2018,2.0,0.0,1.0
BEN,2019,2.0,0.0,1.0
BEN,2020,2.0,0.0,1.0
BEN,2021,2.0,0.0,1.0
BEN,2022,2.0,0.0,1.0
BEN,2023,2.0,0.0,1.0
BFA,1996,0.0,0.0,1.0
BFA,1997,0.0,0.0,1.0
BFA,1998,0.0,0.0,1.0
BFA,1999,0.0,0.0,1.0
BFA,2000,0.0,0.0,1.0
BFA,2001,0.0,0.0,1.0
BFA,2002,0.0,0.0,1.0
BFA,2003,0.0,0.0,1.0
BFA,2004,0.0,0.0,1.0
BFA,2005,0.0,0.0,1.0
BFA,2006,0.0,0.0,1.0
BFA,2007,0.0,0.0,1.0
BFA,2008,0.0,0.0,1.0
BFA,2009,1.0,0.0,1.0
BFA,2010,1.0,0.0,1.0
BFA,2011,1.0,0.0,1.0
BFA,2012,1.0,0.0,1.0
BFA,2013,1.0,0.0,1.0
BFA,2014,1.0,0.0,1.0
BFA,2015,1.0,0.0,1.0
BFA,2016,1.0,0.0,1.0
BFA,2017,1.0,0.0,1.0
BFA,2018,1.0,0.0,1.0
BFA,2019,2.0,0.0,1.0
BFA,2020,2.0,0.0,1.0
BFA,2021,2.0,0.0,1.0
BFA,2022,2.0,0.0,1.0
BFA,2023,2.0,0.0,1.0
BGD,1996,2.0,0.0,0.0
BGD,1997,2.0,0.0,1.0
BGD,1998,2.0,0.0,1.0
BGD,1999,2.0,0.0,1.0
BGD,2000,2.0,0.0,1.0
BGD,2001,2.0,0.0,1.0
BGD,2002,2.0,0.0,1.0
BGD,2003,2.0,0.0,1.0
BGD,2004,2.0,0.0,1.0
BGD,2005,2.0,0.0,1.0
BGD,2006,2.0,0.0,1.0
BGD,2007,2.0,0.0,1.0
BGD,2008,2.0,0.0,1.0
BGD,2009,2.0,0.0,1.0
BGD,2010,2.0,0.0,1.0
BGD,2011,2.0,0.0,1.0
BGD,2012,2.0,0.0,1.0
BGD,2013,2.0,0.0,1.0
BGD,2014,2.0,0.0,1.0
BGD,2015,2.0,0.0,1.0
BGD,2016,2.0,0.0,1.0
BGD,2017,2.0,0.0,1.0
BGD,2018,2.0,0.0,1.0
BGD,2019,2.0,0.0,1.0
BGD,2020,2.0,0.0,1.0
BGD,2021,2.0,0.0,1.0
BGD,2022,2.0,0.0,1.0
BGD,2023,2.0,0.0,1.0
BGR,1996,7.0,0.0,2.0
BGR,1997,7.0,0.0,2.0
BGR,1998,7.0,0.0,2.0
BGR,1999,7.0,0.0,2.0
BGR,2000,7.0,0.0,2.0
BGR,2001,7.0,0.0,2.0
BGR,2002,7.0,0.0,2.0
BGR,2003,7.0,0.0,2.0
BGR,2004,7.0,0.0,2.0
BGR,2005,7.0,0.0,2.0
BGR,2006,7.0,0.0,2.0
BGR,2007,7.0,0.0,3.0
BGR,2008,7.0,0.0,3.0
BGR,2009,7.0,0.0,3.0
BGR,2010,7.0,0.0,3.0
BGR,2011,7.0,0.0,3.0
BGR,2012,7.0,0.0,3.0
BGR,2013,7.0,0.0,3.0
BGR,2014,7.0,0.0,3.0
BGR,2015,7.0,0.0,3.0
BGR,2016,7.0,0.0,3.0
BGR,2017,7.0,0.0,3.0
BGR,2018,7.0,0.0,3.0
BGR,2019,7.0,0.0,3.0
BGR,2020,7.0,0.0,3.0
BGR,2021,7.0,0.0,3.0
BGR,2022,7.0,0.0,3.0
BGR,2023,7.0,0.0,3.0
BHR,1996,0.0,0.0,0.0
BHR,1997,0.0,0.0,0.0
BHR,1998,0.0,0.0,0.0
BHR,1999,0.0,0.0,0.0
BHR,2000,0.0,0.0,0.0
BHR,2001,0.0,0.0,0.0
BHR,2002,0.0,0.0,0.0
BHR,2003,0.0,0.0,0.0
BHR,2004,0.0,0.0,0.0
BHR,2005,1.0,0.0,0.0
BHR,2006,1.0,0.0,0.0
BHR,2007,1.0,0.0,0.0
BHR,2008,1.0,0.0,0.0
BHR,2009,1.0,0.0,0.0
BHR,2010,1.0,0.0,0.0
BHR,2011,1.0,0.0,0.0
BHR,2012,2.0,0.0,0.0
BHR,2013,2.0,0.0,0.0
BHR,2014,2.0,0.0,0.0
BHR,2015,2.0,0.0,0.0
BHR,2016,2.0,0.0,0.0
BHR,2017,2.0,0.0,0.0
BHR,2018,2.0,0.0,0.0
BHR,2019,3.0,0.0,0.0
BHR,2020,3.0,0.0,0.0
BHR,2021,3.0,0.0,0.0
BHR,2022,3.0,0.0,0.0
BHR,2023,3.0,0.0,0.0
BIH,1996,0.0,0.0,0.0
BIH,1997,0.0,0.0,0.0
BIH,1998,0.0,0.0,0.0
BIH,1999,0.0,0.0,0.0
BIH,2000,0.0,0.0,0.0
BIH,2001,0.0,0.0,0.0
BIH,2002,0.0,0.0,0.0
BIH,2003,0.0,0.0,0.0
BIH,2004,0.0,0.0,0.0
BIH,2005,1.0,0.0,0.0
BIH,2006,1.0,0.0,0.0
BIH,2007,2.0,0.0,1.0
BIH,2008,2.0,0.0,1.0
BIH,2009,2.0,0.0,1.0
BIH,2010,2.0,0.0,1.0
BIH,2011,2.0,0.0,1.0
BIH,2012,2.0,0.0,1.0
BIH,2013,2.0,0.0,1.0
BIH,2014,2.0,0.0,1.0
BIH,2015,2.0,0.0,1.0
BIH,2016,3.0,0.0,1.0
BIH,2017,3.0,0.0,1.0
BIH,2018,3.0,0.0,1.0
BIH,2019,3.0,0.0,1.0
BIH,2020,3.0,0.0,1.0
BIH,2021,3.0,0.0,1.0
BIH,2022,3.0,0.0,1.0
BIH,2023,3.0,0.0,1.0
BLR,1996,0.0,0.0,1.0
BLR,1997,0.0,0.0,1.0
BLR,1998,0.0,0.0,1.0
BLR,1999,0.0,0.0,1.0
BLR,2000,1.0,0.0,1.0
BLR,2001,1.0,0.0,1.0
BLR,2002,1.0,0.0,1.0
BLR,2003,1.0,0.0,1.0
BLR,2004,1.0,0.0,1.0
BLR,2005,3.0,0.0,1.0
BLR,2006,3.0,0.0,1.0
BLR,2007,3.0,0.0,1.0
BLR,2008,3.0,0.0,1.0
BLR,2009,3.0,0.0,1.0
BLR,2010,3.0,0.0,1.0
BLR,2011,3.0,0.0,1.0
BLR,2012,3.0,0.0,1.0
BLR,2013,3.0,0.0,1.0
BLR,2014,3.0,0.0,1.0
BLR,2015,3.0,0.0,1.0
BLR,2016,3.0,0.0,1.0
BLR,2017,3.0,0.0,1.0
BLR,2018,3.0,0.0,1.0
BLR,2019,3.0,0.0,1.0
BLR,2020,3.0,0.0,1.0
BLR,2021,3.0,0.0,1.0
BLR,2022,3.0,0.0,1.0
BLR,2023,3.0,0.0,1.0
BLZ,1996,0.0,0.0,1.0
BLZ,1997,0.0,0.0,1.0
BLZ,1998,0.0,0.0,1.0
BLZ,1999,0.0,0.0,1.0
BLZ,2000,0.0,0.0,1.0
BLZ,2001,0.0,0.0,1.0
BLZ,2002,0.0,0.0,1.0
BLZ,2003,0.0,0.0,1.0
BLZ,2004,0.0,0.0,1.0
BLZ,2005,0.0,0.0,1.0
BLZ,2006,0.0,0.0,1.0
BLZ,2007,0.0,0.0,1.0
BLZ,2008,0.0,0.0,1.0
BLZ,2009,0.0,0.0,1.0
BLZ,2010,0.0,0.0,1.0
BLZ,2011,0.0,0.0,1.0
BLZ,2012,0.0,0.0,1.0
BLZ,2013,0.0,0.0,1.0
BLZ,2014,0.0,0.0,1.0
BLZ,2015,0.0,0.0,1.0
BLZ,2016,0.0,0.0,1.0
BLZ,2017,0.0,0.0,1.0
BLZ,2018,0.0,0.0,1.0
BLZ,2019,0.0,0.0,1.0
BLZ,2020,0.0,0.0,1.0
BLZ,2021,0.0,0.0,1.0
BLZ,2022,0.0,0.0,1.0
BLZ,2023,0.0,0.0,1.0
BOL,1996,3.0,0.0,0.0
BOL,1997,3.0,0.0,0.0
BOL,1998,4.0,0.0,0.0
BOL,1999,4.0,0.0,0.0
BOL,2000,5.0,0.0,1.0
BOL,2001,5.0,0.0,1.0
BOL,2002,5.0,0.0,1.0
BOL,2003,5.0,0.0,1.0
BOL,2004,5.0,0.0,1.0
BOL,2005,5.0,0.0,1.0
BOL,2006,5.0,0.0,1.0
BOL,2007,5.0,0.0,1.0
BOL,2008,5.0,0.0,1.0
BOL,2009,5.0,0.0,1.0
BOL,2010,5.0,0.0,1.0
BOL,2011,5.0,0.0,1.0
BOL,2012,5.0,0.0,1.0
BOL,2013,5.0,0.0,1.0
BOL,2014,6.0,0.0,1.0
BOL,2015,6.0,0.0,1.0
BOL,2016,6.0,0.0,1.0
BOL,2017,6.0,0.0,1.0
BOL,2018,6.0,0.0,1.0
BOL,2019,6.0,0.0,1.0
BOL,2020,6.0,0.0,1.0
BOL,2021,6.0,0.0,1.0
BOL,2022,6.0,0.0,1.0
BOL,2023,6.0,0.0,1.0
BRA,1996,7.0,0.0,1.0
BRA,1997,8.0,0.0,1.0
BRA,1998,8.0,0.0,1.0
BRA,1999,9.0,0.0,3.0
BRA,2000,9.0,0.0,5.0
BRA,2001,10.0,0.0,7.0
BRA,2002,10.0,0.0,7.0
BRA,2003,10.0,0.0,7.0
BRA,2004,10.0,0.0,7.0
BRA,2005,10.0,0.0,7.0
BRA,2006,10.0,0.0,7.0
BRA,2007,10.0,0.0,7.0
BRA,2008,10.0,0.0,7.0
BRA,2009,10.0,0.0,7.0
BRA,2010,11.0,0.0,7.0
BRA,2011,11.0,0.0,7.0
BRA,2012,12.0,0.0,7.0
BRA,2013,12.0,0.0,7.0
BRA,2014,12.0,0.0,7.0
BRA,2015,12.0,0.0,7.0
BRA,2016,13.0,0.0,7.0
BRA,2017,14.0,0.0,7.0
BRA,2018,14.0,0.0,7.0
BRA,2019,14.0,1.0,7.0
BRA,2020,14.0,1.0,7.0
BRA,2021,15.0,1.0,7.0
BRA,2022,15.0,1.0,7.0
BRA,2023,15.0,1.0,7.0
BRB,1996,0.0,0.0,0.0
BRB,1997,0.0,0.0,0.0
BRB,1998,0.0,0.0,0.0
BRB,1999,0.0,0.0,0.0
BRB,2000,0.0,0.0,0.0
BRB,2001,0.0,0.0,0.0
BRB,2002,0.0,0.0,0.0
BRB,2003,0.0,0.0,0.0
BRB,2004,0.0,0.0,0.0
BRB,2005,0.0,0.0,0.0
BRB,2006,0.0,0.0,0.0
BRB,2007,0.0,0.0,0.0
BRB,2008,0.0,0.0,0.0
BRB,2009,0.0,0.0,0.0
BRB,2010,0.0,0.0,0.0
BRB,2011,1.0,0.0,0.0
BRB,2012,1.0,0.0,0.0
BRB,2013,1.0,0.0,0.0
BRB,2014,1.0,0.0,0.0
BRB,2015,1.0,0.0,0.0
BRB,2016,1.0,0.0,0.0
BRB,2017,1.0,0.0,0.0
BRB,2018,1.0,0.0,0.0
BRB,2019,1.0,0.0,0.0
BRB,2020,1.0,0.0,0.0
BRB,2021,1.0,0.0,0.0
BRB,2022,1.0,0.0,0.0
BRB,2023,1.0,0.0,0.0
BWA,1996,0.0,0.0,0.0
BWA,1997,0.0,0.0,0.0
BWA,1998,0.0,0.0,0.0
BWA,1999,0.0,0.0,0.0
BWA,2000,0.0,0.0,0.0
BWA,2001,1.0,0.0,0.0
BWA,2002,1.0,0.0,0.0
BWA,2003,1.0,0.0,0.0
BWA,2004,1.0,0.0,0.0
BWA,2005,1.0,0.0,0.0
BWA,2006,1.0,0.0,0.0
BWA,2007,1.0,0.0,0.0
BWA,2008,1.0,0.0,0.0
BWA,2009,1.0,0.0,0.0
BWA,2010,1.0,0.0,0.0
BWA,2011,1.0,0.0,0.0
BWA,2012,1.0,0.0,0.0
BWA,2013,1.0,0.0,0.0
BWA,2014,1.0,0.0,1.0
BWA,2015,1.0,0.0,1.0
BWA,2016,1.0,0.0,1.0
BWA,2017,1.0,0.0,1.0
BWA,2018,1.0,0.0,1.0
BWA,2019,1.0,0.0,1.0
BWA,2020,1.0,0.0,1.0
BWA,2021,1.0,0.0,1.0
BWA,2022,1.0,0.0,1.0
BWA,2023,1.0,0.0,1.0
CAF,1996,0.0,0.0,1.0
CAF,1997,0.0,0.0,1.0
CAF,1998,0.0,0.0,1.0
CAF,1999,0.0,0.0,1.0
CAF,2000,0.0,0.0,1.0
CAF,2001,0.0,0.0,1.0
CAF,2002,0.0,0.0,1.0
CAF,2003,0.0,0.0,1.0
CAF,2004,0.0,0.0,1.0
CAF,2005,0.0,0.0,1.0
CAF,2006,0.0,0.0,1.0
CAF,2007,0.0,0.0,1.0
CAF,2008,0.0,0.0,1.0
CAF,2009,0.0,0.0,1.0
CAF,2010,0.0,0.0,1.0
CAF,2011,0.0,0.0,1.0
CAF,2012,0.0,0.0,2.0
CAF,2013,0.0,0.0,2.0
CAF,2014,0.0,0.0,2.0
CAF,2015,0.0,0.0,2.0
CAF,2016,0.0,0.0,2.0
CAF,2017,0.0,0.0,2.0
CAF,2018,0.0,0.0,2.0
CAF,2019,0.0,0.0,2.0
CAF,2020,0.0,0.0,2.0
CAF,2021,0.0,0.0,2.0
CAF,2022,0.0,0.0,2.0
CAF,2023,0.0,0.0,2.0
CAN,1996,5.0,0.0,7.0
CAN,1997,5.0,0.0,7.0
CAN,1998,5.0,0.0,7.0
CAN,1999,5.0,0.0,8.0
CAN,2000,5.0,0.0,8.0
CAN,2001,5.0,0.0,8.0
CAN,2002,5.0,0.0,8.0
CAN,2003,5.0,0.0,8.0
CAN,2004,5.0,0.0,8.0
CAN,2005,5.0,0.0,8.0
CAN,2006,5.0,0.0,8.0
CAN,2007,6.0,0.0,8.0
CAN,2008,6.0,0.0,9.0
CAN,2009,6.0,0.0,9.0
CAN,2010,6.0,0.0,9.0
CAN,2011,6.0,0.0,9.0
CAN,2012,7.0,0.0,9.0
CAN,2013,8.0,0.0,9.0
CAN,2014,8.0,0.0,9.0
CAN,2015,8.0,0.0,9.0
CAN,2016,8.0,0.0,10.0
CAN,2017,8.0,0.0,10.0
CAN,2018,8.0,1.0,10.0
CAN,2019,9.0,1.0,10.0
CAN,2020,9.0,1.0,10.0
CAN,2021,9.0,1.0,10.0
CAN,2022,9.0,1.0,10.0
CAN,2023,10.0,1.0,11.0
CHE,1996,3.0,0.0,0.0
CHE,1997,3.0,0.0,0.0
CHE,1998,3.0,0.0,0.0
CHE,1999,3.0,0.0,0.0
CHE,2000,4.0,0.0,0.0
CHE,2001,4.0,0.0,1.0
CHE,2002,4.0,0.0,1.0
CHE,2003,4.0,0.0,2.0
CHE,2004,4.0,0.0,2.0
CHE,2005,4.0,0.0,2.0
CHE,2006,4.0,0.0,2.0
CHE,2007,5.0,0.0,3.0
CHE,2008,6.0,0.0,4.0
CHE,2009,7.0,0.0,4.0
CHE,2010,7.0,0.0,4.0
CHE,2011,8.0,0.0,4.0
CHE,2012,8.0,0.0,4.0
CHE,2013,8.0,0.0,4.0
CHE,2014,8.0,0.0,4.0
CHE,2015,8.0,0.0,4.0
CHE,2016,9.0,0.0,4.0
CHE,2017,9.0,0.0,4.0
CHE,2018,9.0,0.0,4.0
CHE,2019,9.0,0.0,4.0
CHE,2020,9.0,0.0,4.0
CHE,2021,9.0,0.0,4.0
CHE,2022,9.0,0.0,4.0
CHE,2023,9.0,0.0,4.0
CHL,1996,1.0,0.0,0.0
CHL,1997,1.0,0.0,0.0
CHL,1998,1.0,0.0,0.0
CHL,1999,1.0,0.0,0.0
CHL,2000,2.0,0.0,0.0
CHL,2001,2.0,0.0,0.0
CHL,2002,2.0,0.0,0.0
CHL,2003,3.0,0.0,0.0
CHL,2004,3.0,0.0,0.0
CHL,2005,4.0,0.0,0.0
CHL,2006,5.0,0.0,0.0
CHL,2007,5.0,0.0,0.0
CHL,2008,5.0,0.0,0.0
CHL,2009,5.0,0.0,0.0
CHL,2010,5.0,0.0,0.0
CHL,2011,5.0,0.0,0.0
CHL,2012,5.0,0.0,0.0
CHL,2013,5.0,0.0,0.0
CHL,2014,6.0,0.0,0.0
CHL,2015,6.0,0.0,0.0
CHL,2016,6.0,0.0,0.0
CHL,2017,6.0,0.0,0.0
CHL,2018,6.0,0.0,0.0
CHL,2019,6.0,0.0,0.0
CHL,2020,6.0,0.0,0.0
CHL,2021,7.0,0.0,0.0
CHL,2022,7.0,0.0,0.0
CHL,2023,7.0,0.0,0.0
CHN,1996,10.0,3.0,3.0
CHN,1997,13.0,3.0,3.0
CHN,1998,15.0,3.0,3.0
CHN,1999,16.0,4.0,3.0
CHN,2000,20.0,4.0,3.0
CHN,2001,21.0,4.0,3.0
CHN,2002,21.0,4.0,3.0
CHN,2003,21.0,4.0,4.0
CHN,2004,22.0,4.0,4.0
CHN,2005,23.0,4.0,4.0
CHN,2006,24.0,4.0,5.0
CHN,2007,25.0,4.0,6.0
CHN,2008,26.0,4.0,7.0
CHN,2009,27.0,4.0,7.0
CHN,2010,28.0,4.0,8.0
CHN,2011,29.0,4.0,8.0
CHN,2012,30.0,4.0,9.0
CHN,2013,31.0,4.0,10.0
CHN,2014,33.0,4.0,10.0
CHN,2015,34.0,4.0,10.0
CHN,2016,35.0,4.0,11.0
CHN,2017,36.0,4.0,12.0
CHN,2018,36.0,4.0,13.0
CHN,2019,37.0,4.0,14.0
CHN,2020,37.0,4.0,14.0
CHN,2021,38.0,4.0,14.0
CHN,2022,38.0,4.0,14.0
CHN,2023,39.0,4.0,14.0
CIV,1996,0.0,0.0,3.0
CIV,1997,0.0,0.0,3.0
CIV,1998,0.0,0.0,3.0
CIV,1999,0.0,0.0,3.0
CIV,2000,0.0,0.0,3.0
CIV,2001,0.0,0.0,3.0
CIV,2002,0.0,0.0,3.0
CIV,2003,0.0,0.0,3.0
CIV,2004,0.0,0.0,3.0
CIV,2005,0.0,0.0,3.0
CIV,2006,0.0,0.0,3.0
CIV,2007,0.0,0.0,3.0
CIV,2008,0.0,0.0,3.0
CIV,2009,0.0,0.0,3.0
CIV,2010,0.0,0.0,3.0
CIV,2011,0.0,0.0,3.0
CIV,2012,1.0,0.0,3.0
CIV,2013,1.0,0.0,3.0
CIV,2014,1.0,0.0,3.0
CIV,2015,1.0,0.0,3.0
CIV,2016,1.0,0.0,3.0
CIV,2017,1.0,0.0,3.0
CIV,2018,1.0,0.0,3.0
CIV,2019,1.0,0.0,3.0
CIV,2020,1.0,0.0,3.0
CIV,2021,2.0,0.0,3.0
CIV,2022,2.0,0.0,3.0
CIV,2023,2.0,0.0,3.0
CMR,1996,0.0,0.0,1.0
CMR,1997,0.0,0.0,1.0
CMR,1998,0.0,0.0,1.0
CMR,1999,0.0,0.0,1.0
CMR,2000,0.0,0.0,1.0
CMR,2001,0.0,0.0,1.0
CMR,2002,0.0,0.0,1.0
CMR,2003,0.0,0.0,1.0
CMR,2004,0.0,0.0,1.0
CMR,2005,0.0,0.0,1.0
CMR,2006,0.0,0.0,1.0
CMR,2007,0.0,0.0,1.0
CMR,2008,0.0,0.0,1.0
CMR,2009,0.0,0.0,1.0
CMR,2010,0.0,0.0,1.0
CMR,2011,0.0,0.0,1.0
CMR,2012,0.0,0.0,2.0
CMR,2013,0.0,0.0,2.0
CMR,2014,0.0,0.0,2.0
CMR,2015,0.0,0.0,2.0
CMR,2016,0.0,0.0,2.0
CMR,2017,0.0,0.0,2.0
CMR,2018,0.0,0.0,2.0
CMR,2019,0.0,0.0,2.0
CMR,2020,0.0,0.0,2.0
CMR,2021,0.0,0.0,2.0
CMR,2022,0.0,0.0,2.0
CMR,2023,0.0,0.0,2.0
COD,1996,0.0,0.0,5.0
COD,1997,0.0,0.0,5.0
COD,1998,0.0,0.0,5.0
COD,1999,0.0,0.0,5.0
COD,2000,0.0,0.0,5.0
COD,2001,0.0,0.0,5.0
COD,2002,0.0,0.0,5.0
COD,2003,0.0,0.0,5.0
COD,2004,0.0,0.0,5.0
COD,2005,0.0,0.0,5.0
COD,2006,0.0,0.0,5.0
COD,2007,0.0,0.0,5.0
COD,2008,0.0,0.0,5.0
COD,2009,0.0,0.0,5.0
COD,2010,0.0,0.0,5.0
COD,2011,0.0,0.0,5.0
COD,2012,0.0,0.0,5.0
COD,2013,0.0,0.0,5.0
COD,2014,0.0,0.0,5.0
COD,2015,0.0,0.0,5.0
COD,2016,0.0,0.0,5.0
COD,2017,0.0,0.0,5.0
COD,2018,0.0,0.0,5.0
COD,2019,0.0,0.0,5.0
COD,2020,0.0,0.0,5.0
COD,2021,0.0,0.0,5.0
COD,2022,0.0,0.0,5.0
COD,2023,0.0,0.0,5.0
COG,1996,0.0,0.0,0.0
COG,1997,0.0,0.0,0.0
COG,1998,0.0,0.0,0.0
COG,1999,0.0,0.0,0.0
COG,2000,0.0,0.0,0.0
COG,2001,0.0,0.0,0.0
COG,2002,0.0,0.0,0.0
COG,2003,0.0,0.0,0.0
COG,2004,0.0,0.0,0.0
COG,2005,0.0,0.0,0.0
COG,2006,0.0,0.0,0.0
COG,2007,0.0,0.0,0.0
COG,2008,0.0,0.0,0.0
COG,2009,0.0,0.0,0.0
COG,2010,0.0,0.0,0.0
COG,2011,0.0,0.0,0.0
COG,2012,0.0,0.0,1.0
COG,2013,0.0,0.0,1.0
COG,2014,0.0,0.0,1.0
COG,2015,0.0,0.0,1.0
COG,2016,0.0,0.0,1.0
COG,2017,0.0,0.0,1.0
COG,2018,0.0,0.0,1.0
COG,2019,0.0,0.0,1.0
COG,2020,0.0,0.0,1.0
COG,2021,0.0,0.0,1.0
COG,2022,0.0,0.0,1.0
COG,2023,0.0,0.0,2.0
COL,1996,4.0,0.0,1.0
COL,1997,4.0,0.0,1.0
COL,1998,4.0,0.0,1.0
COL,1999,4.0,0.0,1.0
COL,2000,4.0,0.0,1.0
COL,2001,4.0,0.0,1.0
COL,2002,4.0,0.0,1.0
COL,2003,4.0,0.0,1.0
COL,2004,4.0,0.0,1.0
COL,2005,4.0,0.0,1.0
COL,2006,4.0,0.0,2.0
COL,2007,4.0,0.0,2.0
COL,2008,4.0,0.0,2.0
COL,2009,4.0,0.0,2.0
COL,2010,4.0,0.0,2.0
COL,2011,5.0,0.0,2.0
COL,2012,5.0,0.0,2.0
COL,2013,5.0,0.0,2.0
COL,2014,6.0,0.0,2.0
COL,2015,6.0,0.0,2.0
COL,2016,6.0,0.0,2.0
COL,2017,6.0,0.0,2.0
COL,2018,6.0,1.0,2.0
COL,2019,6.0,1.0,2.0
COL,2020,6.0,1.0,2.0
COL,2021,6.0,1.0,2.0
COL,2022,6.0,1.0,2.0
COL,2023,6.0,1.0,2.0
CPV,1996,0.0,0.0,0.0
CPV,1997,0.0,0.0,0.0
CPV,1998,0.0,0.0,0.0
CPV,1999,0.0,0.0,0.0
CPV,2000,0.0,0.0,0.0
CPV,2001,0.0,0.0,0.0
CPV,2002,0.0,0.0,0.0
CPV,2003,0.0,0.0,0.0
CPV,2004,0.0,0.0,0.0
CPV,2005,0.0,0.0,0.0
CPV,2006,0.0,0.0,0.0
CPV,2007,0.0,0.0,0.0
CPV,2008,0.0,0.0,0.0
CPV,2009,1.0,0.0,0.0
CPV,2010,1.0,0.0,0.0
CPV,2011,1.0,0.0,0.0
CPV,2012,1.0,0.0,0.0
CPV,2013,1.0,0.0,0.0
CPV,2014,1.0,0.0,0.0
CPV,2015,1.0,0.0,0.0
CPV,2016,1.0,0.0,0.0
CPV,2017,1.0,0.0,0.0
CPV,2018,1.0,0.0,0.0
CPV,2019,1.0,0.0,0.0
CPV,2020,1.0,0.0,0.0
CPV,2021,1.0,0.0,0.0
CPV,2022,1.0,0.0,0.0
CPV,2023,1.0,0.0,0.0
CRI,1996,0.0,0.0,1.0
CRI,1997,0.0,0.0,2.0
CRI,1998,0.0,0.0,2.0
CRI,1999,0.0,0.0,3.0
CRI,2000,0.0,0.0,3.0
CRI,2001,0.0,0.0,3.0
CRI,2002,0.0,0.0,3.0
CRI,2003,0.0,0.0,3.0
CRI,2004,0.0,0.0,3.0
CRI,2005,0.0,0.0,3.0
CRI,2006,0.0,0.0,3.0
CRI,2007,0.0,0.0,3.0
CRI,2008,0.0,0.0,3.0
CRI,2009,0.0,0.0,3.0
CRI,2010,0.0,0.0,3.0
CRI,2011,0.0,0.0,3.0
CRI,2012,0.0,0.0,3.0
CRI,2013,0.0,0.0,3.0
CRI,2014,1.0,0.0,3.0
CRI,2015,1.0,0.0,3.0
CRI,2016,1.0,0.0,3.0
CRI,2017,1.0,0.0,3.0
CRI,2018,1.0,0.0,3.0
CRI,2019,1.0,0.0,3.0
CRI,2020,1.0,0.0,3.0
CRI,2021,1.0,0.0,3.0
CRI,2022,1.0,0.0,3.0
CRI,2023,1.0,0.0,3.0
CUB,1996,2.0,0.0,0.0
CUB,1997,3.0,0.0,0.0
CUB,1998,3.0,0.0,0.0
CUB,1999,4.0,0.0,1.0
CUB,2000,5.0,0.0,1.0
CUB,2001,5.0,0.0,2.0
CUB,2002,5.0,0.0,2.0
CUB,2003,5.0,0.0,2.0
CUB,2004,5.0,0.0,2.0
CUB,2005,6.0,0.0,2.0
CUB,2006,6.0,0.0,2.0
CUB,2007,6.0,0.0,2.0
CUB,2008,7.0,0.0,2.0
CUB,2009,7.0,0.0,2.0
CUB,2010,7.0,0.0,2.0
CUB,2011,7.0,0.0,2.0
CUB,2012,7.0,0.0,2.0
CUB,2013,7.0,0.0,2.0
CUB,2014,7.0,0.0,2.0
CUB,2015,7.0,0.0,2.0
CUB,2016,7.0,0.0,2.0
CUB,2017,7.0,0.0,2.0
CUB,2018,7.0,0.0,2.0
CUB,2019,7.0,0.0,2.0
CUB,2020,7.0,0.0,2.0
CUB,2021,7.0,0.0,2.0
CUB,2022,7.0,0.0,2.0
CUB,2023,7.0,0.0,2.0
CYP,1996,2.0,0.0,0.0
CYP,1997,2.0,0.0,0.0
CYP,1998,3.0,0.0,0.0
CYP,1999,3.0,0.0,0.0
CYP,2000,3.0,0.0,0.0
CYP,2001,3.0,0.0,0.0
CYP,2002,3.0,0.0,0.0
CYP,2003,3.0,0.0,0.0
CYP,2004,3.0,0.0,0.0
CYP,2005,3.0,0.0,0.0
CYP,2006,3.0,0.0,0.0
CYP,2007,3.0,0.0,0.0
CYP,2008,3.0,0.0,0.0
CYP,2009,3.0,0.0,0.0
CYP,2010,3.0,0.0,0.0
CYP,2011,3.0,0.0,0.0
CYP,2012,3.0,0.0,0.0
CYP,2013,3.0,0.0,0.0
CYP,2014,3.0,0.0,0.0
CYP,2015,3.0,0.0,0.0
CYP,2016,3.0,0.0,0.0
CYP,2017,3.0,0.0,0.0
CYP,2018,3.0,0.0,0.0
CYP,2019,3.0,0.0,0.0
CYP,2020,3.0,0.0,0.0
CYP,2021,3.0,0.0,0.0
CYP,2022,3.0,0.0,0.0
CYP,2023,3.0,0.0,0.0
CZE,1996,6.0,0.0,0.0
CZE,1997,6.0,0.0,0.0
CZE,1998,8.0,0.0,0.0
CZE,1999,9.0,0.0,0.0
CZE,2000,10.0,0.0,0.0
CZE,2001,11.0,0.0,0.0
CZE,2002,11.0,0.0,0.0
CZE,2003,12.0,0.0,0.0
CZE,2004,12.0,0.0,0.0
CZE,2005,12.0,0.0,0.0
CZE,2006,12.0,0.0,0.0
CZE,2007,12.0,0.0,1.0
CZE,2008,12.0,0.0,1.0
CZE,2009,12.0,0.0,1.0
CZE,2010,12.0,0.0,1.0
CZE,2011,12.0,0.0,1.0
CZE,2012,12.0,0.0,1.0
CZE,2013,12.0,0.0,1.0
CZE,2014,12.0,0.0,1.0
CZE,2015,12.0,0.0,1.0
CZE,2016,12.0,0.0,1.0
CZE,2017,12.0,0.0,1.0
CZE,2018,12.0,0.0,1.0
CZE,2019,14.0,0.0,1.0
CZE,2020,14.0,0.0,1.0
CZE,2021,15.0,0.0,1.0
CZE,2022,15.0,0.0,1.0
CZE,2023,16.0,0.0,1.0
DEU,1996,19.0,0.0,1.0
DEU,1997,19.0,0.0,1.0
DEU,1998,20.0,0.0,1.0
DEU,1999,22.0,0.0,1.0
DEU,2000,24.0,0.0,1.0
DEU,2001,25.0,0.0,1.0
DEU,2002,27.0,0.0,1.0
DEU,2003,27.0,0.0,1.0
DEU,2004,29.0,0.0,1.0
DEU,2005,29.0,0.0,1.0
DEU,2006,30.0,0.0,1.0
DEU,2007,30.0,0.0,2.0
DEU,2008,31.0,0.0,2.0
DEU,2009,31.0,0.0,3.0
DEU,2010,31.0,0.0,3.0
DEU,2011,33.0,0.0,3.0
DEU,2012,34.0,0.0,3.0
DEU,2013,35.0,0.0,3.0
DEU,2014,36.0,0.0,3.0
DEU,2015,38.0,0.0,3.0
DEU,2016,39.0,0.0,3.0
DEU,2017,40.0,0.0,3.0
DEU,2018,42.0,0.0,3.0
DEU,2019,44.0,0.0,3.0
DEU,2020,44.0,0.0,3.0
DEU,2021,49.0,0.0,3.0
DEU,2022,49.0,0.0,3.0
DEU,2023,50.0,0.0,3.0
DMA,1996,0.0,0.0,0.0
DMA,1997,0.0,0.0,1.0
DMA,1998,0.0,0.0,1.0
DMA,1999,0.0,0.0,1.0
DMA,2000,0.0,0.0,1.0
DMA,2001,0.0,0.0,1.0
DMA,2002,0.0,0.0,1.0
DMA,2003,0.0,0.0,1.0
DMA,2004,0.0,0.0,1.0
DMA,2005,0.0,0.0,1.0
DMA,2006,0.0,0.0,1.0
DMA,2007,0.0,0.0,1.0
DMA,2008,0.0,0.0,1.0
DMA,2009,0.0,0.0,1.0
DMA,2010,0.0,0.0,1.0
DMA,2011,0.0,0.0,1.0
DMA,2012,0.0,0.0,1.0
DMA,2013,0.0,0.0,1.0
DMA,2014,0.0,0.0,1.0
DMA,2015,0.0,0.0,1.0
DMA,2016,0.0,0.0,1.0
DMA,2017,0.0,0.0,1.0
DMA,2018,0.0,0.0,1.0
DMA,2019,0.0,0.0,1.0
DMA,2020,0.0,0.0,1.0
DMA,2021,0.0,0.0,1.0
DMA,2022,0.0,0.0,1.0
DMA,2023,0.0,0.0,1.0
DNK,1996,2.0,0.0,0.0
DNK,1997,2.0,0.0,0.0
DNK,1998,2.0,0.0,0.0
DNK,1999,2.0,0.0,0.0
DNK,2000,3.0,0.0,0.0
DNK,2001,3.0,0.0,0.0
DNK,2002,3.0,0.0,0.0
DNK,2003,3.0,0.0,0.0
DNK,2004,3.0,0.0,1.0
DNK,2005,3.0,0.0,1.0
DNK,2006,3.0,0.0,1.0
DNK,2007,3.0,0.0,1.0
DNK,2008,3.0,0.0,1.0
DNK,2009,3.0,0.0,2.0
DNK,2010,3.0,0.0,2.0
DNK,2011,3.0,0.0,2.0
DNK,2012,3.0,0.0,2.0
DNK,2013,3.0,0.0,2.0
DNK,2014,3.0,0.0,3.0
DNK,2015,5.0,0.0,3.0
DNK,2016,5.0,0.0,3.0
DNK,2017,6.0,0.0,3.0
DNK,2018,7.0,0.0,3.0
DNK,2019,7.0,0.0,3.0
DNK,2020,7.0,0.0,3.0
DNK,2021,7.0,0.0,3.0
DNK,2022,7.0,0.0,3.0
DNK,2023,8.0,0.0,3.0
DOM,1996,1.0,0.0,0.0
DOM,1997,1.0,0.0,0.0
DOM,1998,1.0,0.0,0.0
DOM,1999,1.0,0.0,0.0
DOM,2000,1.0,0.0,0.0
DOM,2001,1.0,0.0,0.0
DOM,2002,1.0,0.0,0.0
DOM,2003,1.0,0.0,0.0
DOM,2004,1.0,0.0,0.0
DOM,2005,1.0,0.0,0.0
DOM,2006,1.0,0.0,0.0
DOM,2007,1.0,0.0,0.0
DOM,2008,1.0,0.0,0.0
DOM,2009,1.0,0.0,0.0
DOM,2010,1.0,0.0,0.0
DOM,2011,1.0,0.0,0.0
DOM,2012,1.0,0.0,0.0
DOM,2013,1.0,0.0,0.0
DOM,2014,1.0,0.0,0.0
DOM,2015,1.0,0.0,0.0
DOM,2016,1.0,0.0,0.0
DOM,2017,1.0,0.0,0.0
DOM,2018,1.0,0.0,0.0
DOM,2019,1.0,0.0,0.0
DOM,2020,1.0,0.0,0.0
DOM,2021,1.0,0.0,0.0
DOM,2022,1.0,0.0,0.0
DOM,2023,1.0,0.0,0.0
DZA,1996,6.0,1.0,0.0
DZA,1997,6.0,1.0,0.0
DZA,1998,6.0,1.0,0.0
DZA,1999,6.0,1.0,0.0
DZA,2000,6.0,1.0,0.0
DZA,2001,6.0,1.0,0.0
DZA,2002,6.0,1.0,0.0
DZA,2003,6.0,1.0,0.0
DZA,2004,6.0,1.0,0.0
DZA,2005,6.0,1.0,0.0
DZA,2006,6.0,1.0,0.0
DZA,2007,6.0,1.0,0.0
DZA,2008,6.0,1.0,0.0
DZA,2009,6.0,1.0,0.0
DZA,2010,6.0,1.0,0.0
DZA,2011,6.0,1.0,0.0
DZA,2012,6.0,1.0,0.0
DZA,2013,6.0,1.0,0.0
DZA,2014,6.0,1.0,0.0
DZA,2015,6.0,1.0,0.0
DZA,2016,6.0,1.0,0.0
DZA,2017,6.0,1.0,0.0
DZA,2018,6.0,1.0,0.0
DZA,2019,6.0,1.0,0.0
DZA,2020,6.0,1.0,0.0
DZA,2021,6.0,1.0,0.0
DZA,2022,6.0,1.0,0.0
DZA,2023,6.0,1.0,0.0
ECU,1996,1.0,0.0,2.0
ECU,1997,1.0,0.0,2.0
ECU,1998,1.0,0.0,2.0
ECU,1999,2.0,0.0,2.0
ECU,2000,2.0,0.0,2.0
ECU,2001,2.0,0.0,2.0
ECU,2002,2.0,0.0,2.0
ECU,2003,2.0,0.0,2.0
ECU,2004,2.0,0.0,2.0
ECU,2005,2.0,0.0,2.0
ECU,2006,2.0,0.0,2.0
ECU,2007,2.0,0.0,2.0
ECU,2008,2.0,0.0,2.0
ECU,2009,2.0,0.0,2.0
ECU,2010,2.0,0.0,2.0
ECU,2011,2.0,0.0,2.0
ECU,2012,2.0,0.0,2.0
ECU,2013,2.0,0.0,2.0
ECU,2014,3.0,0.0,2.0
ECU,2015,3.0,0.0,2.0
ECU,2016,3.0,0.0,2.0
ECU,2017,3.0,0.0,2.0
ECU,2018,3.0,0.0,2.0
ECU,2019,3.0,0.0,2.0
ECU,2020,3.0,0.0,2.0
ECU,2021,3.0,0.0,2.0
ECU,2022,3.0,0.0,2.0
ECU,2023,3.0,0.0,2.0
EGY,1996,5.0,0.0,0.0
EGY,1997,5.0,0.0,0.0
EGY,1998,5.0,0.0,0.0
EGY,1999,5.0,0.0,0.0
EGY,2000,5.0,0.0,0.0
EGY,2001,5.0,0.0,0.0
EGY,2002,6.0,0.0,0.0
EGY,2003,6.0,0.0,0.0
EGY,2004,6.0,0.0,0.0
EGY,2005,6.0,0.0,1.0
EGY,2006,6.0,0.0,1.0
EGY,2007,6.0,0.0,1.0
EGY,2008,6.0,0.0,1.0
EGY,2009,6.0,0.0,1.0
EGY,2010,6.0,0.0,1.0
EGY,2011,6.0,0.0,1.0
EGY,2012,6.0,0.0,1.0
EGY,2013,6.0,0.0,1.0
EGY,2014,6.0,0.0,1.0
EGY,2015,6.0,0.0,1.0
EGY,2016,6.0,0.0,1.0
EGY,2017,6.0,0.0,1.0
EGY,2018,6.0,0.0,1.0
EGY,2019,6.0,0.0,1.0
EGY,2020,6.0,0.0,1.0
EGY,2021,6.0,0.0,1.0
EGY,2022,6.0,0.0,1.0
EGY,2023,6.0,0.0,1.0
ERI,1996,0.0,0.0,0.0
ERI,1997,0.0,0.0,0.0
ERI,1998,0.0,0.0,0.0
ERI,1999,0.0,0.0,0.0
ERI,2000,0.0,0.0,0.0
ERI,2001,0.0,0.0,0.0
ERI,2002,0.0,0.0,0.0
ERI,2003,0.0,0.0,0.0
ERI,2004,0.0,0.0,0.0
ERI,2005,0.0,0.0,0.0
ERI,2006,0.0,0.0,0.0
ERI,2007,0.0,0.0,0.0
ERI,2008,0.0,0.0,0.0
ERI,2009,0.0,0.0,0.0
ERI,2010,0.0,0.0,0.0
ERI,2011,0.0,0.0,0.0
ERI,2012,0.0,0.0,0.0
ERI,2013,0.0,0.0,0.0
ERI,2014,0.0,0.0,0.0
ERI,2015,0.0,0.0,0.0
ERI,2016,0.0,0.0,0.0
ERI,2017,1.0,0.0,0.0
ERI,2018,1.0,0.0,0.0
ERI,2019,1.0,0.0,0.0
ERI,2020,1.0,0.0,0.0
ERI,2021,1.0,0.0,0.0
ERI,2022,1.0,0.0,0.0
ERI,2023,1.0,0.0,0.0
ESP,1996,21.0,0.0,2.0
ESP,1997,24.0,1.0,2.0
ESP,1998,27.0,1.0,2.0
ESP,1999,28.0,2.0,2.0
ESP,2000,33.0,2.0,2.0
ESP,2001,34.0,2.0,2.0
ESP,2002,34.0,2.0,2.0
ESP,2003,35.0,2.0,2.0
ESP,2004,35.0,2.0,2.0
ESP,2005,35.0,2.0,2.0
ESP,2006,36.0,2.0,2.0
ESP,2007,36.0,2.0,4.0
ESP,2008,36.0,2.0,4.0
ESP,2009,37.0,2.0,4.0
ESP,2010,37.0,2.0,4.0
ESP,2011,38.0,2.0,4.0
ESP,2012,39.0,2.0,4.0
ESP,2013,39.0,2.0,4.0
ESP,2014,39.0,2.0,4.0
ESP,2015,39.0,2.0,4.0
ESP,2016,40.0,2.0,4.0
ESP,2017,40.0,2.0,4.0
ESP,2018,41.0,2.0,4.0
ESP,2019,42.0,2.0,4.0
ESP,2020,42.0,2.0,4.0
ESP,2021,43.0,2.0,4.0
ESP,2022,43.0,2.0,4.0
ESP,2023,44.0,2.0,4.0
EST,1996,0.0,0.0,0.0
EST,1997,1.0,0.0,0.0
EST,1998,1.0,0.0,0.0
EST,1999,1.0,0.0,0.0
EST,2000,1.0,0.0,0.0
EST,2001,1.0,0.0,0.0
EST,2002,1.0,0.0,0.0
EST,2003,1.0,0.0,0.0
EST,2004,1.0,0.0,0.0
EST,2005,2.0,0.0,0.0
EST,2006,2.0,0.0,0.0
EST,2007,2.0,0.0,0.0
EST,2008,2.0,0.0,0.0
EST,2009,2.0,0.0,0.0
EST,2010,2.0,0.0,0.0
EST,2011,2.0,0.0,0.0
EST,2012,2.0,0.0,0.0
EST,2013,2.0,0.0,0.0
EST,2014,2.0,0.0,0.0
EST,2015,2.0,0.0,0.0
EST,2016,2.0,0.0,0.0
EST,2017,2.0,0.0,0.0
EST,2018,2.0,0.0,0.0
EST,2019,2.0,0.0,0.0
EST,2020,2.0,0.0,0.0
EST,2021,2.0,0.0,0.0
EST,2022,2.0,0.0,0.0
EST,2023,2.0,0.0,0.0
ETH,1996,6.0,0.0,1.0
ETH,1997,6.0,0.0,1.0
ETH,1998,6.0,0.0,1.0
ETH,1999,6.0,0.0,1.0
ETH,2000,6.0,0.0,1.0
ETH,2001,6.0,0.0,1.0
ETH,2002,6.0,0.0,1.0
ETH,2003,6.0,0.0,1.0
ETH,2004,6.0,0.0,1.0
ETH,2005,6.0,0.0,1.0
ETH,2006,7.0,0.0,1.0
ETH,2007,7.0,0.0,1.0
ETH,2008,7.0,0.0,1.0
ETH,2009,7.0,0.0,1.0
ETH,2010,7.0,0.0,1.0
ETH,2011,8.0,0.0,1.0
ETH,2012,8.0,0.0,1.0
ETH,2013,8.0,0.0,1.0
ETH,2014,8.0,0.0,1.0
ETH,2015,8.0,0.0,1.0
ETH,2016,8.0,0.0,1.0
ETH,2017,8.0,0.0,1.0
ETH,2018,8.0,0.0,1.0
ETH,2019,8.0,0.0,1.0
ETH,2020,8.0,0.0,1.0
ETH,2021,8.0,0.0,1.0
ETH,2022,8.0,0.0,1.0
ETH,2023,9.0,0.0,2.0
FIN,1996,4.0,0.0,0.0
FIN,1997,4.0,0.0,0.0
FIN,1998,4.0,0.0,0.0
FIN,1999,5.0,0.0,0.0
FIN,2000,5.0,0.0,1.0
FIN,2001,5.0,0.0,1.0
FIN,2002,5.0,0.0,1.0
FIN,2003,5.0,0.0,1.0
FIN,2004,5.0,0.0,1.0
FIN,2005,6.0,0.0,1.0
FIN,2006,6.0,0.0,1.0
FIN,2007,6.0,0.0,1.0
FIN,2008,6.0,0.0,1.0
FIN,2009,6.0,0.0,1.0
FIN,2010,6.0,0.0,1.0
FIN,2011,6.0,0.0,1.0
FIN,2012,6.0,0.0,1.0
FIN,2013,6.0,0.0,1.0
FIN,2014,6.0,0.0,1.0
FIN,2015,6.0,0.0,1.0
FIN,2016,6.0,0.0,1.0
FIN,2017,6.0,0.0,1.0
FIN,2018,6.0,0.0,1.0
FIN,2019,6.0,0.0,1.0
FIN,2020,6.0,0.0,1.0
FIN,2021,6.0,0.0,1.0
FIN,2022,6.0,0.0,1.0
FIN,2023,6.0,0.0,1.0
FJI,1996,0.0,0.0,0.0
FJI,1997,0.0,0.0,0.0
FJI,1998,0.0,0.0,0.0
FJI,1999,0.0,0.0,0.0
FJI,2000,0.0,0.0,0.0
FJI,2001,0.0,0.0,0.0
FJI,2002,0.0,0.0,0.0
FJI,2003,0.0,0.0,0.0
FJI,2004,0.0,0.0,0.0
FJI,2005,0.0,0.0,0.0
FJI,2006,0.0,0.0,0.0
FJI,2007,0.0,0.0,0.0
FJI,2008,0.0,0.0,0.0
FJI,2009,0.0,0.0,0.0
FJI,2010,0.0,0.0,0.0
FJI,2011,0.0,0.0,0.0
FJI,2012,0.0,0.0,0.0
FJI,2013,1.0,0.0,0.0
FJI,2014,1.0,0.0,0.0
FJI,2015,1.0,0.0,0.0
FJI,2016,1.0,0.0,0.0
FJI,2017,1.0,0.0,0.0
FJI,2018,1.0,0.0,0.0
FJI,2019,1.0,0.0,0.0
FJI,2020,1.0,0.0,0.0
FJI,2021,1.0,0.0,0.0
FJI,2022,1.0,0.0,0.0
FJI,2023,1.0,0.0,0.0
FRA,1996,20.0,0.0,1.0
FRA,1997,21.0,1.0,1.0
FRA,1998,23.0,1.0,1.0
FRA,1999,25.0,1.0,1.0
FRA,2000,26.0,1.0,1.0
FRA,2001,27.0,1.0,1.0
FRA,2002,27.0,1.0,1.0
FRA,2003,27.0,1.0,1.0
FRA,2004,27.0,1.0,1.0
FRA,2005,28.0,1.0,1.0
FRA,2006,28.0,1.0,1.0
FRA,2007,29.0,1.0,2.0
FRA,2008,30.0,1.0,3.0
FRA,2009,30.0,1.0,3.0
FRA,2010,31.0,1.0,4.0
FRA,2011,33.0,1.0,4.0
FRA,2012,34.0,1.0,4.0
FRA,2013,34.0,1.0,4.0
FRA,2014,35.0,1.0,4.0
FRA,2015,37.0,1.0,4.0
FRA,2016,38.0,1.0,4.0
FRA,2017,39.0,1.0,4.0
FRA,2018,39.0,1.0,5.0
FRA,2019,39.0,1.0,6.0
FRA,2020,39.0,1.0,6.0
FRA,2021,42.0,1.0,6.0
FRA,2022,42.0,1.0,6.0
FRA,2023,44.0,1.0,7.0
FSM,1996,0.0,0.0,0.0
FSM,1997,0.0,0.0,0.0
FSM,1998,0.0,0.0,0.0
FSM,1999,0.0,0.0,0.0
FSM,2000,0.0,0.0,0.0
FSM,2001,0.0,0.0,0.0
FSM,2002,0.0,0.0,0.0
FSM,2003,0.0,0.0,0.0
FSM,2004,0.0,0.0,0.0
FSM,2005,0.0,0.0,0.0
FSM,2006,0.0,0.0,0.0
FSM,2007,0.0,0.0,0.0
FSM,2008,0.0,0.0,0.0
FSM,2009,0.0,0.0,0.0
FSM,2010,0.0,0.0,0.0
FSM,2011,0.0,0.0,0.0
FSM,2012,0.0,0.0,0.0
FSM,2013,0.0,0.0,0.0
FSM,2014,0.0,0.0,0.0
FSM,2015,0.0,0.0,0.0
FSM,2016,1.0,0.0,0.0
FSM,2017,1.0,0.0,0.0
FSM,2018,1.0,0.0,0.0
FSM,2019,1.0,0.0,0.0
FSM,2020,1.0,0.0,0.0
FSM,2021,1.0,0.0,0.0
FSM,2022,1.0,0.0,0.0
FSM,2023,1.0,0.0,0.0
GAB,1996,0.0,0.0,0.0
GAB,1997,0.0,0.0,0.0
GAB,1998,0.0,0.0,0.0
GAB,1999,0.0,0.0,0.0
GAB,2000,0.0,0.0,0.0
GAB,2001,0.0,0.0,0.0
GAB,2002,0.0,0.0,0.0
GAB,2003,0.0,0.0,0.0
GAB,2004,0.0,0.0,0.0
GAB,2005,0.0,0.0,0.0
GAB,2006,0.0,0.0,0.0
GAB,2007,0.0,1.0,0.0
GAB,2008,0.0,1.0,0.0
GAB,2009,0.0,1.0,0.0
GAB,2010,0.0,1.0,0.0
GAB,2011,0.0,1.0,0.0
GAB,2012,0.0,1.0,0.0
GAB,2013,0.0,1.0,0.0
GAB,2014,0.0,1.0,0.0
GAB,2015,0.0,1.0,0.0
GAB,2016,0.0,1.0,0.0
GAB,2017,0.0,1.0,0.0
GAB,2018,0.0,1.0,0.0
GAB,2019,0.0,1.0,0.0
GAB,2020,0.0,1.0,0.0
GAB,2021,0.0,1.0,1.0
GAB,2022,0.0,1.0,1.0
GAB,2023,0.0,1.0,1.0
GBR,1996,12.0,1.0,3.0
GBR,1997,13.0,1.0,3.0
GBR,1998,13.0,1.0,3.0
GBR,1999,14.0,1.0,3.0
GBR,2000,16.0,1.0,3.0
GBR,2001,19.0,1.0,4.0
GBR,2002,19.0,1.0,4.0
GBR,2003,20.0,1.0,4.0
GBR,2004,20.0,1.0,4.0
GBR,2005,20.0,1.0,4.0
GBR,2006,21.0,1.0,4.0
GBR,2007,21.0,1.0,4.0
GBR,2008,21.0,1.0,4.0
GBR,2009,22.0,1.0,4.0
GBR,2010,22.0,1.0,4.0
GBR,2011,22.0,1.0,4.0
GBR,2012,22.0,1.0,4.0
GBR,2013,22.0,1.0,4.0
GBR,2014,22.0,1.0,4.0
GBR,2015,24.0,1.0,4.0
GBR,2016,25.0,1.0,4.0
GBR,2017,26.0,1.0,4.0
GBR,2018,26.0,1.0,4.0
GBR,2019,27.0,1.0,4.0
GBR,2020,27.0,1.0,4.0
GBR,2021,29.0,1.0,4.0
GBR,2022,29.0,1.0,4.0
GBR,2023,29.0,1.0,4.0
GEO,1996,3.0,0.0,0.0
GEO,1997,3.0,0.0,0.0
GEO,1998,3.0,0.0,0.0
GEO,1999,3.0,0.0,0.0
GEO,2000,3.0,0.0,0.0
GEO,2001,3.0,0.0,0.0
GEO,2002,3.0,0.0,0.0
GEO,2003,3.0,0.0,0.0
GEO,2004,3.0,0.0,0.0
GEO,2005,3.0,0.0,0.0
GEO,2006,3.0,0.0,0.0
GEO,2007,3.0,0.0,0.0
GEO,2008,3.0,0.0,0.0
GEO,2009,3.0,0.0,0.0
GEO,2010,3.0,0.0,0.0
GEO,2011,3.0,0.0,0.0
GEO,2012,3.0,0.0,0.0
GEO,2013,3.0,0.0,0.0
GEO,2014,3.0,0.0,0.0
GEO,2015,3.0,0.0,0.0
GEO,2016,3.0,0.0,0.0
GEO,2017,3.0,0.0,0.0
GEO,2018,3.0,0.0,0.0
GEO,2019,3.0,0.0,0.0
GEO,2020,3.0,0.0,0.0
GEO,2021,3.0,0.0,1.0
GEO,2022,3.0,0.0,1.0
GEO,2023,3.0,0.0,1.0
GHA,1996,2.0,0.0,0.0
GHA,1997,2.0,0.0,0.0
GHA,1998,2.0,0.0,0.0
GHA,1999,2.0,0.0,0.0
GHA,2000,2.0,0.0,0.0
GHA,2001,2.0,0.0,0.0
GHA,2002,2.0,0.0,0.0
GHA,2003,2.0,0.0,0.0
GHA,2004,2.0,0.0,0.0
GHA,2005,2.0,0.0,0.0
GHA,2006,2.0,0.0,0.0
GHA,2007,2.0,0.0,0.0
GHA,2008,2.0,0.0,0.0
GHA,2009,2.0,0.0,0.0
GHA,2010,2.0,0.0,0.0
GHA,2011,2.0,0.0,0.0
GHA,2012,2.0,0.0,0.0
GHA,2013,2.0,0.0,0.0
GHA,2014,2.0,0.0,0.0
GHA,2015,2.0,0.0,0.0
GHA,2016,2.0,0.0,0.0
GHA,2017,2.0,0.0,0.0
GHA,2018,2.0,0.0,0.0
GHA,2019,2.0,0.0,0.0
GHA,2020,2.0,0.0,0.0
GHA,2021,2.0,0.0,0.0
GHA,2022,2.0,0.0,0.0
GHA,2023,2.0,0.0,0.0
GIN,1996,0.0,0.0,1.0
GIN,1997,0.0,0.0,1.0
GIN,1998,0.0,0.0,1.0
GIN,1999,0.0,0.0,1.0
GIN,2000,0.0,0.0,1.0
GIN,2001,0.0,0.0,1.0
GIN,2002,0.0,0.0,1.0
GIN,2003,0.0,0.0,1.0
GIN,2004,0.0,0.0,1.0
GIN,2005,0.0,0.0,1.0
GIN,2006,0.0,0.0,1.0
GIN,2007,0.0,0.0,1.0
GIN,2008,0.0,0.0,1.0
GIN,2009,0.0,0.0,1.0
GIN,2010,0.0,0.0,1.0
GIN,2011,0.0,0.0,1.0
GIN,2012,0.0,0.0,1.0
GIN,2013,0.0,0.0,1.0
GIN,2014,0.0,0.0,1.0
GIN,2015,0.0,0.0,1.0
GIN,2016,0.0,0.0,1.0
GIN,2017,0.0,0.0,1.0
GIN,2018,0.0,0.0,1.0
GIN,2019,0.0,0.0,1.0
GIN,2020,0.0,0.0,1.0
GIN,2021,0.0,0.0,1.0
GIN,2022,0.0,0.0,1.0
GIN,2023,0.0,0.0,1.0
GMB,1996,0.0,0.0,0.0
GMB,1997,0.0,0.0,0.0
GMB,1998,0.0,0.0,0.0
GMB,1999,0.0,0.0,0.0
GMB,2000,0.0,0.0,0.0
GMB,2001,0.0,0.0,0.0
GMB,2002,0.0,0.0,0.0
GMB,2003,1.0,0.0,0.0
GMB,2004,1.0,0.0,0.0
GMB,2005,1.0,0.0,0.0
GMB,2006,2.0,0.0,0.0
GMB,2007,2.0,0.0,0.0
GMB,2008,2.0,0.0,0.0
GMB,2009,2.0,0.0,0.0
GMB,2010,2.0,0.0,0.0
GMB,2011,2.0,0.0,0.0
GMB,2012,2.0,0.0,0.0
GMB,2013,2.0,0.0,0.0
GMB,2014,2.0,0.0,0.0
GMB,2015,2.0,0.0,0.0
GMB,2016,2.0,0.0,0.0
GMB,2017,2.0,0.0,0.0
GMB,2018,2.0,0.0,0.0
GMB,2019,2.0,0.0,0.0
GMB,2020,2.0,0.0,0.0
GMB,2021,2.0,0.0,0.0
GMB,2022,2.0,0.0,0.0
GMB,2023,2.0,0.0,0.0
GNB,1996,0.0,0.0,0.0
GNB,1997,0.0,0.0,0.0
GNB,1998,0.0,0.0,0.0
GNB,1999,0.0,0.0,0.0
GNB,2000,0.0,0.0,0.0
GNB,2001,0.0,0.0,0.0
GNB,2002,0.0,0.0,0.0
GNB,2003,0.0,0.0,0.0
GNB,2004,0.0,0.0,0.0
GNB,2005,0.0,0.0,0.0
GNB,2006,0.0,0.0,0.0
GNB,2007,0.0,0.0,0.0
GNB,2008,0.0,0.0,0.0
GNB,2009,0.0,0.0,0.0
GNB,2010,0.0,0.0,0.0
GNB,2011,0.0,0.0,0.0
GNB,2012,0.0,0.0,0.0
GNB,2013,0.0,0.0,0.0
GNB,2014,0.0,0.0,0.0
GNB,2015,0.0,0.0,0.0
GNB,2016,0.0,0.0,0.0
GNB,2017,0.0,0.0,0.0
GNB,2018,0.0,0.0,0.0
GNB,2019,0.0,0.0,0.0
GNB,2020,0.0,0.0,0.0
GNB,2021,0.0,0.0,0.0
GNB,2022,0.0,0.0,0.0
GNB,2023,0.0,0.0,0.0
GRC,1996,12.0,2.0,0.0
GRC,1997,12.0,2.0,0.0
GRC,1998,12.0,2.0,0.0
GRC,1999,14.0,2.0,0.0
GRC,2000,14.0,2.0,0.0
GRC,2001,14.0,2.0,0.0
GRC,2002,14.0,2.0,0.0
GRC,2003,14.0,2.0,0.0
GRC,2004,14.0,2.0,0.0
GRC,2005,14.0,2.0,0.0
GRC,2006,14.0,2.0,0.0
GRC,2007,15.0,2.0,0.0
GRC,2008,15.0,2.0,0.0
GRC,2009,15.0,2.0,0.0
GRC,2010,15.0,2.0,0.0
GRC,2011,15.0,2.0,0.0
GRC,2012,15.0,2.0,0.0
GRC,2013,15.0,2.0,0.0
GRC,2014,15.0,2.0,0.0
GRC,2015,15.0,2.0,0.0
GRC,2016,16.0,2.0,0.0
GRC,2017,16.0,2.0,0.0
GRC,2018,16.0,2.0,0.0
GRC,2019,16.0,2.0,0.0
GRC,2020,16.0,2.0,0.0
GRC,2021,16.0,2.0,0.0
GRC,2022,16.0,2.0,0.0
GRC,2023,17.0,2.0,0.0
GTM,1996,2.0,1.0,0.0
GTM,1997,2.0,1.0,0.0
GTM,1998,2.0,1.0,0.0
GTM,1999,2.0,1.0,0.0
GTM,2000,2.0,1.0,0.0
GTM,2001,2.0,1.0,0.0
GTM,2002,2.0,1.0,0.0
GTM,2003,2.0,1.0,0.0
GTM,2004,2.0,1.0,0.0
GTM,2005,2.0,1.0,0.0
GTM,2006,2.0,1.0,0.0
GTM,2007,2.0,1.0,0.0
GTM,2008,2.0,1.0,0.0
GTM,2009,2.0,1.0,0.0
GTM,2010,2.0,1.0,0.0
GTM,2011,2.0,1.0,0.0
GTM,2012,2.0,1.0,0.0
GTM,2013,2.0,1.0,0.0
GTM,2014,2.0,1.0,0.0
GTM,2015,2.0,1.0,0.0
GTM,2016,2.0,1.0,0.0
GTM,2017,2.0,1.0,0.0
GTM,2018,2.0,1.0,0.0
GTM,2019,2.0,1.0,0.0
GTM,2020,2.0,1.0,0.0
GTM,2021,2.0,1.0,0.0
GTM,2022,2.0,1.0,0.0
GTM,2023,3.0,1.0,0.0
HND,1996,1.0,0.0,1.0
HND,1997,1.0,0.0,1.0
HND,1998,1.0,0.0,1.0
HND,1999,1.0,0.0,1.0
HND,2000,1.0,0.0,1.0
HND,2001,1.0,0.0,1.0
HND,2002,1.0,0.0,1.0
HND,2003,1.0,0.0,1.0
HND,2004,1.0,0.0,1.0
HND,2005,1.0,0.0,1.0
HND,2006,1.0,0.0,1.0
HND,2007,1.0,0.0,1.0
HND,2008,1.0,0.0,1.0
HND,2009,1.0,0.0,1.0
HND,2010,1.0,0.0,1.0
HND,2011,1.0,0.0,1.0
HND,2012,1.0,0.0,1.0
HND,2013,1.0,0.0,1.0
HND,2014,1.0,0.0,1.0
HND,2015,1.0,0.0,1.0
HND,2016,1.0,0.0,1.0
HND,2017,1.0,0.0,1.0
HND,2018,1.0,0.0,1.0
HND,2019,1.0,0.0,1.0
HND,2020,1.0,0.0,1.0
HND,2021,1.0,0.0,1.0
HND,2022,1.0,0.0,1.0
HND,2023,1.0,0.0,1.0
HRV,1996,2.0,0.0,1.0
HRV,1997,4.0,0.0,1.0
HRV,1998,4.0,0.0,1.0
HRV,1999,4.0,0.0,1.0
HRV,2000,5.0,0.0,1.0
HRV,2001,5.0,0.0,1.0
HRV,2002,5.0,0.0,1.0
HRV,2003,5.0,0.0,1.0
HRV,2004,5.0,0.0,1.0
HRV,2005,5.0,0.0,1.0
HRV,2006,5.0,0.0,1.0
HRV,2007,5.0,0.0,2.0
HRV,2008,6.0,0.0,2.0
HRV,2009,6.0,0.0,2.0
HRV,2010,6.0,0.0,2.0
HRV,2011,6.0,0.0,2.0
HRV,2012,6.0,0.0,2.0
HRV,2013,6.0,0.0,2.0
HRV,2014,6.0,0.0,2.0
HRV,2015,6.0,0.0,2.0
HRV,2016,7.0,0.0,2.0
HRV,2017,8.0,0.0,2.0
HRV,2018,8.0,0.0,2.0
HRV,2019,8.0,0.0,2.0
HRV,2020,8.0,0.0,2.0
HRV,2021,8.0,0.0,2.0
HRV,2022,8.0,0.0,2.0
HRV,2023,8.0,0.0,2.0
HTI,1996,1.0,0.0,0.0
HTI,1997,1.0,0.0,0.0
HTI,1998,1.0,0.0,0.0
HTI,1999,1.0,0.0,0.0
HTI,2000,1.0,0.0,0.0
HTI,2001,1.0,0.0,0.0
HTI,2002,1.0,0.0,0.0
HTI,2003,1.0,0.0,0.0
HTI,2004,1.0,0.0,0.0
HTI,2005,1.0,0.0,0.0
HTI,2006,1.0,0.0,0.0
HTI,2007,1.0,0.0,0.0
HTI,2008,1.0,0.0,0.0
HTI,2009,1.0,0.0,0.0
HTI,2010,1.0,0.0,0.0
HTI,2011,1.0,0.0,0.0
HTI,2012,1.0,0.0,0.0
HTI,2013,1.0,0.0,0.0
HTI,2014,1.0,0.0,0.0
HTI,2015,1.0,0.0,0.0
HTI,2016,1.0,0.0,0.0
HTI,2017,1.0,0.0,0.0
HTI,2018,1.0,0.0,0.0
HTI,2019,1.0,0.0,0.0
HTI,2020,1.0,0.0,0.0
HTI,2021,1.0,0.0,0.0
HTI,2022,1.0,0.0,0.0
HTI,2023,1.0,0.0,0.0
HUN,1996,3.0,0.0,1.0
HUN,1997,3.0,0.0,1.0
HUN,1998,3.0,0.0,1.0
HUN,1999,4.0,0.0,1.0
HUN,2000,5.0,0.0,1.0
HUN,2001,6.0,0.0,1.0
HUN,2002,7.0,0.0,1.0
HUN,2003,7.0,0.0,1.0
HUN,2004,7.0,0.0,1.0
HUN,2005,7.0,0.0,1.0
HUN,2006,7.0,0.0,1.0
HUN,2007,7.0,0.0,1.0
HUN,2008,7.0,0.0,1.0
HUN,2009,7.0,0.0,1.0
HUN,2010,7.0,0.0,1.0
HUN,2011,7.0,0.0,1.0
HUN,2012,7.0,0.0,1.0
HUN,2013,7.0,0.0,1.0
HUN,2014,7.0,0.0,1.0
HUN,2015,7.0,0.0,1.0
HUN,2016,7.0,0.0,1.0
HUN,2017,7.0,0.0,1.0
HUN,2018,7.0,0.0,1.0
HUN,2019,7.0,0.0,1.0
HUN,2020,7.0,0.0,1.0
HUN,2021,7.0,0.0,1.0
HUN,2022,7.0,0.0,1.0
HUN,2023,7.0,0.0,1.0
IDN,1996,3.0,0.0,2.0
IDN,1997,3.0,0.0,2.0
IDN,1998,3.0,0.0,2.0
IDN,1999,3.0,0.0,3.0
IDN,2000,3.0,0.0,3.0
IDN,2001,3.0,0.0,3.0
IDN,2002,3.0,0.0,3.0
IDN,2003,3.0,0.0,3.0
IDN,2004,3.0,0.0,4.0
IDN,2005,3.0,0.0,4.0
IDN,2006,3.0,0.0,4.0
IDN,2007,3.0,0.0,4.0
IDN,2008,3.0,0.0,4.0
IDN,2009,3.0,0.0,4.0
IDN,2010,3.0,0.0,4.0
IDN,2011,3.0,0.0,4.0
IDN,2012,4.0,0.0,4.0
IDN,2013,4.0,0.0,4.0
IDN,2014,4.0,0.0,4.0
IDN,2015,4.0,0.0,4.0
IDN,2016,4.0,0.0,4.0
IDN,2017,4.0,0.0,4.0
IDN,2018,4.0,0.0,4.0
IDN,2019,5.0,0.0,4.0
IDN,2020,5.0,0.0,4.0
IDN,2021,5.0,0.0,4.0
IDN,2022,5.0,0.0,4.0
IDN,2023,6.0,0.0,4.0
IND,1996,16.0,0.0,5.0
IND,1997,16.0,0.0,5.0
IND,1998,16.0,0.0,5.0
IND,1999,17.0,0.0,5.0
IND,2000,17.0,0.0,5.0
IND,2001,17.0,0.0,5.0
IND,2002,18.0,0.0,5.0
IND,2003,19.0,0.0,5.0
IND,2004,21.0,0.0,5.0
IND,2005,21.0,0.0,5.0
IND,2006,21.0,0.0,5.0
IND,2007,22.0,0.0,5.0
IND,2008,22.0,0.0,5.0
IND,2009,22.0,0.0,5.0
IND,2010,23.0,0.0,5.0
IND,2011,23.0,0.0,5.0
IND,2012,23.0,0.0,6.0
IND,2013,24.0,0.0,6.0
IND,2014,25.0,0.0,7.0
IND,2015,25.0,0.0,7.0
IND,2016,27.0,1.0,7.0
IND,2017,28.0,1.0,7.0
IND,2018,29.0,1.0,7.0
IND,2019,30.0,1.0,7.0
IND,2020,30.0,1.0,7.0
IND,2021,32.0,1.0,7.0
IND,2022,32.0,1.0,7.0
IND,2023,34.0,1.0,7.0
IRL,1996,2.0,0.0,0.0
IRL,1997,2.0,0.0,0.0
IRL,1998,2.0,0.0,0.0
IRL,1999,2.0,0.0,0.0
IRL,2000,2.0,0.0,0.0
IRL,2001,2.0,0.0,0.0
IRL,2002,2.0,0.0,0.0
IRL,2003,2.0,0.0,0.0
IRL,2004,2.0,0.0,0.0
IRL,2005,2.0,0.0,0.0
IRL,2006,2.0,0.0,0.0
IRL,2007,2.0,0.0,0.0
IRL,2008,2.0,0.0,0.0
IRL,2009,2.0,0.0,0.0
IRL,2010,2.0,0.0,0.0
IRL,2011,2.0,0.0,0.0
IRL,2012,2.0,0.0,0.0
IRL,2013,2.0,0.0,0.0
IRL,2014,2.0,0.0,0.0
IRL,2015,2.0,0.0,0.0
IRL,2016,2.0,0.0,0.0
IRL,2017,2.0,0.0,0.0
IRL,2018,2.0,0.0,0.0
IRL,2019,2.0,0.0,0.0
IRL,2020,2.0,0.0,0.0
IRL,2021,2.0,0.0,0.0
IRL,2022,2.0,0.0,0.0
IRL,2023,2.0,0.0,0.0
IRN,1996,3.0,0.0,0.0
IRN,1997,3.0,0.0,0.0
IRN,1998,3.0,0.0,0.0
IRN,1999,3.0,0.0,0.0
IRN,2000,3.0,0.0,0.0
IRN,2001,3.0,0.0,0.0
IRN,2002,3.0,0.0,0.0
IRN,2003,4.0,0.0,0.0
IRN,2004,6.0,0.0,0.0
IRN,2005,7.0,0.0,0.0
IRN,2006,8.0,0.0,0.0
IRN,2007,8.0,0.0,0.0
IRN,2008,9.0,0.0,0.0
IRN,2009,10.0,0.0,0.0
IRN,2010,12.0,0.0,0.0
IRN,2011,13.0,0.0,0.0
IRN,2012,15.0,0.0,0.0
IRN,2013,16.0,0.0,0.0
IRN,2014,17.0,0.0,0.0
IRN,2015,19.0,0.0,0.0
IRN,2016,20.0,0.0,1.0
IRN,2017,21.0,0.0,1.0
IRN,2018,22.0,0.0,1.0
IRN,2019,22.0,0.0,2.0
IRN,2020,22.0,0.0,2.0
IRN,2021,24.0,0.0,2.0
IRN,2022,24.0,0.0,2.0
IRN,2023,25.0,0.0,2.0
IRQ,1996,1.0,0.0,0.0
IRQ,1997,1.0,0.0,0.0
IRQ,1998,1.0,0.0,0.0
IRQ,1999,1.0,0.0,0.0
IRQ,2000,1.0,0.0,0.0
IRQ,2001,1.0,0.0,0.0
IRQ,2002,1.0,0.0,0.0
IRQ,2003,2.0,0.0,0.0
IRQ,2004,2.0,0.0,0.0
IRQ,2005,2.0,0.0,0.0
IRQ,2006,2.0,0.0,0.0
IRQ,2007,3.0,0.0,0.0
IRQ,2008,3.0,0.0,0.0
IRQ,2009,3.0,0.0,0.0
IRQ,2010,3.0,0.0,0.0
IRQ,2011,3.0,0.0,0.0
IRQ,2012,3.0,0.0,0.0
IRQ,2013,3.0,0.0,0.0
IRQ,2014,4.0,0.0,0.0
IRQ,2015,4.0,0.0,0.0
IRQ,2016,4.0,1.0,0.0
IRQ,2017,4.0,1.0,0.0
IRQ,2018,4.0,1.0,0.0
IRQ,2019,5.0,1.0,0.0
IRQ,2020,5.0,1.0,0.0
IRQ,2021,5.0,1.0,0.0
IRQ,2022,5.0,1.0,0.0
IRQ,2023,5.0,1.0,0.0
ISL,1996,0.0,0.0,0.0
ISL,1997,0.0,0.0,0.0
ISL,1998,0.0,0.0,0.0
ISL,1999,0.0,0.0,0.0
ISL,2000,0.0,0.0,0.0
ISL,2001,0.0,0.0,0.0
ISL,2002,0.0,0.0,0.0
ISL,2003,0.0,0.0,0.0
ISL,2004,1.0,0.0,0.0
ISL,2005,1.0,0.0,0.0
ISL,2006,1.0,0.0,0.0
ISL,2007,1.0,0.0,0.0
ISL,2008,1.0,0.0,1.0
ISL,2009,1.0,0.0,1.0
ISL,2010,1.0,0.0,1.0
ISL,2011,1.0,0.0,1.0
ISL,2012,1.0,0.0,1.0
ISL,2013,1.0,0.0,1.0
ISL,2014,1.0,0.0,1.0
ISL,2015,1.0,0.0,1.0
ISL,2016,1.0,0.0,1.0
ISL,2017,1.0,0.0,1.0
ISL,2018,1.0,0.0,1.0
ISL,2019,1.0,0.0,2.0
ISL,2020,1.0,0.0,2.0
ISL,2021,1.0,0.0,2.0
ISL,2022,1.0,0.0,2.0
ISL,2023,1.0,0.0,2.0
ISR,1996,0.0,0.0,0.0
ISR,1997,0.0,0.0,0.0
ISR,1998,0.0,0.0,0.0
ISR,1999,0.0,0.0,0.0
ISR,2000,0.0,0.0,0.0
ISR,2001,2.0,0.0,0.0
ISR,2002,2.0,0.0,0.0
ISR,2003,3.0,0.0,0.0
ISR,2004,3.0,0.0,0.0
ISR,2005,5.0,0.0,0.0
ISR,2006,5.0,0.0,0.0
ISR,2007,5.0,0.0,0.0
ISR,2008,6.0,0.0,0.0
ISR,2009,6.0,0.0,0.0
ISR,2010,6.0,0.0,0.0
ISR,2011,6.0,0.0,0.0
ISR,2012,7.0,0.0,0.0
ISR,2013,7.0,0.0,0.0
ISR,2014,8.0,0.0,0.0
ISR,2015,9.0,0.0,0.0
ISR,2016,9.0,0.0,0.0
ISR,2017,9.0,0.0,0.0
ISR,2018,9.0,0.0,0.0
ISR,2019,9.0,0.0,0.0
ISR,2020,9.0,0.0,0.0
ISR,2021,9.0,0.0,0.0
ISR,2022,9.0,0.0,0.0
ISR,2023,9.0,0.0,0.0
ITA,1996,17.0,0.0,0.0
ITA,1997,27.0,0.0,0.0
ITA,1998,30.0,0.0,0.0
ITA,1999,31.0,0.0,0.0
ITA,2000,33.0,0.0,1.0
ITA,2001,34.0,0.0,1.0
ITA,2002,35.0,0.0,1.0
ITA,2003,36.0,0.0,2.0
ITA,2004,38.0,0.0,2.0
ITA,2005,39.0,0.0,2.0
ITA,2006,40.0,0.0,2.0
ITA,2007,40.0,0.0,3.0
ITA,2008,42.0,0.0,3.0
ITA,2009,42.0,0.0,4.0
ITA,2010,42.0,0.0,4.0
ITA,2011,44.0,0.0,4.0
ITA,2012,44.0,0.0,4.0
ITA,2013,45.0,0.0,5.0
ITA,2014,46.0,0.0,5.0
ITA,2015,47.0,0.0,5.0
ITA,2016,47.0,0.0,5.0
ITA,2017,48.0,0.0,5.0
ITA,2018,49.0,0.0,5.0
ITA,2019,50.0,0.0,5.0
ITA,2020,50.0,0.0,5.0
ITA,2021,53.0,0.0,5.0
ITA,2022,53.0,0.0,5.0
ITA,2023,53.0,0.0,6.0
JAM,1996,0.0,0.0,0.0
JAM,1997,0.0,0.0,0.0
JAM,1998,0.0,0.0,0.0
JAM,1999,0.0,0.0,0.0
JAM,2000,0.0,0.0,0.0
JAM,2001,0.0,0.0,0.0
JAM,2002,0.0,0.0,0.0
JAM,2003,0.0,0.0,0.0
JAM,2004,0.0,0.0,0.0
JAM,2005,0.0,0.0,0.0
JAM,2006,0.0,0.0,0.0
JAM,2007,0.0,0.0,0.0
JAM,2008,0.0,0.0,0.0
JAM,2009,0.0,0.0,0.0
JAM,2010,0.0,0.0,0.0
JAM,2011,0.0,0.0,0.0
JAM,2012,0.0,0.0,0.0
JAM,2013,0.0,0.0,0.0
JAM,2014,0.0,0.0,0.0
JAM,2015,0.0,1.0,0.0
JAM,2016,0.0,1.0,0.0
JAM,2017,0.0,1.0,0.0
JAM,2018,0.0,1.0,0.0
JAM,2019,0.0,1.0,0.0
JAM,2020,0.0,1.0,0.0
JAM,2021,0.0,1.0,0.0
JAM,2022,0.0,1.0,0.0
JAM,2023,0.0,1.0,0.0
JOR,1996,2.0,0.0,0.0
JOR,1997,2.0,0.0,0.0
JOR,1998,2.0,0.0,0.0
JOR,1999,2.0,0.0,0.0
JOR,2000,2.0,0.0,0.0
JOR,2001,2.0,0.0,0.0
JOR,2002,2.0,0.0,0.0
JOR,2003,2.0,0.0,0.0
JOR,2004,3.0,0.0,0.0
JOR,2005,3.0,0.0,0.0
JOR,2006,3.0,0.0,0.0
JOR,2007,3.0,0.0,0.0
JOR,2008,3.0,0.0,0.0
JOR,2009,3.0,0.0,0.0
JOR,2010,3.0,0.0,0.0
JOR,2011,3.0,1.0,0.0
JOR,2012,3.0,1.0,0.0
JOR,2013,3.0,1.0,0.0
JOR,2014,3.0,1.0,0.0
JOR,2015,4.0,1.0,0.0
JOR,2016,4.0,1.0,0.0
JOR,2017,4.0,1.0,0.0
JOR,2018,4.0,1.0,0.0
JOR,2019,4.0,1.0,0.0
JOR,2020,4.0,1.0,0.0
JOR,2021,5.0,1.0,0.0
JOR,2022,5.0,1.0,0.0
JOR,2023,5.0,1.0,0.0
JPN,1996,6.0,0.0,2.0
JPN,1997,6.0,0.0,2.0
JPN,1998,7.0,0.0,2.0
JPN,1999,8.0,0.0,2.0
JPN,2000,9.0,0.0,2.0
JPN,2001,9.0,0.0,2.0
JPN,2002,9.0,0.0,2.0
JPN,2003,9.0,0.0,2.0
JPN,2004,10.0,0.0,2.0
JPN,2005,10.0,0.0,3.0
JPN,2006,10.0,0.0,3.0
JPN,2007,11.0,0.0,3.0
JPN,2008,11.0,0.0,3.0
JPN,2009,11.0,0.0,3.0
JPN,2010,11.0,0.0,3.0
JPN,2011,12.0,0.0,4.0
JPN,2012,12.0,0.0,4.0
JPN,2013,13.0,0.0,4.0
JPN,2014,14.0,0.0,4.0
JPN,2015,15.0,0.0,4.0
JPN,2016,16.0,0.0,4.0
JPN,2017,17.0,0.0,4.0
JPN,2018,18.0,0.0,4.0
JPN,2019,19.0,0.0,4.0
JPN,2020,19.0,0.0,4.0
JPN,2021,20.0,0.0,5.0
JPN,2022,20.0,0.0,5.0
JPN,2023,20.0,0.0,5.0
KAZ,1996,0.0,0.0,0.0
KAZ,1997,0.0,0.0,0.0
KAZ,1998,0.0,0.0,0.0
KAZ,1999,0.0,0.0,0.0
KAZ,2000,0.0,0.0,0.0
KAZ,2001,0.0,0.0,0.0
KAZ,2002,0.0,0.0,0.0
KAZ,2003,1.0,0.0,0.0
KAZ,2004,2.0,0.0,0.0
KAZ,2005,2.0,0.0,0.0
KAZ,2006,2.0,0.0,0.0
KAZ,2007,2.0,0.0,0.0
KAZ,2008,2.0,0.0,1.0
KAZ,2009,2.0,0.0,1.0
KAZ,2010,2.0,0.0,1.0
KAZ,2011,2.0,0.0,1.0
KAZ,2012,2.0,0.0,1.0
KAZ,2013,2.0,0.0,1.0
KAZ,2014,3.0,0.0,1.0
KAZ,2015,3.0,0.0,1.0
KAZ,2016,3.0,0.0,2.0
KAZ,2017,3.0,0.0,2.0
KAZ,2018,3.0,0.0,2.0
KAZ,2019,3.0,0.0,2.0
KAZ,2020,3.0,0.0,2.0
KAZ,2021,3.0,0.0,2.0
KAZ,2022,3.0,0.0,2.0
KAZ,2023,3.0,0.0,3.0
KEN,1996,0.0,0.0,0.0
KEN,1997,0.0,0.0,2.0
KEN,1998,0.0,0.0,2.0
KEN,1999,0.0,0.0,2.0
KEN,2000,0.0,0.0,2.0
KEN,2001,1.0,0.0,2.0
KEN,2002,1.0,0.0,2.0
KEN,2003,1.0,0.0,2.0
KEN,2004,1.0,0.0,2.0
KEN,2005,1.0,0.0,2.0
KEN,2006,1.0,0.0,2.0
KEN,2007,1.0,0.0,2.0
KEN,2008,2.0,0.0,2.0
KEN,2009,2.0,0.0,2.0
KEN,2010,2.0,0.0,2.0
KEN,2011,3.0,0.0,3.0
KEN,2012,3.0,0.0,3.0
KEN,2013,3.0,0.0,3.0
KEN,2014,3.0,0.0,3.0
KEN,2015,3.0,0.0,3.0
KEN,2016,3.0,0.0,3.0
KEN,2017,3.0,0.0,3.0
KEN,2018,4.0,0.0,3.0
KEN,2019,4.0,0.0,3.0
KEN,2020,4.0,0.0,3.0
KEN,2021,4.0,0.0,3.0
KEN,2022,4.0,0.0,3.0
KEN,2023,4.0,0.0,3.0
KGZ,1996,0.0,0.0,0.0
KGZ,1997,0.0,0.0,0.0
KGZ,1998,0.0,0.0,0.0
KGZ,1999,0.0,0.0,0.0
KGZ,2000,0.0,0.0,0.0
KGZ,2001,0.0,0.0,0.0
KGZ,2002,0.0,0.0,0.0
KGZ,2003,0.0,0.0,0.0
KGZ,2004,0.0,0.0,0.0
KGZ,2005,0.0,0.0,0.0
KGZ,2006,0.0,0.0,0.0
KGZ,2007,0.0,0.0,0.0
KGZ,2008,0.0,0.0,0.0
KGZ,2009,1.0,0.0,0.0
KGZ,2010,1.0,0.0,0.0
KGZ,2011,1.0,0.0,0.0
KGZ,2012,1.0,0.0,0.0
KGZ,2013,1.0,0.0,0.0
KGZ,2014,2.0,0.0,0.0
KGZ,2015,2.0,0.0,0.0
KGZ,2016,2.0,0.0,1.0
KGZ,2017,2.0,0.0,1.0
KGZ,2018,2.0,0.0,1.0
KGZ,2019,2.0,0.0,1.0
KGZ,2020,2.0,0.0,1.0
KGZ,2021,2.0,0.0,1.0
KGZ,2022,2.0,0.0,1.0
KGZ,2023,2.0,0.0,1.0
KHM,1996,1.0,0.0,0.0
KHM,1997,1.0,0.0,0.0
KHM,1998,1.0,0.0,0.0
KHM,1999,1.0,0.0,0.0
KHM,2000,1.0,0.0,0.0
KHM,2001,1.0,0.0,0.0
KHM,2002,1.0,0.0,0.0
KHM,2003,1.0,0.0,0.0
KHM,2004,1.0,0.0,0.0
KHM,2005,1.0,0.0,0.0
KHM,2006,1.0,0.0,0.0
KHM,2007,1.0,0.0,0.0
KHM,2008,2.0,0.0,0.0
KHM,2009,2.0,0.0,0.0
KHM,2010,2.0,0.0,0.0
KHM,2011,2.0,0.0,0.0
KHM,2012,2.0,0.0,0.0
KHM,2013,2.0,0.0,0.0
KHM,2014,2.0,0.0,0.0
KHM,2015,2.0,0.0,0.0
KHM,2016,2.0,0.0,0.0
KHM,2017,3.0,0.0,0.0
KHM,2018,3.0,0.0,0.0
KHM,2019,3.0,0.0,0.0
KHM,2020,3.0,0.0,0.0
KHM,2021,3.0,0.0,0.0
KHM,2022,3.0,0.0,0.0
KHM,2023,4.0,0.0,0.0
KIR,1996,0.0,0.0,0.0
KIR,1997,0.0,0.0,0.0
KIR,1998,0.0,0.0,0.0
KIR,1999,0.0,0.0,0.0
KIR,2000,0.0,0.0,0.0
KIR,2001,0.0,0.0,0.0
KIR,2002,0.0,0.0,0.0
KIR,2003,0.0,0.0,0.0
KIR,2004,0.0,0.0,0.0
KIR,2005,0.0,0.0,0.0
KIR,2006,0.0,0.0,0.0
KIR,2007,0.0,0.0,0.0
KIR,2008,0.0,0.0,0.0
KIR,2009,0.0,0.0,0.0
KIR,2010,0.0,0.0,1.0
KIR,2011,0.0,0.0,1.0
KIR,2012,0.0,0.0,1.0
KIR,2013,0.0,0.0,1.0
KIR,2014,0.0,0.0,1.0
KIR,2015,0.0,0.0,1.0
KIR,2016,0.0,0.0,1.0
KIR,2017,0.0,0.0,1.0
KIR,2018,0.0,0.0,1.0
KIR,2019,0.0,0.0,1.0
KIR,2020,0.0,0.0,1.0
KIR,2021,0.0,0.0,1.0
KIR,2022,0.0,0.0,1.0
KIR,2023,0.0,0.0,1.0
KNA,1996,0.0,0.0,0.0
KNA,1997,0.0,0.0,0.0
KNA,1998,0.0,0.0,0.0
KNA,1999,1.0,0.0,0.0
KNA,2000,1.0,0.0,0.0
KNA,2001,1.0,0.0,0.0
KNA,2002,1.0,0.0,0.0
KNA,2003,1.0,0.0,0.0
KNA,2004,1.0,0.0,0.0
KNA,2005,1.0,0.0,0.0
KNA,2006,1.0,0.0,0.0
KNA,2007,1.0,0.0,0.0
KNA,2008,1.0,0.0,0.0
KNA,2009,1.0,0.0,0.0
KNA,2010,1.0,0.0,0.0
KNA,2011,1.0,0.0,0.0
KNA,2012,1.0,0.0,0.0
KNA,2013,1.0,0.0,0.0
KNA,2014,1.0,0.0,0.0
KNA,2015,1.0,0.0,0.0
KNA,2016,1.0,0.0,0.0
KNA,2017,1.0,0.0,0.0
KNA,2018,1.0,0.0,0.0
KNA,2019,1.0,0.0,0.0
KNA,2020,1.0,0.0,0.0
KNA,2021,1.0,0.0,0.0
KNA,2022,1.0,0.0,0.0
KNA,2023,1.0,0.0,0.0
KOR,1996,3.0,0.0,0.0
KOR,1997,5.0,0.0,0.0
KOR,1998,5.0,0.0,0.0
KOR,1999,5.0,0.0,0.0
KOR,2000,7.0,0.0,0.0
KOR,2001,7.0,0.0,0.0
KOR,2002,7.0,0.0,0.0
KOR,2003,7.0,0.0,0.0
KOR,2004,7.0,0.0,0.0
KOR,2005,7.0,0.0,0.0
KOR,2006,7.0,0.0,0.0
KOR,2007,7.0,0.0,1.0
KOR,2008,7.0,0.0,1.0
KOR,2009,8.0,0.0,1.0
KOR,2010,9.0,0.0,1.0
KOR,2011,9.0,0.0,1.0
KOR,2012,9.0,0.0,1.0
KOR,2013,9.0,0.0,1.0
KOR,2014,10.0,0.0,1.0
KOR,2015,11.0,0.0,1.0
KOR,2016,11.0,0.0,1.0
KOR,2017,11.0,0.0,1.0
KOR,2018,12.0,0.0,1.0
KOR,2019,13.0,0.0,1.0
KOR,2020,13.0,0.0,1.0
KOR,2021,13.0,0.0,2.0
KOR,2022,13.0,0.0,2.0
KOR,2023,14.0,0.0,2.0
LAO,1996,1.0,0.0,0.0
LAO,1997,1.0,0.0,0.0
LAO,1998,1.0,0.0,0.0
LAO,1999,1.0,0.0,0.0
LAO,2000,1.0,0.0,0.0
LAO,2001,2.0,0.0,0.0
LAO,2002,2.0,0.0,0.0
LAO,2003,2.0,0.0,1.0
LAO,2004,2.0,0.0,1.0
LAO,2005,2.0,0.0,1.0
LAO,2006,2.0,0.0,1.0
LAO,2007,2.0,0.0,1.0
LAO,2008,2.0,0.0,1.0
LAO,2009,2.0,0.0,1.0
LAO,2010,2.0,0.0,1.0
LAO,2011,2.0,0.0,1.0
LAO,2012,2.0,0.0,1.0
LAO,2013,2.0,0.0,1.0
LAO,2014,2.0,0.0,1.0
LAO,2015,2.0,0.0,1.0
LAO,2016,2.0,0.0,1.0
LAO,2017,2.0,0.0,1.0
LAO,2018,2.0,0.0,1.0
LAO,2019,3.0,0.0,1.0
LAO,2020,3.0,0.0,1.0
LAO,2021,3.0,0.0,1.0
LAO,2022,3.0,0.0,1.0
LAO,2023,3.0,0.0,1.0
LBN,1996,4.0,0.0,0.0
LBN,1997,4.0,0.0,0.0
LBN,1998,5.0,0.0,0.0
LBN,1999,5.0,0.0,0.0
LBN,2000,5.0,0.0,0.0
LBN,2001,5.0,0.0,0.0
LBN,2002,5.0,0.0,0.0
LBN,2003,5.0,0.0,0.0
LBN,2004,5.0,0.0,0.0
LBN,2005,5.0,0.0,0.0
LBN,2006,5.0,0.0,0.0
LBN,2007,5.0,0.0,0.0
LBN,2008,5.0,0.0,0.0
LBN,2009,5.0,0.0,0.0
LBN,2010,5.0,0.0,0.0
LBN,2011,5.0,0.0,0.0
LBN,2012,5.0,0.0,0.0
LBN,2013,5.0,0.0,0.0
LBN,2014,5.0,0.0,0.0
LBN,2015,5.0,0.0,0.0
LBN,2016,5.0,0.0,0.0
LBN,2017,5.0,0.0,0.0
LBN,2018,5.0,0.0,0.0
LBN,2019,5.0,0.0,0.0
LBN,2020,5.0,0.0,0.0
LBN,2021,5.0,0.0,0.0
LBN,2022,5.0,0.0,0.0
LBN,2023,6.0,0.0,0.0
LBY,1996,5.0,0.0,0.0
LBY,1997,5.0,0.0,0.0
LBY,1998,5.0,0.0,0.0
LBY,1999,5.0,0.0,0.0
LBY,2000,5.0,0.0,0.0
LBY,2001,5.0,0.0,0.0
LBY,2002,5.0,0.0,0.0
LBY,2003,5.0,0.0,0.0
LBY,2004,5.0,0.0,0.0
LBY,2005,5.0,0.0,0.0
LBY,2006,5.0,0.0,0.0
LBY,2007,5.0,0.0,0.0
LBY,2008,5.0,0.0,0.0
LBY,2009,5.0,0.0,0.0
LBY,2010,5.0,0.0,0.0
LBY,2011,5.0,0.0,0.0
LBY,2012,5.0,0.0,0.0
LBY,2013,5.0,0.0,0.0
LBY,2014,5.0,0.0,0.0
LBY,2015,5.0,0.0,0.0
LBY,2016,5.0,0.0,0.0
LBY,2017,5.0,0.0,0.0
LBY,2018,5.0,0.0,0.0
LBY,2019,5.0,0.0,0.0
LBY,2020,5.0,0.0,0.0
LBY,2021,5.0,0.0,0.0
LBY,2022,5.0,0.0,0.0
LBY,2023,5.0,0.0,0.0
LCA,1996,0.0,0.0,0.0
LCA,1997,0.0,0.0,0.0
LCA,1998,0.0,0.0,0.0
LCA,1999,0.0,0.0,0.0
LCA,2000,0.0,0.0,0.0
LCA,2001,0.0,0.0,0.0
LCA,2002,0.0,0.0,0.0
LCA,2003,0.0,0.0,0.0
LCA,2004,0.0,0.0,1.0
LCA,2005,0.0,0.0,1.0
LCA,2006,0.0,0.0,1.0
LCA,2007,0.0,0.0,1.0
LCA,2008,0.0,0.0,1.0
LCA,2009,0.0,0.0,1.0
LCA,2010,0.0,0.0,1.0
LCA,2011,0.0,0.0,1.0
LCA,2012,0.0,0.0,1.0
LCA,2013,0.0,0.0,1.0
LCA,2014,0.0,0.0,1.0
LCA,2015,0.0,0.0,1.0
LCA,2016,0.0,0.0,1.0
LCA,2017,0.0,0.0,1.0
LCA,2018,0.0,0.0,1.0
LCA,2019,0.0,0.0,1.0
LCA,2020,0.0,0.0,1.0
LCA,2021,0.0,0.0,1.0
LCA,2022,0.0,0.0,1.0
LCA,2023,0.0,0.0,1.0
LKA,1996,6.0,0.0,1.0
LKA,1997,6.0,0.0,1.0
LKA,1998,6.0,0.0,1.0
LKA,1999,6.0,0.0,1.0
LKA,2000,6.0,0.0,1.0
LKA,2001,6.0,0.0,1.0
LKA,2002,6.0,0.0,1.0
LKA,2003,6.0,0.0,1.0
LKA,2004,6.0,0.0,1.0
LKA,2005,6.0,0.0,1.0
LKA,2006,6.0,0.0,1.0
LKA,2007,6.0,0.0,1.0
LKA,2008,6.0,0.0,1.0
LKA,2009,6.0,0.0,1.0
LKA,2010,6.0,0.0,2.0
LKA,2011,6.0,0.0,2.0
LKA,2012,6.0,0.0,2.0
LKA,2013,6.0,0.0,2.0
LKA,2014,6.0,0.0,2.0
LKA,2015,6.0,0.0,2.0
LKA,2016,6.0,0.0,2.0
LKA,2017,6.0,0.0,2.0
LKA,2018,6.0,0.0,2.0
LKA,2019,6.0,0.0,2.0
LKA,2020,6.0,0.0,2.0
LKA,2021,6.0,0.0,2.0
LKA,2022,6.0,0.0,2.0
LKA,2023,6.0,0.0,2.0
LSO,1996,0.0,0.0,0.0
LSO,1997,0.0,0.0,0.0
LSO,1998,0.0,0.0,0.0
LSO,1999,0.0,0.0,0.0
LSO,2000,0.0,1.0,0.0
LSO,2001,0.0,1.0,0.0
LSO,2002,0.0,1.0,0.0
LSO,2003,0.0,1.0,0.0
LSO,2004,0.0,1.0,0.0
LSO,2005,0.0,1.0,0.0
LSO,2006,0.0,1.0,0.0
LSO,2007,0.0,1.0,0.0
LSO,2008,0.0,1.0,0.0
LSO,2009,0.0,1.0,0.0
LSO,2010,0.0,1.0,0.0
LSO,2011,0.0,1.0,0.0
LSO,2012,0.0,1.0,0.0
LSO,2013,0.0,1.0,0.0
LSO,2014,0.0,1.0,0.0
LSO,2015,0.0,1.0,0.0
LSO,2016,0.0,1.0,0.0
LSO,2017,0.0,1.0,0.0
LSO,2018,0.0,1.0,0.0
LSO,2019,0.0,1.0,0.0
LSO,2020,0.0,1.0,0.0
LSO,2021,0.0,1.0,0.0
LSO,2022,0.0,1.0,0.0
LSO,2023,0.0,1.0,0.0
LTU,1996,1.0,0.0,0.0
LTU,1997,1.0,0.0,0.0
LTU,1998,1.0,0.0,0.0
LTU,1999,1.0,0.0,0.0
LTU,2000,2.0,0.0,0.0
LTU,2001,2.0,0.0,0.0
LTU,2002,2.0,0.0,0.0
LTU,2003,2.0,0.0,0.0
LTU,2004,3.0,0.0,0.0
LTU,2005,4.0,0.0,0.0
LTU,2006,4.0,0.0,0.0
LTU,2007,4.0,0.0,0.0
LTU,2008,4.0,0.0,0.0
LTU,2009,4.0,0.0,0.0
LTU,2010,4.0,0.0,0.0
LTU,2011,4.0,0.0,0.0
LTU,2012,4.0,0.0,0.0
LTU,2013,4.0,0.0,0.0
LTU,2014,4.0,0.0,0.0
LTU,2015,4.0,0.0,0.0
LTU,2016,4.0,0.0,0.0
LTU,2017,4.0,0.0,0.0
LTU,2018,4.0,0.0,0.0
LTU,2019,4.0,0.0,0.0
LTU,2020,4.0,0.0,0.0
LTU,2021,4.0,0.0,0.0
LTU,2022,4.0,0.0,0.0
LTU,2023,5.0,0.0,0.0
LUX,1996,1.0,0.0,0.0
LUX,1997,1.0,0.0,0.0
LUX,1998,1.0,0.0,0.0
LUX,1999,1.0,0.0,0.0
LUX,2000,1.0,0.0,0.0
LUX,2001,1.0,0.0,0.0
LUX,2002,1.0,0.0,0.0
LUX,2003,1.0,0.0,0.0
LUX,2004,1.0,0.0,0.0
LUX,2005,1.0,0.0,0.0
LUX,2006,1.0,0.0,0.0
LUX,2007,1.0,0.0,0.0
LUX,2008,1.0,0.0,0.0
LUX,2009,1.0,0.0,0.0
LUX,2010,1.0,0.0,0.0
LUX,2011,1.0,0.0,0.0
LUX,2012,1.0,0.0,0.0
LUX,2013,1.0,0.0,0.0
LUX,2014,1.0,0.0,0.0
LUX,2015,1.0,0.0,0.0
LUX,2016,1.0,0.0,0.0
LUX,2017,1.0,0.0,0.0
LUX,2018,1.0,0.0,0.0
LUX,2019,1.0,0.0,0.0
LUX,2020,1.0,0.0,0.0
LUX,2021,1.0,0.0,0.0
LUX,2022,1.0,0.0,0.0
LUX,2023,1.0,0.0,0.0
LVA,1996,0.0,0.0,0.0
LVA,1997,1.0,0.0,0.0
LVA,1998,1.0,0.0,0.0
LVA,1999,1.0,0.0,0.0
LVA,2000,1.0,0.0,0.0
LVA,2001,1.0,0.0,0.0
LVA,2002,1.0,0.0,0.0
LVA,2003,1.0,0.0,0.0
LVA,2004,1.0,0.0,0.0
LVA,2005,2.0,0.0,0.0
LVA,2006,2.0,0.0,0.0
LVA,2007,2.0,0.0,0.0
LVA,2008,2.0,0.0,0.0
LVA,2009,2.0,0.0,0.0
LVA,2010,2.0,0.0,0.0
LVA,2011,2.0,0.0,0.0
LVA,2012,2.0,0.0,0.0
LVA,2013,2.0,0.0,0.0
LVA,2014,2.0,0.0,0.0
LVA,2015,2.0,0.0,0.0
LVA,2016,2.0,0.0,0.0
LVA,2017,2.0,0.0,0.0
LVA,2018,2.0,0.0,0.0
LVA,2019,2.0,0.0,0.0
LVA,2020,2.0,0.0,0.0
LVA,2021,2.0,0.0,0.0
LVA,2022,2.0,0.0,0.0
LVA,2023,3.0,0.0,0.0
MAR,1996,4.0,0.0,0.0
MAR,1997,6.0,0.0,0.0
MAR,1998,6.0,0.0,0.0
MAR,1999,6.0,0.0,0.0
MAR,2000,6.0,0.0,0.0
MAR,2001,7.0,0.0,0.0
MAR,2002,7.0,0.0,0.0
MAR,2003,7.0,0.0,0.0
MAR,2004,8.0,0.0,0.0
MAR,2005,8.0,0.0,0.0
MAR,2006,8.0,0.0,0.0
MAR,2007,8.0,0.0,0.0
MAR,2008,8.0,0.0,0.0
MAR,2009,8.0,0.0,0.0
MAR,2010,8.0,0.0,0.0
MAR,2011,8.0,0.0,0.0
MAR,2012,9.0,0.0,0.0
MAR,2013,9.0,0.0,0.0
MAR,2014,9.0,0.0,0.0
MAR,2015,9.0,0.0,0.0
MAR,2016,9.0,0.0,0.0
MAR,2017,9.0,0.0,0.0
MAR,2018,9.0,0.0,0.0
MAR,2019,9.0,0.0,0.0
MAR,2020,9.0,0.0,0.0
MAR,2021,9.0,0.0,0.0
MAR,2022,9.0,0.0,0.0
MAR,2023,9.0,0.0,0.0
MDA,1996,0.0,0.0,0.0
MDA,1997,0.0,0.0,0.0
MDA,1998,0.0,0.0,0.0
MDA,1999,0.0,0.0,0.0
MDA,2000,0.0,0.0,0.0
MDA,2001,0.0,0.0,0.0
MDA,2002,0.0,0.0,0.0
MDA,2003,0.0,0.0,0.0
MDA,2004,0.0,0.0,0.0
MDA,2005,1.0,0.0,0.0
MDA,2006,1.0,0.0,0.0
MDA,2007,1.0,0.0,0.0
MDA,2008,1.0,0.0,0.0
MDA,2009,1.0,0.0,0.0
MDA,2010,1.0,0.0,0.0
MDA,2011,1.0,0.0,0.0
MDA,2012,1.0,0.0,0.0
MDA,2013,1.0,0.0,0.0
MDA,2014,1.0,0.0,0.0
MDA,2015,1.0,0.0,0.0
MDA,2016,1.0,0.0,0.0
MDA,2017,1.0,0.0,0.0
MDA,2018,1.0,0.0,0.0
MDA,2019,1.0,0.0,0.0
MDA,2020,1.0,0.0,0.0
MDA,2021,1.0,0.0,0.0
MDA,2022,1.0,0.0,0.0
MDA,2023,1.0,0.0,0.0
MDG,1996,0.0,0.0,1.0
MDG,1997,0.0,0.0,1.0
MDG,1998,0.0,0.0,1.0
MDG,1999,0.0,0.0,1.0
MDG,2000,0.0,0.0,1.0
MDG,2001,1.0,0.0,1.0
MDG,2002,1.0,0.0,1.0
MDG,2003,1.0,0.0,1.0
MDG,2004,1.0,0.0,1.0
MDG,2005,1.0,0.0,1.0
MDG,2006,1.0,0.0,1.0
MDG,2007,1.0,0.0,2.0
MDG,2008,1.0,0.0,2.0
MDG,2009,1.0,0.0,2.0
MDG,2010,1.0,0.0,2.0
MDG,2011,1.0,0.0,2.0
MDG,2012,1.0,0.0,2.0
MDG,2013,1.0,0.0,2.0
MDG,2014,1.0,0.0,2.0
MDG,2015,1.0,0.0,2.0
MDG,2016,1.0,0.0,2.0
MDG,2017,1.0,0.0,2.0
MDG,2018,1.0,0.0,2.0
MDG,2019,1.0,0.0,2.0
MDG,2020,1.0,0.0,2.0
MDG,2021,1.0,0.0,2.0
MDG,2022,1.0,0.0,2.0
MDG,2023,1.0,0.0,2.0
MEX,1996,14.0,0.0,2.0
MEX,1997,15.0,0.0,2.0
MEX,1998,17.0,0.0,2.0
MEX,1999,19.0,0.0,2.0
MEX,2000,19.0,0.0,2.0
MEX,2001,19.0,0.0,2.0
MEX,2002,19.0,1.0,2.0
MEX,2003,20.0,1.0,2.0
MEX,2004,21.0,1.0,2.0
MEX,2005,21.0,1.0,3.0
MEX,2006,22.0,1.0,3.0
MEX,2007,23.0,1.0,3.0
MEX,2008,24.0,1.0,4.0
MEX,2009,24.0,1.0,4.0
MEX,2010,26.0,1.0,4.0
MEX,2011,26.0,1.0,4.0
MEX,2012,26.0,1.0,4.0
MEX,2013,26.0,1.0,5.0
MEX,2014,26.0,1.0,5.0
MEX,2015,27.0,1.0,5.0
MEX,2016,27.0,1.0,6.0
MEX,2017,27.0,1.0,6.0
MEX,2018,27.0,2.0,6.0
MEX,2019,27.0,2.0,6.0
MEX,2020,27.0,2.0,6.0
MEX,2021,27.0,2.0,6.0
MEX,2022,27.0,2.0,6.0
MEX,2023,27.0,2.0,6.0
MHL,1996,0.0,0.0,0.0
MHL,1997,0.0,0.0,0.0
MHL,1998,0.0,0.0,0.0
MHL,1999,0.0,0.0,0.0
MHL,2000,0.0,0.0,0.0
MHL,2001,0.0,0.0,0.0
MHL,2002,0.0,0.0,0.0
MHL,2003,0.0,0.0,0.0
MHL,2004,0.0,0.0,0.0
MHL,2005,0.0,0.0,0.0
MHL,2006,0.0,0.0,0.0
MHL,2007,0.0,0.0,0.0
MHL,2008,0.0,0.0,0.0
MHL,2009,0.0,0.0,0.0
MHL,2010,1.0,0.0,0.0
MHL,2011,1.0,0.0,0.0
MHL,2012,1.0,0.0,0.0
MHL,2013,1.0,0.0,0.0
MHL,2014,1.0,0.0,0.0
MHL,2015,1.0,0.0,0.0
MHL,2016,1.0,0.0,0.0
MHL,2017,1.0,0.0,0.0
MHL,2018,1.0,0.0,0.0
MHL,2019,1.0,0.0,0.0
MHL,2020,1.0,0.0,0.0
MHL,2021,1.0,0.0,0.0
MHL,2022,1.0,0.0,0.0
MHL,2023,1.0,0.0,0.0
MKD,1996,0.0,1.0,0.0
MKD,1997,0.0,1.0,0.0
MKD,1998,0.0,1.0,0.0
MKD,1999,0.0,1.0,0.0
MKD,2000,0.0,1.0,0.0
MKD,2001,0.0,1.0,0.0
MKD,2002,0.0,1.0,0.0
MKD,2003,0.0,1.0,0.0
MKD,2004,0.0,1.0,0.0
MKD,2005,0.0,1.0,0.0
MKD,2006,0.0,1.0,0.0
MKD,2007,0.0,1.0,1.0
MKD,2008,0.0,1.0,1.0
MKD,2009,0.0,1.0,1.0
MKD,2010,0.0,1.0,1.0
MKD,2011,0.0,1.0,1.0
MKD,2012,0.0,1.0,1.0
MKD,2013,0.0,1.0,1.0
MKD,2014,0.0,1.0,1.0
MKD,2015,0.0,1.0,1.0
MKD,2016,0.0,1.0,1.0
MKD,2017,0.0,1.0,1.0
MKD,2018,0.0,1.0,1.0
MKD,2019,0.0,1.0,1.0
MKD,2020,0.0,1.0,1.0
MKD,2021,0.0,1.0,1.0
MKD,2022,0.0,1.0,1.0
MKD,2023,0.0,1.0,1.0
MLI,1996,2.0,1.0,0.0
MLI,1997,2.0,1.0,0.0
MLI,1998,2.0,1.0,0.0
MLI,1999,2.0,1.0,0.0
MLI,2000,2.0,1.0,0.0
MLI,2001,2.0,1.0,0.0
MLI,2002,2.0,1.0,0.0
MLI,2003,2.0,1.0,0.0
MLI,2004,3.0,1.0,0.0
MLI,2005,3.0,1.0,0.0
MLI,2006,3.0,1.0,0.0
MLI,2007,3.0,1.0,0.0
MLI,2008,3.0,1.0,0.0
MLI,2009,3.0,1.0,0.0
MLI,2010,3.0,1.0,0.0
MLI,2011,3.0,1.0,0.0
MLI,2012,3.0,1.0,0.0
MLI,2013,3.0,1.0,0.0
MLI,2014,3.0,1.0,0.0
MLI,2015,3.0,1.0,0.0
MLI,2016,3.0,1.0,0.0
MLI,2017,3.0,1.0,0.0
MLI,2018,3.0,1.0,0.0
MLI,2019,3.0,1.0,0.0
MLI,2020,3.0,1.0,0.0
MLI,2021,3.0,1.0,0.0
MLI,2022,3.0,1.0,0.0
MLI,2023,3.0,1.0,0.0
MLT,1996,3.0,0.0,0.0
MLT,1997,3.0,0.0,0.0
MLT,1998,3.0,0.0,0.0
MLT,1999,3.0,0.0,0.0
MLT,2000,3.0,0.0,0.0
MLT,2001,3.0,0.0,0.0
MLT,2002,3.0,0.0,0.0
MLT,2003,3.0,0.0,0.0
MLT,2004,3.0,0.0,0.0
MLT,2005,3.0,0.0,0.0
MLT,2006,3.0,0.0,0.0
MLT,2007,3.0,0.0,0.0
MLT,2008,3.0,0.0,0.0
MLT,2009,3.0,0.0,0.0
MLT,2010,3.0,0.0,0.0
MLT,2011,3.0,0.0,0.0
MLT,2012,3.0,0.0,0.0
MLT,2013,3.0,0.0,0.0
MLT,2014,3.0,0.0,0.0
MLT,2015,3.0,0.0,0.0
MLT,2016,3.0,0.0,0.0
MLT,2017,3.0,0.0,0.0
MLT,2018,3.0,0.0,0.0
MLT,2019,3.0,0.0,0.0
MLT,2020,3.0,0.0,0.0
MLT,2021,3.0,0.0,0.0
MLT,2022,3.0,0.0,0.0
MLT,2023,3.0,0.0,0.0
MMR,1996,0.0,0.0,0.0
MMR,1997,0.0,0.0,0.0
MMR,1998,0.0,0.0,0.0
MMR,1999,0.0,0.0,0.0
MMR,2000,0.0,0.0,0.0
MMR,2001,0.0,0.0,0.0
MMR,2002,0.0,0.0,0.0
MMR,2003,0.0,0.0,0.0
MMR,2004,0.0,0.0,0.0
MMR,2005,0.0,0.0,0.0
MMR,2006,0.0,0.0,0.0
MMR,2007,0.0,0.0,0.0
MMR,2008,0.0,0.0,0.0
MMR,2009,0.0,0.0,0.0
MMR,2010,0.0,0.0,0.0
MMR,2011,0.0,0.0,0.0
MMR,2012,0.0,0.0,0.0
MMR,2013,0.0,0.0,0.0
MMR,2014,1.0,0.0,0.0
MMR,2015,1.0,0.0,0.0
MMR,2016,1.0,0.0,0.0
MMR,2017,1.0,0.0,0.0
MMR,2018,1.0,0.0,0.0
MMR,2019,2.0,0.0,0.0
MMR,2020,2.0,0.0,0.0
MMR,2021,2.0,0.0,0.0
MMR,2022,2.0,0.0,0.0
MMR,2023,2.0,0.0,0.0
MNE,1996,1.0,0.0,1.0
MNE,1997,1.0,0.0,1.0
MNE,1998,1.0,0.0,1.0
MNE,1999,1.0,0.0,1.0
MNE,2000,1.0,0.0,1.0
MNE,2001,1.0,0.0,1.0
MNE,2002,1.0,0.0,1.0
MNE,2003,1.0,0.0,1.0
MNE,2004,1.0,0.0,1.0
MNE,2005,1.0,0.0,1.0
MNE,2006,1.0,0.0,1.0
MNE,2007,1.0,0.0,1.0
MNE,2008,1.0,0.0,1.0
MNE,2009,1.0,0.0,1.0
MNE,2010,1.0,0.0,1.0
MNE,2011,1.0,0.0,1.0
MNE,2012,1.0,0.0,1.0
MNE,2013,1.0,0.0,1.0
MNE,2014,1.0,0.0,1.0
MNE,2015,1.0,0.0,1.0
MNE,2016,2.0,0.0,1.0
MNE,2017,3.0,0.0,1.0
MNE,2018,3.0,0.0,1.0
MNE,2019,3.0,0.0,1.0
MNE,2020,3.0,0.0,1.0
MNE,2021,3.0,0.0,1.0
MNE,2022,3.0,0.0,1.0
MNE,2023,3.0,0.0,1.0
MNG,1996,0.0,0.0,0.0
MNG,1997,0.0,0.0,0.0
MNG,1998,0.0,0.0,0.0
MNG,1999,0.0,0.0,0.0
MNG,2000,0.0,0.0,0.0
MNG,2001,0.0,0.0,0.0
MNG,2002,0.0,0.0,0.0
MNG,2003,0.0,0.0,1.0
MNG,2004,1.0,0.0,1.0
MNG,2005,1.0,0.0,1.0
MNG,2006,1.0,0.0,1.0
MNG,2007,1.0,0.0,1.0
MNG,2008,1.0,0.0,1.0
MNG,2009,1.0,0.0,1.0
MNG,2010,1.0,0.0,1.0
MNG,2011,2.0,0.0,1.0
MNG,2012,2.0,0.0,1.0
MNG,2013,2.0,0.0,1.0
MNG,2014,2.0,0.0,1.0
MNG,2015,3.0,0.0,1.0
MNG,2016,3.0,0.0,1.0
MNG,2017,3.0,0.0,2.0
MNG,2018,3.0,0.0,2.0
MNG,2019,3.0,0.0,2.0
MNG,2020,3.0,0.0,2.0
MNG,2021,3.0,0.0,2.0
MNG,2022,3.0,0.0,2.0
MNG,2023,4.0,0.0,2.0
MOZ,1996,1.0,0.0,0.0
MOZ,1997,1.0,0.0,0.0
MOZ,1998,1.0,0.0,0.0
MOZ,1999,1.0,0.0,1.0
MOZ,2000,1.0,0.0,1.0
MOZ,2001,1.0,0.0,1.0
MOZ,2002,1.0,0.0,1.0
MOZ,2003,1.0,0.0,1.0
MOZ,2004,1.0,0.0,1.0
MOZ,2005,1.0,0.0,1.0
MOZ,2006,1.0,0.0,1.0
MOZ,2007,1.0,0.0,1.0
MOZ,2008,1.0,0.0,1.0
MOZ,2009,1.0,0.0,1.0
MOZ,2010,1.0,0.0,1.0
MOZ,2011,1.0,0.0,1.0
MOZ,2012,1.0,0.0,1.0
MOZ,2013,1.0,0.0,1.0
MOZ,2014,1.0,0.0,1.0
MOZ,2015,1.0,0.0,1.0
MOZ,2016,1.0,0.0,1.0
MOZ,2017,1.0,0.0,1.0
MOZ,2018,1.0,0.0,1.0
MOZ,2019,1.0,0.0,1.0
MOZ,2020,1.0,0.0,1.0
MOZ,2021,1.0,0.0,1.0
MOZ,2022,1.0,0.0,1.0
MOZ,2023,1.0,0.0,1.0
MRT,1996,1.0,0.0,1.0
MRT,1997,1.0,0.0,1.0
MRT,1998,1.0,0.0,1.0
MRT,1999,1.0,0.0,1.0
MRT,2000,1.0,0.0,1.0
MRT,2001,1.0,0.0,1.0
MRT,2002,1.0,0.0,1.0
MRT,2003,1.0,0.0,1.0
MRT,2004,1.0,0.0,1.0
MRT,2005,1.0,0.0,1.0
MRT,2006,1.0,0.0,1.0
MRT,2007,1.0,0.0,1.0
MRT,2008,1.0,0.0,1.0
MRT,2009,1.0,0.0,1.0
MRT,2010,1.0,0.0,1.0
MRT,2011,1.0,0.0,1.0
MRT,2012,1.0,0.0,1.0
MRT,2013,1.0,0.0,1.0
MRT,2014,1.0,0.0,1.0
MRT,2015,1.0,0.0,1.0
MRT,2016,1.0,0.0,1.0
MRT,2017,1.0,0.0,1.0
MRT,2018,1.0,0.0,1.0
MRT,2019,1.0,0.0,1.0
MRT,2020,1.0,0.0,1.0
MRT,2021,1.0,0.0,1.0
MRT,2022,1.0,0.0,1.0
MRT,2023,1.0,0.0,1.0
MUS,1996,0.0,0.0,0.0
MUS,1997,0.0,0.0,0.0
MUS,1998,0.0,0.0,0.0
MUS,1999,0.0,0.0,0.0
MUS,2000,0.0,0.0,0.0
MUS,2001,0.0,0.0,0.0
MUS,2002,0.0,0.0,0.0
MUS,2003,0.0,0.0,0.0
MUS,2004,0.0,0.0,0.0
MUS,2005,0.0,0.0,0.0
MUS,2006,1.0,0.0,0.0
MUS,2007,1.0,0.0,0.0
MUS,2008,2.0,0.0,0.0
MUS,2009,2.0,0.0,0.0
MUS,2010,2.0,0.0,0.0
MUS,2011,2.0,0.0,0.0
MUS,2012,2.0,0.0,0.0
MUS,2013,2.0,0.0,0.0
MUS,2014,2.0,0.0,0.0
MUS,2015,2.0,0.0,0.0
MUS,2016,2.0,0.0,0.0
MUS,2017,2.0,0.0,0.0
MUS,2018,2.0,0.0,0.0
MUS,2019,2.0,0.0,0.0
MUS,2020,2.0,0.0,0.0
MUS,2021,2.0,0.0,0.0
MUS,2022,2.0,0.0,0.0
MUS,2023,2.0,0.0,0.0
MWI,1996,0.0,0.0,1.0
MWI,1997,0.0,0.0,1.0
MWI,1998,0.0,0.0,1.0
MWI,1999,0.0,0.0,1.0
MWI,2000,0.0,0.0,1.0
MWI,2001,0.0,0.0,1.0
MWI,2002,0.0,0.0,1.0
MWI,2003,0.0,0.0,1.0
MWI,2004,0.0,0.0,1.0
MWI,2005,0.0,0.0,1.0
MWI,2006,1.0,0.0,1.0
MWI,2007,1.0,0.0,1.0
MWI,2008,1.0,0.0,1.0
MWI,2009,1.0,0.0,1.0
MWI,2010,1.0,0.0,1.0
MWI,2011,1.0,0.0,1.0
MWI,2012,1.0,0.0,1.0
MWI,2013,1.0,0.0,1.0
MWI,2014,1.0,0.0,1.0
MWI,2015,1.0,0.0,1.0
MWI,2016,1.0,0.0,1.0
MWI,2017,1.0,0.0,1.0
MWI,2018,1.0,0.0,1.0
MWI,2019,1.0,0.0,1.0
MWI,2020,1.0,0.0,1.0
MWI,2021,1.0,0.0,1.0
MWI,2022,1.0,0.0,1.0
MWI,2023,1.0,0.0,1.0
MYS,1996,0.0,0.0,0.0
MYS,1997,0.0,0.0,0.0
MYS,1998,0.0,0.0,0.0
MYS,1999,0.0,0.0,0.0
MYS,2000,0.0,0.0,2.0
MYS,2001,0.0,0.0,2.0
MYS,2002,0.0,0.0,2.0
MYS,2003,0.0,0.0,2.0
MYS,2004,0.0,0.0,2.0
MYS,2005,0.0,0.0,2.0
MYS,2006,0.0,0.0,2.0
MYS,2007,0.0,0.0,2.0
MYS,2008,1.0,0.0,2.0
MYS,2009,1.0,0.0,2.0
MYS,2010,1.0,0.0,2.0
MYS,2011,1.0,0.0,2.0
MYS,2012,2.0,0.0,2.0
MYS,2013,2.0,0.0,2.0
MYS,2014,2.0,0.0,2.0
MYS,2015,2.0,0.0,2.0
MYS,2016,2.0,0.0,2.0
MYS,2017,2.0,0.0,2.0
MYS,2018,2.0,0.0,2.0
MYS,2019,2.0,0.0,2.0
MYS,2020,2.0,0.0,2.0
MYS,2021,2.0,0.0,2.0
MYS,2022,2.0,0.0,2.0
MYS,2023,2.0,0.0,2.0
NAM,1996,0.0,0.0,0.0
NAM,1997,0.0,0.0,0.0
NAM,1998,0.0,0.0,0.0
NAM,1999,0.0,0.0,0.0
NAM,2000,0.0,0.0,0.0
NAM,2001,0.0,0.0,0.0
NAM,2002,0.0,0.0,0.0
NAM,2003,0.0,0.0,0.0
NAM,2004,0.0,0.0,0.0
NAM,2005,0.0,0.0,0.0
NAM,2006,0.0,0.0,0.0
NAM,2007,1.0,0.0,0.0
NAM,2008,1.0,0.0,0.0
NAM,2009,1.0,0.0,0.0
NAM,2010,1.0,0.0,0.0
NAM,2011,1.0,0.0,0.0
NAM,2012,1.0,0.0,0.0
NAM,2013,1.0,0.0,1.0
NAM,2014,1.0,0.0,1.0
NAM,2015,1.0,0.0,1.0
NAM,2016,1.0,0.0,1.0
NAM,2017,1.0,0.0,1.0
NAM,2018,1.0,0.0,1.0
NAM,2019,1.0,0.0,1.0
NAM,2020,1.0,0.0,1.0
NAM,2021,1.0,0.0,1.0
NAM,2022,1.0,0.0,1.0
NAM,2023,1.0,0.0,1.0
NER,1996,0.0,0.0,2.0
NER,1997,0.0,0.0,2.0
NER,1998,0.0,0.0,2.0
NER,1999,0.0,0.0,2.0
NER,2000,0.0,0.0,2.0
NER,2001,0.0,0.0,2.0
NER,2002,0.0,0.0,2.0
NER,2003,0.0,0.0,2.0
NER,2004,0.0,0.0,2.0
NER,2005,0.0,0.0,2.0
NER,2006,0.0,0.0,2.0
NER,2007,0.0,0.0,2.0
NER,2008,0.0,0.0,2.0
NER,2009,0.0,0.0,2.0
NER,2010,0.0,0.0,2.0
NER,2011,0.0,0.0,2.0
NER,2012,0.0,0.0,2.0
NER,2013,1.0,0.0,2.0
NER,2014,1.0,0.0,2.0
NER,2015,1.0,0.0,2.0
NER,2016,1.0,0.0,2.0
NER,2017,1.0,0.0,2.0
NER,2018,1.0,0.0,2.0
NER,2019,1.0,0.0,2.0
NER,2020,1.0,0.0,2.0
NER,2021,1.0,0.0,2.0
NER,2022,1.0,0.0,2.0
NER,2023,1.0,0.0,2.0
NGA,1996,0.0,0.0,0.0
NGA,1997,0.0,0.0,0.0
NGA,1998,0.0,0.0,0.0
NGA,1999,1.0,0.0,0.0
NGA,2000,1.0,0.0,0.0
NGA,2001,1.0,0.0,0.0
NGA,2002,1.0,0.0,0.0
NGA,2003,1.0,0.0,0.0
NGA,2004,1.0,0.0,0.0
NGA,2005,2.0,0.0,0.0
NGA,2006,2.0,0.0,0.0
NGA,2007,2.0,0.0,0.0
NGA,2008,2.0,0.0,0.0
NGA,2009,2.0,0.0,0.0
NGA,2010,2.0,0.0,0.0
NGA,2011,2.0,0.0,0.0
NGA,2012,2.0,0.0,0.0
NGA,2013,2.0,0.0,0.0
NGA,2014,2.0,0.0,0.0
NGA,2015,2.0,0.0,0.0
NGA,2016,2.0,0.0,0.0
NGA,2017,2.0,0.0,0.0
NGA,2018,2.0,0.0,0.0
NGA,2019,2.0,0.0,0.0
NGA,2020,2.0,0.0,0.0
NGA,2021,2.0,0.0,0.0
NGA,2022,2.0,0.0,0.0
NGA,2023,2.0,0.0,0.0
NIC,1996,0.0,0.0,0.0
NIC,1997,0.0,0.0,0.0
NIC,1998,0.0,0.0,0.0
NIC,1999,0.0,0.0,0.0
NIC,2000,1.0,0.0,0.0
NIC,2001,1.0,0.0,0.0
NIC,2002,1.0,0.0,0.0
NIC,2003,1.0,0.0,0.0
NIC,2004,1.0,0.0,0.0
NIC,2005,1.0,0.0,0.0
NIC,2006,1.0,0.0,0.0
NIC,2007,1.0,0.0,0.0
NIC,2008,1.0,0.0,0.0
NIC,2009,1.0,0.0,0.0
NIC,2010,1.0,0.0,0.0
NIC,2011,2.0,0.0,0.0
NIC,2012,2.0,0.0,0.0
NIC,2013,2.0,0.0,0.0
NIC,2014,2.0,0.0,0.0
NIC,2015,2.0,0.0,0.0
NIC,2016,2.0,0.0,0.0
NIC,2017,2.0,0.0,0.0
NIC,2018,2.0,0.0,0.0
NIC,2019,2.0,0.0,0.0
NIC,2020,2.0,0.0,0.0
NIC,2021,2.0,0.0,0.0
NIC,2022,2.0,0.0,0.0
NIC,2023,2.0,0.0,0.0
NLD,1996,2.0,0.0,0.0
NLD,1997,4.0,0.0,0.0
NLD,1998,5.0,0.0,0.0
NLD,1999,6.0,0.0,0.0
NLD,2000,7.0,0.0,0.0
NLD,2001,7.0,0.0,0.0
NLD,2002,7.0,0.0,0.0
NLD,2003,7.0,0.0,0.0
NLD,2004,7.0,0.0,0.0
NLD,2005,7.0,0.0,0.0
NLD,2006,7.0,0.0,0.0
NLD,2007,7.0,0.0,0.0
NLD,2008,7.0,0.0,0.0
NLD,2009,7.0,0.0,1.0
NLD,2010,8.0,0.0,1.0
NLD,2011,8.0,0.0,1.0
NLD,2012,8.0,0.0,1.0
NLD,2013,8.0,0.0,1.0
NLD,2014,9.0,0.0,1.0
NLD,2015,9.0,0.0,1.0
NLD,2016,9.0,0.0,1.0
NLD,2017,9.0,0.0,1.0
NLD,2018,9.0,0.0,1.0
NLD,2019,9.0,0.0,1.0
NLD,2020,9.0,0.0,1.0
NLD,2021,11.0,0.0,1.0
NLD,2022,11.0,0.0,1.0
NLD,2023,12.0,0.0,1.0
NOR,1996,4.0,0.0,0.0
NOR,1997,4.0,0.0,0.0
NOR,1998,4.0,0.0,0.0
NOR,1999,4.0,0.0,0.0
NOR,2000,4.0,0.0,0.0
NOR,2001,4.0,0.0,0.0
NOR,2002,4.0,0.0,0.0
NOR,2003,4.0,0.0,0.0
NOR,2004,5.0,0.0,0.0
NOR,2005,6.0,0.0,1.0
NOR,2006,6.0,0.0,1.0
NOR,2007,6.0,0.0,1.0
NOR,2008,6.0,0.0,1.0
NOR,2009,6.0,0.0,1.0
NOR,2010,6.0,0.0,1.0
NOR,2011,6.0,0.0,1.0
NOR,2012,6.0,0.0,1.0
NOR,2013,6.0,0.0,1.0
NOR,2014,6.0,0.0,1.0
NOR,2015,7.0,0.0,1.0
NOR,2016,7.0,0.0,1.0
NOR,2017,7.0,0.0,1.0
NOR,2018,7.0,0.0,1.0
NOR,2019,7.0,0.0,1.0
NOR,2020,7.0,0.0,1.0
NOR,2021,7.0,0.0,1.0
NOR,2022,7.0,0.0,1.0
NOR,2023,7.0,0.0,1.0
NPL,1996,1.0,0.0,2.0
NPL,1997,2.0,0.0,2.0
NPL,1998,2.0,0.0,2.0
NPL,1999,2.0,0.0,2.0
NPL,2000,2.0,0.0,2.0
NPL,2001,2.0,0.0,2.0
NPL,2002,2.0,0.0,2.0
NPL,2003,2.0,0.0,2.0
NPL,2004,2.0,0.0,2.0
NPL,2005,2.0,0.0,2.0
NPL,2006,2.0,0.0,2.0
NPL,2007,2.0,0.0,2.0
NPL,2008,2.0,0.0,2.0
NPL,2009,2.0,0.0,2.0
NPL,2010,2.0,0.0,2.0
NPL,2011,2.0,0.0,2.0
NPL,2012,2.0,0.0,2.0
NPL,2013,2.0,0.0,2.0
NPL,2014,2.0,0.0,2.0
NPL,2015,2.0,0.0,2.0
NPL,2016,2.0,0.0,2.0
NPL,2017,2.0,0.0,2.0
NPL,2018,2.0,0.0,2.0
NPL,2019,2.0,0.0,2.0
NPL,2020,2.0,0.0,2.0
NPL,2021,2.0,0.0,2.0
NPL,2022,2.0,0.0,2.0
NPL,2023,2.0,0.0,2.0
NZL,1996,0.0,1.0,1.0
NZL,1997,0.0,1.0,1.0
NZL,1998,0.0,1.0,2.0
NZL,1999,0.0,1.0,2.0
NZL,2000,0.0,1.0,2.0
NZL,2001,0.0,1.0,2.0
NZL,2002,0.0,1.0,2.0
NZL,2003,0.0,1.0,2.0
NZL,2004,0.0,1.0,2.0
NZL,2005,0.0,1.0,2.0
NZL,2006,0.0,1.0,2.0
NZL,2007,0.0,1.0,2.0
NZL,2008,0.0,1.0,2.0
NZL,2009,0.0,1.0,2.0
NZL,2010,0.0,1.0,2.0
NZL,2011,0.0,1.0,2.0
NZL,2012,0.0,1.0,2.0
NZL,2013,0.0,1.0,2.0
NZL,2014,0.0,1.0,2.0
NZL,2015,0.0,1.0,2.0
NZL,2016,0.0,1.0,2.0
NZL,2017,0.0,1.0,2.0
NZL,2018,0.0,1.0,2.0
NZL,2019,0.0,1.0,2.0
NZL,2020,0.0,1.0,2.0
NZL,2021,0.0,1.0,2.0
NZL,2022,0.0,1.0,2.0
NZL,2023,0.0,1.0,2.0
OMN,1996,2.0,0.0,0.0
OMN,1997,2.0,0.0,0.0
OMN,1998,2.0,0.0,0.0
OMN,1999,2.0,0.0,0.0
OMN,2000,3.0,0.0,0.0
OMN,2001,3.0,0.0,0.0
OMN,2002,3.0,0.0,0.0
OMN,2003,3.0,0.0,0.0
OMN,2004,3.0,0.0,0.0
OMN,2005,3.0,0.0,0.0
OMN,2006,4.0,0.0,0.0
OMN,2007,4.0,0.0,0.0
OMN,2008,4.0,0.0,0.0
OMN,2009,4.0,0.0,0.0
OMN,2010,4.0,0.0,0.0
OMN,2011,4.0,0.0,0.0
OMN,2012,4.0,0.0,0.0
OMN,2013,4.0,0.0,0.0
OMN,2014,4.0,0.0,0.0
OMN,2015,4.0,0.0,0.0
OMN,2016,4.0,0.0,0.0
OMN,2017,4.0,0.0,0.0
OMN,2018,5.0,0.0,0.0
OMN,2019,5.0,0.0,0.0
OMN,2020,5.0,0.0,0.0
OMN,2021,5.0,0.0,0.0
OMN,2022,5.0,0.0,0.0
OMN,2023,5.0,0.0,0.0
PAK,1996,5.0,0.0,0.0
PAK,1997,6.0,0.0,0.0
PAK,1998,6.0,0.0,0.0
PAK,1999,6.0,0.0,0.0
PAK,2000,6.0,0.0,0.0
PAK,2001,6.0,0.0,0.0
PAK,2002,6.0,0.0,0.0
PAK,2003,6.0,0.0,0.0
PAK,2004,6.0,0.0,0.0
PAK,2005,6.0,0.0,0.0
PAK,2006,6.0,0.0,0.0
PAK,2007,6.0,0.0,0.0
PAK,2008,6.0,0.0,0.0
PAK,2009,6.0,0.0,0.0
PAK,2010,6.0,0.0,0.0
PAK,2011,6.0,0.0,0.0
PAK,2012,6.0,0.0,0.0
PAK,2013,6.0,0.0,0.0
PAK,2014,6.0,0.0,0.0
PAK,2015,6.0,0.0,0.0
PAK,2016,6.0,0.0,0.0
PAK,2017,6.0,0.0,0.0
PAK,2018,6.0,0.0,0.0
PAK,2019,6.0,0.0,0.0
PAK,2020,6.0,0.0,0.0
PAK,2021,6.0,0.0,0.0
PAK,2022,6.0,0.0,0.0
PAK,2023,6.0,0.0,0.0
PAN,1996,1.0,0.0,2.0
PAN,1997,1.0,0.0,2.0
PAN,1998,1.0,0.0,2.0
PAN,1999,1.0,0.0,2.0
PAN,2000,1.0,0.0,2.0
PAN,2001,1.0,0.0,2.0
PAN,2002,1.0,0.0,2.0
PAN,2003,1.0,0.0,2.0
PAN,2004,1.0,0.0,2.0
PAN,2005,1.0,0.0,3.0
PAN,2006,1.0,0.0,3.0
PAN,2007,1.0,0.0,3.0
PAN,2008,1.0,0.0,3.0
PAN,2009,1.0,0.0,3.0
PAN,2010,1.0,0.0,3.0
PAN,2011,1.0,0.0,3.0
PAN,2012,1.0,0.0,3.0
PAN,2013,1.0,0.0,3.0
PAN,2014,1.0,0.0,3.0
PAN,2015,1.0,0.0,3.0
PAN,2016,1.0,0.0,3.0
PAN,2017,1.0,0.0,3.0
PAN,2018,1.0,0.0,3.0
PAN,2019,1.0,0.0,3.0
PAN,2020,1.0,0.0,3.0
PAN,2021,1.0,0.0,3.0
PAN,2022,1.0,0.0,3.0
PAN,2023,1.0,0.0,3.0
PER,1996,5.0,2.0,2.0
PER,1997,5.0,2.0,2.0
PER,1998,5.0,2.0,2.0
PER,1999,5.0,2.0,2.0
PER,2000,6.0,2.0,2.0
PER,2001,6.0,2.0,2.0
PER,2002,6.0,2.0,2.0
PER,2003,6.0,2.0,2.0
PER,2004,6.0,2.0,2.0
PER,2005,6.0,2.0,2.0
PER,2006,6.0,2.0,2.0
PER,2007,6.0,2.0,2.0
PER,2008,6.0,2.0,2.0
PER,2009,7.0,2.0,2.0
PER,2010,7.0,2.0,2.0
PER,2011,7.0,2.0,2.0
PER,2012,7.0,2.0,2.0
PER,2013,7.0,2.0,2.0
PER,2014,8.0,2.0,2.0
PER,2015,8.0,2.0,2.0
PER,2016,8.0,2.0,2.0
PER,2017,8.0,2.0,2.0
PER,2018,8.0,2.0,2.0
PER,2019,8.0,2.0,2.0
PER,2020,8.0,2.0,2.0
PER,2021,9.0,2.0,2.0
PER,2022,9.0,2.0,2.0
PER,2023,9.0,2.0,2.0
PHL,1996,2.0,0.0,1.0
PHL,1997,2.0,0.0,1.0
PHL,1998,2.0,0.0,1.0
PHL,1999,3.0,0.0,2.0
PHL,2000,3.0,0.0,2.0
PHL,2001,3.0,0.0,2.0
PHL,2002,3.0,0.0,2.0
PHL,2003,3.0,0.0,2.0
PHL,2004,3.0,0.0,2.0
PHL,2005,3.0,0.0,2.0
PHL,2006,3.0,0.0,2.0
PHL,2007,3.0,0.0,2.0
PHL,2008,3.0,0.0,2.0
PHL,2009,3.0,0.0,2.0
PHL,2010,3.0,0.0,2.0
PHL,2011,3.0,0.0,2.0
PHL,2012,3.0,0.0,2.0
PHL,2013,3.0,0.0,2.0
PHL,2014,3.0,0.0,3.0
PHL,2015,3.0,0.0,3.0
PHL,2016,3.0,0.0,3.0
PHL,2017,3.0,0.0,3.0
PHL,2018,3.0,0.0,3.0
PHL,2019,3.0,0.0,3.0
PHL,2020,3.0,0.0,3.0
PHL,2021,3.0,0.0,3.0
PHL,2022,3.0,0.0,3.0
PHL,2023,3.0,0.0,3.0
PLW,1996,0.0,0.0,0.0
PLW,1997,0.0,0.0,0.0
PLW,1998,0.0,0.0,0.0
PLW,1999,0.0,0.0,0.0
PLW,2000,0.0,0.0,0.0
PLW,2001,0.0,0.0,0.0
PLW,2002,0.0,0.0,0.0
PLW,2003,0.0,0.0,0.0
PLW,2004,0.0,0.0,0.0
PLW,2005,0.0,0.0,0.0
PLW,2006,0.0,0.0,0.0
PLW,2007,0.0,0.0,0.0
PLW,2008,0.0,0.0,0.0
PLW,2009,0.0,0.0,0.0
PLW,2010,0.0,0.0,0.0
PLW,2011,0.0,0.0,0.0
PLW,2012,0.0,1.0,0.0
PLW,2013,0.0,1.0,0.0
PLW,2014,0.0,1.0,0.0
PLW,2015,0.0,1.0,0.0
PLW,2016,0.0,1.0,0.0
PLW,2017,0.0,1.0,0.0
PLW,2018,0.0,1.0,0.0
PLW,2019,0.0,1.0,0.0
PLW,2020,0.0,1.0,0.0
PLW,2021,0.0,1.0,0.0
PLW,2022,0.0,1.0,0.0
PLW,2023,0.0,1.0,0.0
PNG,1996,0.0,0.0,0.0
PNG,1997,0.0,0.0,0.0
PNG,1998,0.0,0.0,0.0
PNG,1999,0.0,0.0,0.0
PNG,2000,0.0,0.0,0.0
PNG,2001,0.0,0.0,0.0
PNG,2002,0.0,0.0,0.0
PNG,2003,0.0,0.0,0.0
PNG,2004,0.0,0.0,0.0
PNG,2005,0.0,0.0,0.0
PNG,2006,0.0,0.0,0.0
PNG,2007,0.0,0.0,0.0
PNG,2008,1.0,0.0,0.0
PNG,2009,1.0,0.0,0.0
PNG,2010,1.0,0.0,0.0
PNG,2011,1.0,0.0,0.0
PNG,2012,1.0,0.0,0.0
PNG,2013,1.0,0.0,0.0
PNG,2014,1.0,0.0,0.0
PNG,2015,1.0,0.0,0.0
PNG,2016,1.0,0.0,0.0
PNG,2017,1.0,0.0,0.0
PNG,2018,1.0,0.0,0.0
PNG,2019,1.0,0.0,0.0
PNG,2020,1.0,0.0,0.0
PNG,2021,1.0,0.0,0.0
PNG,2022,1.0,0.0,0.0
PNG,2023,1.0,0.0,0.0
POL,1996,5.0,0.0,1.0
POL,1997,7.0,0.0,1.0
POL,1998,7.0,0.0,1.0
POL,1999,8.0,0.0,1.0
POL,2000,8.0,0.0,1.0
POL,2001,9.0,0.0,1.0
POL,2002,9.0,0.0,1.0
POL,2003,10.0,0.0,1.0
POL,2004,11.0,0.0,1.0
POL,2005,11.0,0.0,1.0
POL,2006,12.0,0.0,1.0
POL,2007,12.0,0.0,2.0
POL,2008,12.0,0.0,2.0
POL,2009,12.0,0.0,2.0
POL,2010,12.0,0.0,2.0
POL,2011,12.0,0.0,2.0
POL,2012,12.0,0.0,2.0
POL,2013,13.0,0.0,2.0
POL,2014,13.0,0.0,2.0
POL,2015,13.0,0.0,2.0
POL,2016,13.0,0.0,2.0
POL,2017,14.0,0.0,2.0
POL,2018,14.0,0.0,2.0
POL,2019,15.0,0.0,2.0
POL,2020,15.0,0.0,2.0
POL,2021,15.0,0.0,2.0
POL,2022,15.0,0.0,2.0
POL,2023,15.0,0.0,2.0
PRK,1996,0.0,0.0,0.0
PRK,1997,0.0,0.0,0.0
PRK,1998,0.0,0.0,0.0
PRK,1999,0.0,0.0,0.0
PRK,2000,0.0,0.0,0.0
PRK,2001,0.0,0.0,0.0
PRK,2002,0.0,0.0,0.0
PRK,2003,0.0,0.0,0.0
PRK,2004,1.0,0.0,0.0
PRK,2005,1.0,0.0,0.0
PRK,2006,1.0,0.0,0.0
PRK,2007,1.0,0.0,0.0
PRK,2008,1.0,0.0,0.0
PRK,2009,1.0,0.0,0.0
PRK,2010,1.0,0.0,0.0
PRK,2011,1.0,0.0,0.0
PRK,2012,1.0,0.0,0.0
PRK,2013,2.0,0.0,0.0
PRK,2014,2.0,0.0,0.0
PRK,2015,2.0,0.0,0.0
PRK,2016,2.0,0.0,0.0
PRK,2017,2.0,0.0,0.0
PRK,2018,2.0,0.0,0.0
PRK,2019,2.0,0.0,0.0
PRK,2020,2.0,0.0,0.0
PRK,2021,2.0,0.0,0.0
PRK,2022,2.0,0.0,0.0
PRK,2023,2.0,0.0,0.0
PRT,1996,8.0,0.0,0.0
PRT,1997,8.0,0.0,0.0
PRT,1998,9.0,0.0,0.0
PRT,1999,9.0,0.0,1.0
PRT,2000,9.0,0.0,1.0
PRT,2001,11.0,0.0,1.0
PRT,2002,11.0,0.0,1.0
PRT,2003,11.0,0.0,1.0
PRT,2004,12.0,0.0,1.0
PRT,2005,12.0,0.0,1.0
PRT,2006,12.0,0.0,1.0
PRT,2007,12.0,0.0,1.0
PRT,2008,12.0,0.0,1.0
PRT,2009,12.0,0.0,1.0
PRT,2010,12.0,0.0,1.0
PRT,2011,12.0,0.0,1.0
PRT,2012,13.0,0.0,1.0
PRT,2013,14.0,0.0,1.0
PRT,2014,14.0,0.0,1.0
PRT,2015,14.0,0.0,1.0
PRT,2016,14.0,0.0,1.0
PRT,2017,14.0,0.0,1.0
PRT,2018,14.0,0.0,1.0
PRT,2019,16.0,0.0,1.0
PRT,2020,16.0,0.0,1.0
PRT,2021,16.0,0.0,1.0
PRT,2022,16.0,0.0,1.0
PRT,2023,16.0,0.0,1.0
PRY,1996,1.0,0.0,0.0
PRY,1997,1.0,0.0,0.0
PRY,1998,1.0,0.0,0.0
PRY,1999,1.0,0.0,0.0
PRY,2000,1.0,0.0,0.0
PRY,2001,1.0,0.0,0.0
PRY,2002,1.0,0.0,0.0
PRY,2003,1.0,0.0,0.0
PRY,2004,1.0,0.0,0.0
PRY,2005,1.0,0.0,0.0
PRY,2006,1.0,0.0,0.0
PRY,2007,1.0,0.0,0.0
PRY,2008,1.0,0.0,0.0
PRY,2009,1.0,0.0,0.0
PRY,2010,1.0,0.0,0.0
PRY,2011,1.0,0.0,0.0
PRY,2012,1.0,0.0,0.0
PRY,2013,1.0,0.0,0.0
PRY,2014,1.0,0.0,0.0
PRY,2015,1.0,0.0,0.0
PRY,2016,1.0,0.0,0.0
PRY,2017,1.0,0.0,0.0
PRY,2018,1.0,0.0,0.0
PRY,2019,1.0,0.0,0.0
PRY,2020,1.0,0.0,0.0
PRY,2021,1.0,0.0,0.0
PRY,2022,1.0,0.0,0.0
PRY,2023,1.0,0.0,0.0
PSE,1996,0.0,0.0,0.0
PSE,1997,0.0,0.0,0.0
PSE,1998,0.0,0.0,0.0
PSE,1999,0.0,0.0,0.0
PSE,2000,0.0,0.0,0.0
PSE,2001,0.0,0.0,0.0
PSE,2002,0.0,0.0,0.0
PSE,2003,0.0,0.0,0.0
PSE,2004,0.0,0.0,0.0
PSE,2005,0.0,0.0,0.0
PSE,2006,0.0,0.0,0.0
PSE,2007,0.0,0.0,0.0
PSE,2008,0.0,0.0,0.0
PSE,2009,0.0,0.0,0.0
PSE,2010,0.0,0.0,0.0
PSE,2011,0.0,0.0,0.0
PSE,2012,1.0,0.0,0.0
PSE,2013,1.0,0.0,0.0
PSE,2014,2.0,0.0,0.0
PSE,2015,2.0,0.0,0.0
PSE,2016,2.0,0.0,0.0
PSE,2017,3.0,0.0,0.0
PSE,2018,3.0,0.0,0.0
PSE,2019,3.0,0.0,0.0
PSE,2020,3.0,0.0,0.0
PSE,2021,3.0,0.0,0.0
PSE,2022,3.0,0.0,0.0
PSE,2023,4.0,0.0,0.0
QAT,1996,0.0,0.0,0.0
QAT,1997,0.0,0.0,0.0
QAT,1998,0.0,0.0,0.0
QAT,1999,0.0,0.0,0.0
QAT,2000,0.0,0.0,0.0
QAT,2001,0.0,0.0,0.0
QAT,2002,0.0,0.0,0.0
QAT,2003,0.0,0.0,0.0
QAT,2004,0.0,0.0,0.0
QAT,2005,0.0,0.0,0.0
QAT,2006,0.0,0.0,0.0
QAT,2007,0.0,0.0,0.0
QAT,2008,0.0,0.0,0.0
QAT,2009,0.0,0.0,0.0
QAT,2010,0.0,0.0,0.0
QAT,2011,0.0,0.0,0.0
QAT,2012,0.0,0.0,0.0
QAT,2013,1.0,0.0,0.0
QAT,2014,1.0,0.0,0.0
QAT,2015,1.0,0.0,0.0
QAT,2016,1.0,0.0,0.0
QAT,2017,1.0,0.0,0.0
QAT,2018,1.0,0.0,0.0
QAT,2019,1.0,0.0,0.0
QAT,2020,1.0,0.0,0.0
QAT,2021,1.0,0.0,0.0
QAT,2022,1.0,0.0,0.0
QAT,2023,1.0,0.0,0.0
ROU,1996,3.0,0.0,1.0
ROU,1997,3.0,0.0,1.0
ROU,1998,3.0,0.0,1.0
ROU,1999,6.0,0.0,1.0
ROU,2000,6.0,0.0,1.0
ROU,2001,6.0,0.0,1.0
ROU,2002,6.0,0.0,1.0
ROU,2003,6.0,0.0,1.0
ROU,2004,6.0,0.0,1.0
ROU,2005,6.0,0.0,1.0
ROU,2006,6.0,0.0,1.0
ROU,2007,6.0,0.0,2.0
ROU,2008,6.0,0.0,2.0
ROU,2009,6.0,0.0,2.0
ROU,2010,6.0,0.0,2.0
ROU,2011,6.0,0.0,2.0
ROU,2012,6.0,0.0,2.0
ROU,2013,6.0,0.0,2.0
ROU,2014,6.0,0.0,2.0
ROU,2015,6.0,0.0,2.0
ROU,2016,6.0,0.0,2.0
ROU,2017,6.0,0.0,2.0
ROU,2018,6.0,0.0,2.0
ROU,2019,6.0,0.0,2.0
ROU,2020,6.0,0.0,2.0
ROU,2021,7.0,0.0,2.0
ROU,2022,7.0,0.0,2.0
ROU,2023,7.0,0.0,2.0
RUS,1996,8.0,0.0,3.0
RUS,1997,8.0,0.0,3.0
RUS,1998,8.0,0.0,4.0
RUS,1999,8.0,0.0,5.0
RUS,2000,11.0,0.0,5.0
RUS,2001,11.0,0.0,6.0
RUS,2002,11.0,0.0,6.0
RUS,2003,12.0,0.0,7.0
RUS,2004,13.0,0.0,8.0
RUS,2005,15.0,0.0,8.0
RUS,2006,15.0,0.0,8.0
RUS,2007,15.0,0.0,8.0
RUS,2008,15.0,0.0,8.0
RUS,2009,15.0,0.0,8.0
RUS,2010,15.0,0.0,9.0
RUS,2011,15.0,0.0,9.0
RUS,2012,15.0,0.0,10.0
RUS,2013,15.0,0.0,10.0
RUS,2014,16.0,0.0,10.0
RUS,2015,16.0,0.0,10.0
RUS,2016,16.0,0.0,10.0
RUS,2017,17.0,0.0,11.0
RUS,2018,17.0,0.0,11.0
RUS,2019,18.0,0.0,11.0
RUS,2020,18.0,0.0,11.0
RUS,2021,19.0,0.0,11.0
RUS,2022,19.0,0.0,11.0
RUS,2023,20.0,0.0,11.0
RWA,1996,0.0,0.0,0.0
RWA,1997,0.0,0.0,0.0
RWA,1998,0.0,0.0,0.0
RWA,1999,0.0,0.0,0.0
RWA,2000,0.0,0.0,0.0
RWA,2001,0.0,0.0,0.0
RWA,2002,0.0,0.0,0.0
RWA,2003,0.0,0.0,0.0
RWA,2004,0.0,0.0,0.0
RWA,2005,0.0,0.0,0.0
RWA,2006,0.0,0.0,0.0
RWA,2007,0.0,0.0,0.0
RWA,2008,0.0,0.0,0.0
RWA,2009,0.0,0.0,0.0
RWA,2010,0.0,0.0,0.0
RWA,2011,0.0,0.0,0.0
RWA,2012,0.0,0.0,0.0
RWA,2013,0.0,0.0,0.0
RWA,2014,0.0,0.0,0.0
RWA,2015,0.0,0.0,0.0
RWA,2016,0.0,0.0,0.0
RWA,2017,0.0,0.0,0.0
RWA,2018,0.0,0.0,0.0
RWA,2019,0.0,0.0,0.0
RWA,2020,0.0,0.0,0.0
RWA,2021,0.0,0.0,0.0
RWA,2022,0.0,0.0,0.0
RWA,2023,1.0,0.0,1.0
SAU,1996,0.0,0.0,0.0
SAU,1997,0.0,0.0,0.0
SAU,1998,0.0,0.0,0.0
SAU,1999,0.0,0.0,0.0
SAU,2000,0.0,0.0,0.0
SAU,2001,0.0,0.0,0.0
SAU,2002,0.0,0.0,0.0
SAU,2003,0.0,0.0,0.0
SAU,2004,0.0,0.0,0.0
SAU,2005,0.0,0.0,0.0
SAU,2006,0.0,0.0,0.0
SAU,2007,0.0,0.0,0.0
SAU,2008,1.0,0.0,0.0
SAU,2009,1.0,0.0,0.0
SAU,2010,2.0,0.0,0.0
SAU,2011,2.0,0.0,0.0
SAU,2012,2.0,0.0,0.0
SAU,2013,2.0,0.0,0.0
SAU,2014,3.0,0.0,0.0
SAU,2015,4.0,0.0,0.0
SAU,2016,4.0,0.0,0.0
SAU,2017,4.0,0.0,0.0
SAU,2018,5.0,0.0,0.0
SAU,2019,5.0,0.0,0.0
SAU,2020,5.0,0.0,0.0
SAU,2021,6.0,0.0,0.0
SAU,2022,6.0,0.0,0.0
SAU,2023,6.0,0.0,1.0
SDN,1996,0.0,0.0,0.0
SDN,1997,0.0,0.0,0.0
SDN,1998,0.0,0.0,0.0
SDN,1999,0.0,0.0,0.0
SDN,2000,0.0,0.0,0.0
SDN,2001,0.0,0.0,0.0
SDN,2002,0.0,0.0,0.0
SDN,2003,1.0,0.0,0.0
SDN,2004,1.0,0.0,0.0
SDN,2005,1.0,0.0,0.0
SDN,2006,1.0,0.0,0.0
SDN,2007,1.0,0.0,0.0
SDN,2008,1.0,0.0,0.0
SDN,2009,1.0,0.0,0.0
SDN,2010,1.0,0.0,0.0
SDN,2011,2.0,0.0,0.0
SDN,2012,2.0,0.0,0.0
SDN,2013,2.0,0.0,0.0
SDN,2014,2.0,0.0,0.0
SDN,2015,2.0,0.0,0.0
SDN,2016,2.0,0.0,1.0
SDN,2017,2.0,0.0,1.0
SDN,2018,2.0,0.0,1.0
SDN,2019,2.0,0.0,1.0
SDN,2020,2.0,0.0,1.0
SDN,2021,2.0,0.0,1.0
SDN,2022,2.0,0.0,1.0
SDN,2023,2.0,0.0,1.0
SEN,1996,1.0,0.0,2.0
SEN,1997,1.0,0.0,2.0
SEN,1998,1.0,0.0,2.0
SEN,1999,1.0,0.0,2.0
SEN,2000,2.0,0.0,2.0
SEN,2001,2.0,0.0,2.0
SEN,2002,2.0,0.0,2.0
SEN,2003,2.0,0.0,2.0
SEN,2004,2.0,0.0,2.0
SEN,2005,2.0,0.0,2.0
SEN,2006,3.0,0.0,2.0
SEN,2007,3.0,0.0,2.0
SEN,2008,3.0,0.0,2.0
SEN,2009,3.0,0.0,2.0
SEN,2010,3.0,0.0,2.0
SEN,2011,4.0,0.0,2.0
SEN,2012,5.0,0.0,2.0
SEN,2013,5.0,0.0,2.0
SEN,2014,5.0,0.0,2.0
SEN,2015,5.0,0.0,2.0
SEN,2016,5.0,0.0,2.0
SEN,2017,5.0,0.0,2.0
SEN,2018,5.0,0.0,2.0
SEN,2019,5.0,0.0,2.0
SEN,2020,5.0,0.0,2.0
SEN,2021,5.0,0.0,2.0
SEN,2022,5.0,0.0,2.0
SEN,2023,5.0,0.0,2.0
SGP,1996,0.0,0.0,0.0
SGP,1997,0.0,0.0,0.0
SGP,1998,0.0,0.0,0.0
SGP,1999,0.0,0.0,0.0
SGP,2000,0.0,0.0,0.0
SGP,2001,0.0,0.0,0.0
SGP,2002,0.0,0.0,0.0
SGP,2003,0.0,0.0,0.0
SGP,2004,0.0,0.0,0.0
SGP,2005,0.0,0.0,0.0
SGP,2006,0.0,0.0,0.0
SGP,2007,0.0,0.0,0.0
SGP,2008,0.0,0.0,0.0
SGP,2009,0.0,0.0,0.0
SGP,2010,0.0,0.0,0.0
SGP,2011,0.0,0.0,0.0
SGP,2012,0.0,0.0,0.0
SGP,2013,0.0,0.0,0.0
SGP,2014,0.0,0.0,0.0
SGP,2015,1.0,0.0,0.0
SGP,2016,1.0,0.0,0.0
SGP,2017,1.0,0.0,0.0
SGP,2018,1.0,0.0,0.0
SGP,2019,1.0,0.0,0.0
SGP,2020,1.0,0.0,0.0
SGP,2021,1.0,0.0,0.0
SGP,2022,1.0,0.0,0.0
SGP,2023,1.0,0.0,0.0
SLB,1996,0.0,0.0,0.0
SLB,1997,0.0,0.0,0.0
SLB,1998,0.0,0.0,1.0
SLB,1999,0.0,0.0,1.0
SLB,2000,0.0,0.0,1.0
SLB,2001,0.0,0.0,1.0
SLB,2002,0.0,0.0,1.0
SLB,2003,0.0,0.0,1.0
SLB,2004,0.0,0.0,1.0
SLB,2005,0.0,0.0,1.0
SLB,2006,0.0,0.0,1.0
SLB,2007,0.0,0.0,1.0
SLB,2008,0.0,0.0,1.0
SLB,2009,0.0,0.0,1.0
SLB,2010,0.0,0.0,1.0
SLB,2011,0.0,0.0,1.0
SLB,2012,0.0,0.0,1.0
SLB,2013,0.0,0.0,1.0
SLB,2014,0.0,0.0,1.0
SLB,2015,0.0,0.0,1.0
SLB,2016,0.0,0.0,1.0
SLB,2017,0.0,0.0,1.0
SLB,2018,0.0,0.0,1.0
SLB,2019,0.0,0.0,1.0
SLB,2020,0.0,0.0,1.0
SLB,2021,0.0,0.0,1.0
SLB,2022,0.0,0.0,1.0
SLB,2023,0.0,0.0,1.0
SLE,1996,0.0,0.0,0.0
SLE,1997,0.0,0.0,0.0
SLE,1998,0.0,0.0,0.0
SLE,1999,0.0,0.0,0.0
SLE,2000,0.0,0.0,0.0
SLE,2001,0.0,0.0,0.0
SLE,2002,0.0,0.0,0.0
SLE,2003,0.0,0.0,0.0
SLE,2004,0.0,0.0,0.0
SLE,2005,0.0,0.0,0.0
SLE,2006,0.0,0.0,0.0
SLE,2007,0.0,0.0,0.0
SLE,2008,0.0,0.0,0.0
SLE,2009,0.0,0.0,0.0
SLE,2010,0.0,0.0,0.0
SLE,2011,0.0,0.0,0.0
SLE,2012,0.0,0.0,0.0
SLE,2013,0.0,0.0,0.0
SLE,2014,0.0,0.0,0.0
SLE,2015,0.0,0.0,0.0
SLE,2016,0.0,0.0,0.0
SLE,2017,0.0,0.0,0.0
SLE,2018,0.0,0.0,0.0
SLE,2019,0.0,0.0,0.0
SLE,2020,0.0,0.0,0.0
SLE,2021,0.0,0.0,0.0
SLE,2022,0.0,0.0,0.0
SLE,2023,0.0,0.0,0.0
SLV,1996,1.0,0.0,0.0
SLV,1997,1.0,0.0,0.0
SLV,1998,1.0,0.0,0.0
SLV,1999,1.0,0.0,0.0
SLV,2000,1.0,0.0,0.0
SLV,2001,1.0,0.0,0.0
SLV,2002,1.0,0.0,0.0
SLV,2003,1.0,0.0,0.0
SLV,2004,1.0,0.0,0.0
SLV,2005,1.0,0.0,0.0
SLV,2006,1.0,0.0,0.0
SLV,2007,1.0,0.0,0.0
SLV,2008,1.0,0.0,0.0
SLV,2009,1.0,0.0,0.0
SLV,2010,1.0,0.0,0.0
SLV,2011,1.0,0.0,0.0
SLV,2012,1.0,0.0,0.0
SLV,2013,1.0,0.0,0.0
SLV,2014,1.0,0.0,0.0
SLV,2015,1.0,0.0,0.0
SLV,2016,1.0,0.0,0.0
SLV,2017,1.0,0.0,0.0
SLV,2018,1.0,0.0,0.0
SLV,2019,1.0,0.0,0.0
SLV,2020,1.0,0.0,0.0
SLV,2021,1.0,0.0,0.0
SLV,2022,1.0,0.0,0.0
SLV,2023,1.0,0.0,0.0
SMR,1996,0.0,0.0,0.0
SMR,1997,0.0,0.0,0.0
SMR,1998,0.0,0.0,0.0
SMR,1999,0.0,0.0,0.0
SMR,2000,0.0,0.0,0.0
SMR,2001,0.0,0.0,0.0
SMR,2002,0.0,0.0,0.0
SMR,2003,0.0,0.0,0.0
SMR,2004,0.0,0.0,0.0
SMR,2005,0.0,0.0,0.0
SMR,2006,0.0,0.0,0.0
SMR,2007,0.0,0.0,0.0
SMR,2008,1.0,0.0,0.0
SMR,2009,1.0,0.0,0.0
SMR,2010,1.0,0.0,0.0
SMR,2011,1.0,0.0,0.0
SMR,2012,1.0,0.0,0.0
SMR,2013,1.0,0.0,0.0
SMR,2014,1.0,0.0,0.0
SMR,2015,1.0,0.0,0.0
SMR,2016,1.0,0.0,0.0
SMR,2017,1.0,0.0,0.0
SMR,2018,1.0,0.0,0.0
SMR,2019,1.0,0.0,0.0
SMR,2020,1.0,0.0,0.0
SMR,2021,1.0,0.0,0.0
SMR,2022,1.0,0.0,0.0
SMR,2023,1.0,0.0,0.0
SRB,1996,2.0,0.0,0.0
SRB,1997,2.0,0.0,0.0
SRB,1998,2.0,0.0,0.0
SRB,1999,2.0,0.0,0.0
SRB,2000,2.0,0.0,0.0
SRB,2001,2.0,0.0,0.0
SRB,2002,2.0,0.0,0.0
SRB,2003,2.0,0.0,0.0
SRB,2004,3.0,0.0,0.0
SRB,2005,3.0,0.0,0.0
SRB,2006,3.0,0.0,0.0
SRB,2007,4.0,0.0,0.0
SRB,2008,4.0,0.0,0.0
SRB,2009,4.0,0.0,0.0
SRB,2010,4.0,0.0,0.0
SRB,2011,4.0,0.0,0.0
SRB,2012,4.0,0.0,0.0
SRB,2013,4.0,0.0,0.0
SRB,2014,4.0,0.0,0.0
SRB,2015,4.0,0.0,0.0
SRB,2016,5.0,0.0,0.0
SRB,2017,5.0,0.0,0.0
SRB,2018,5.0,0.0,0.0
SRB,2019,5.0,0.0,0.0
SRB,2020,5.0,0.0,0.0
SRB,2021,5.0,0.0,0.0
SRB,2022,5.0,0.0,0.0
SRB,2023,5.0,0.0,0.0
SUR,1996,0.0,0.0,0.0
SUR,1997,0.0,0.0,0.0
SUR,1998,0.0,0.0,0.0
SUR,1999,0.0,0.0,0.0
SUR,2000,0.0,0.0,1.0
SUR,2001,0.0,0.0,1.0
SUR,2002,1.0,0.0,1.0
SUR,2003,1.0,0.0,1.0
SUR,2004,1.0,0.0,1.0
SUR,2005,1.0,0.0,1.0
SUR,2006,1.0,0.0,1.0
SUR,2007,1.0,0.0,1.0
SUR,2008,1.0,0.0,1.0
SUR,2009,1.0,0.0,1.0
SUR,2010,1.0,0.0,1.0
SUR,2011,1.0,0.0,1.0
SUR,2012,1.0,0.0,1.0
SUR,2013,1.0,0.0,1.0
SUR,2014,1.0,0.0,1.0
SUR,2015,1.0,0.0,1.0
SUR,2016,1.0,0.0,1.0
SUR,2017,1.0,0.0,1.0
SUR,2018,1.0,0.0,1.0
SUR,2019,1.0,0.0,1.0
SUR,2020,1.0,0.0,1.0
SUR,2021,1.0,0.0,1.0
SUR,2022,1.0,0.0,1.0
SUR,2023,2.0,0.0,1.0
SVK,1996,3.0,0.0,1.0
SVK,1997,3.0,0.0,1.0
SVK,1998,3.0,0.0,1.0
SVK,1999,3.0,0.0,1.0
SVK,2000,4.0,0.0,1.0
SVK,2001,4.0,0.0,1.0
SVK,2002,4.0,0.0,1.0
SVK,2003,4.0,0.0,1.0
SVK,2004,4.0,0.0,1.0
SVK,2005,4.0,0.0,1.0
SVK,2006,4.0,0.0,1.0
SVK,2007,4.0,0.0,2.0
SVK,2008,5.0,0.0,2.0
SVK,2009,5.0,0.0,2.0
SVK,2010,5.0,0.0,2.0
SVK,2011,5.0,0.0,2.0
SVK,2012,5.0,0.0,2.0
SVK,2013,5.0,0.0,2.0
SVK,2014,5.0,0.0,2.0
SVK,2015,5.0,0.0,2.0
SVK,2016,5.0,0.0,2.0
SVK,2017,5.0,0.0,2.0
SVK,2018,5.0,0.0,2.0
SVK,2019,5.0,0.0,2.0
SVK,2020,5.0,0.0,2.0
SVK,2021,6.0,0.0,2.0
SVK,2022,6.0,0.0,2.0
SVK,2023,6.0,0.0,2.0
SVN,1996,0.0,0.0,1.0
SVN,1997,0.0,0.0,1.0
SVN,1998,0.0,0.0,1.0
SVN,1999,0.0,0.0,1.0
SVN,2000,0.0,0.0,1.0
SVN,2001,0.0,0.0,1.0
SVN,2002,0.0,0.0,1.0
SVN,2003,0.0,0.0,1.0
SVN,2004,0.0,0.0,1.0
SVN,2005,0.0,0.0,1.0
SVN,2006,0.0,0.0,1.0
SVN,2007,0.0,0.0,2.0
SVN,2008,0.0,0.0,2.0
SVN,2009,0.0,0.0,2.0
SVN,2010,0.0,0.0,2.0
SVN,2011,1.0,0.0,2.0
SVN,2012,2.0,0.0,2.0
SVN,2013,2.0,0.0,2.0
SVN,2014,2.0,0.0,2.0
SVN,2015,2.0,0.0,2.0
SVN,2016,2.0,0.0,2.0
SVN,2017,2.0,0.0,2.0
SVN,2018,2.0,0.0,2.0
SVN,2019,2.0,0.0,2.0
SVN,2020,2.0,0.0,2.0
SVN,2021,3.0,0.0,2.0
SVN,2022,3.0,0.0,2.0
SVN,2023,3.0,0.0,2.0
SWE,1996,7.0,1.0,0.0
SWE,1997,7.0,1.0,0.0
SWE,1998,8.0,1.0,0.0
SWE,1999,8.0,1.0,0.0
SWE,2000,9.0,1.0,1.0
SWE,2001,10.0,1.0,1.0
SWE,2002,10.0,1.0,1.0
SWE,2003,10.0,1.0,1.0
SWE,2004,11.0,1.0,1.0
SWE,2005,12.0,1.0,1.0
SWE,2006,12.0,1.0,1.0
SWE,2007,12.0,1.0,1.0
SWE,2008,12.0,1.0,1.0
SWE,2009,12.0,1.0,1.0
SWE,2010,12.0,1.0,1.0
SWE,2011,12.0,1.0,1.0
SWE,2012,13.0,1.0,1.0
SWE,2013,13.0,1.0,1.0
SWE,2014,13.0,1.0,1.0
SWE,2015,13.0,1.0,1.0
SWE,2016,13.0,1.0,1.0
SWE,2017,13.0,1.0,1.0
SWE,2018,13.0,1.0,1.0
SWE,2019,13.0,1.0,1.0
SWE,2020,13.0,1.0,1.0
SWE,2021,13.0,1.0,1.0
SWE,2022,13.0,1.0,1.0
SWE,2023,13.0,1.0,1.0
SYC,1996,0.0,0.0,2.0
SYC,1997,0.0,0.0,2.0
SYC,1998,0.0,0.0,2.0
SYC,1999,0.0,0.0,2.0
SYC,2000,0.0,0.0,2.0
SYC,2001,0.0,0.0,2.0
SYC,2002,0.0,0.0,2.0
SYC,2003,0.0,0.0,2.0
SYC,2004,0.0,0.0,2.0
SYC,2005,0.0,0.0,2.0
SYC,2006,0.0,0.0,2.0
SYC,2007,0.0,0.0,2.0
SYC,2008,0.0,0.0,2.0
SYC,2009,0.0,0.0,2.0
SYC,2010,0.0,0.0,2.0
SYC,2011,0.0,0.0,2.0
SYC,2012,0.0,0.0,2.0
SYC,2013,0.0,0.0,2.0
SYC,2014,0.0,0.0,2.0
SYC,2015,0.0,0.0,2.0
SYC,2016,0.0,0.0,2.0
SYC,2017,0.0,0.0,2.0
SYC,2018,0.0,0.0,2.0
SYC,2019,0.0,0.0,2.0
SYC,2020,0.0,0.0,2.0
SYC,2021,0.0,0.0,2.0
SYC,2022,0.0,0.0,2.0
SYC,2023,0.0,0.0,2.0
SYR,1996,4.0,0.0,0.0
SYR,1997,4.0,0.0,0.0
SYR,1998,4.0,0.0,0.0
SYR,1999,4.0,0.0,0.0
SYR,2000,4.0,0.0,0.0
SYR,2001,4.0,0.0,0.0
SYR,2002,4.0,0.0,0.0
SYR,2003,4.0,0.0,0.0
SYR,2004,4.0,0.0,0.0
SYR,2005,4.0,0.0,0.0
SYR,2006,5.0,0.0,0.0
SYR,2007,5.0,0.0,0.0
SYR,2008,5.0,0.0,0.0
SYR,2009,5.0,0.0,0.0
SYR,2010,5.0,0.0,0.0
SYR,2011,6.0,0.0,0.0
SYR,2012,6.0,0.0,0.0
SYR,2013,6.0,0.0,0.0
SYR,2014,6.0,0.0,0.0
SYR,2015,6.0,0.0,0.0
SYR,2016,6.0,0.0,0.0
SYR,2017,6.0,0.0,0.0
SYR,2018,6.0,0.0,0.0
SYR,2019,6.0,0.0,0.0
SYR,2020,6.0,0.0,0.0
SYR,2021,6.0,0.0,0.0
SYR,2022,6.0,0.0,0.0
SYR,2023,6.0,0.0,0.0
TCD,1996,0.0,0.0,0.0
TCD,1997,0.0,0.0,0.0
TCD,1998,0.0,0.0,0.0
TCD,1999,0.0,0.0,0.0
TCD,2000,0.0,0.0,0.0
TCD,2001,0.0,0.0,0.0
TCD,2002,0.0,0.0,0.0
TCD,2003,0.0,0.0,0.0
TCD,2004,0.0,0.0,0.0
TCD,2005,0.0,0.0,0.0
TCD,2006,0.0,0.0,0.0
TCD,2007,0.0,0.0,0.0
TCD,2008,0.0,0.0,0.0
TCD,2009,0.0,0.0,0.0
TCD,2010,0.0,0.0,0.0
TCD,2011,0.0,0.0,0.0
TCD,2012,0.0,0.0,1.0
TCD,2013,0.0,0.0,1.0
TCD,2014,0.0,0.0,1.0
TCD,2015,0.0,0.0,1.0
TCD,2016,0.0,1.0,1.0
TCD,2017,0.0,1.0,1.0
TCD,2018,0.0,1.0,1.0
TCD,2019,0.0,1.0,1.0
TCD,2020,0.0,1.0,1.0
TCD,2021,0.0,1.0,1.0
TCD,2022,0.0,1.0,1.0
TCD,2023,0.0,1.0,1.0
TGO,1996,0.0,0.0,0.0
TGO,1997,0.0,0.0,0.0
TGO,1998,0.0,0.0,0.0
TGO,1999,0.0,0.0,0.0
TGO,2000,0.0,0.0,0.0
TGO,2001,0.0,0.0,0.0
TGO,2002,0.0,0.0,0.0
TGO,2003,0.0,0.0,0.0
TGO,2004,1.0,0.0,0.0
TGO,2005,1.0,0.0,0.0
TGO,2006,1.0,0.0,0.0
TGO,2007,1.0,0.0,0.0
TGO,2008,1.0,0.0,0.0
TGO,2009,1.0,0.0,0.0
TGO,2010,1.0,0.0,0.0
TGO,2011,1.0,0.0,0.0
TGO,2012,1.0,0.0,0.0
TGO,2013,1.0,0.0,0.0
TGO,2014,1.0,0.0,0.0
TGO,2015,1.0,0.0,0.0
TGO,2016,1.0,0.0,0.0
TGO,2017,1.0,0.0,0.0
TGO,2018,1.0,0.0,0.0
TGO,2019,1.0,0.0,0.0
TGO,2020,1.0,0.0,0.0
TGO,2021,1.0,0.0,0.0
TGO,2022,1.0,0.0,0.0
TGO,2023,1.0,0.0,0.0
THA,1996,3.0,0.0,1.0
THA,1997,3.0,0.0,1.0
THA,1998,3.0,0.0,1.0
THA,1999,3.0,0.0,1.0
THA,2000,3.0,0.0,1.0
THA,2001,3.0,0.0,1.0
THA,2002,3.0,0.0,1.0
THA,2003,3.0,0.0,1.0
THA,2004,3.0,0.0,1.0
THA,2005,3.0,0.0,2.0
THA,2006,3.0,0.0,2.0
THA,2007,3.0,0.0,2.0
THA,2008,3.0,0.0,2.0
THA,2009,3.0,0.0,2.0
THA,2010,3.0,0.0,2.0
THA,2011,3.0,0.0,2.0
THA,2012,3.0,0.0,2.0
THA,2013,3.0,0.0,2.0
THA,2014,3.0,0.0,2.0
THA,2015,3.0,0.0,2.0
THA,2016,3.0,0.0,2.0
THA,2017,3.0,0.0,2.0
THA,2018,3.0,0.0,2.0
THA,2019,3.0,0.0,2.0
THA,2020,3.0,0.0,2.0
THA,2021,3.0,0.0,3.0
THA,2022,3.0,0.0,3.0
THA,2023,4.0,0.0,3.0
TJK,1996,0.0,0.0,0.0
TJK,1997,0.0,0.0,0.0
TJK,1998,0.0,0.0,0.0
TJK,1999,0.0,0.0,0.0
TJK,2000,0.0,0.0,0.0
TJK,2001,0.0,0.0,0.0
TJK,2002,0.0,0.0,0.0
TJK,2003,0.0,0.0,0.0
TJK,2004,0.0,0.0,0.0
TJK,2005,0.0,0.0,0.0
TJK,2006,0.0,0.0,0.0
TJK,2007,0.0,0.0,0.0
TJK,2008,0.0,0.0,0.0
TJK,2009,0.0,0.0,0.0
TJK,2010,1.0,0.0,0.0
TJK,2011,1.0,0.0,0.0
TJK,2012,1.0,0.0,0.0
TJK,2013,1.0,0.0,1.0
TJK,2014,1.0,0.0,1.0
TJK,2015,1.0,0.0,1.0
TJK,2016,1.0,0.0,1.0
TJK,2017,1.0,0.0,1.0
TJK,2018,1.0,0.0,1.0
TJK,2019,1.0,0.0,1.0
TJK,2020,1.0,0.0,1.0
TJK,2021,1.0,0.0,1.0
TJK,2022,1.0,0.0,1.0
TJK,2023,2.0,0.0,2.0
TKM,1996,0.0,0.0,0.0
TKM,1997,0.0,0.0,0.0
TKM,1998,0.0,0.0,0.0
TKM,1999,1.0,0.0,0.0
TKM,2000,1.0,0.0,0.0
TKM,2001,1.0,0.0,0.0
TKM,2002,1.0,0.0,0.0
TKM,2003,1.0,0.0,0.0
TKM,2004,1.0,0.0,0.0
TKM,2005,2.0,0.0,0.0
TKM,2006,2.0,0.0,0.0
TKM,2007,3.0,0.0,0.0
TKM,2008,3.0,0.0,0.0
TKM,2009,3.0,0.0,0.0
TKM,2010,3.0,0.0,0.0
TKM,2011,3.0,0.0,0.0
TKM,2012,3.0,0.0,0.0
TKM,2013,3.0,0.0,0.0
TKM,2014,3.0,0.0,0.0
TKM,2015,3.0,0.0,0.0
TKM,2016,3.0,0.0,0.0
TKM,2017,3.0,0.0,0.0
TKM,2018,3.0,0.0,0.0
TKM,2019,3.0,0.0,0.0
TKM,2020,3.0,0.0,0.0
TKM,2021,3.0,0.0,0.0
TKM,2022,3.0,0.0,0.0
TKM,2023,4.0,0.0,1.0
TUN,1996,6.0,0.0,1.0
TUN,1997,7.0,0.0,1.0
TUN,1998,7.0,0.0,1.0
TUN,1999,7.0,0.0,1.0
TUN,2000,7.0,0.0,1.0
TUN,2001,7.0,0.0,1.0
TUN,2002,7.0,0.0,1.0
TUN,2003,7.0,0.0,1.0
TUN,2004,7.0,0.0,1.0
TUN,2005,7.0,0.0,1.0
TUN,2006,7.0,0.0,1.0
TUN,2007,7.0,0.0,1.0
TUN,2008,7.0,0.0,1.0
TUN,2009,7.0,0.0,1.0
TUN,2010,7.0,0.0,1.0
TUN,2011,7.0,0.0,1.0
TUN,2012,7.0,0.0,1.0
TUN,2013,7.0,0.0,1.0
TUN,2014,7.0,0.0,1.0
TUN,2015,7.0,0.0,1.0
TUN,2016,7.0,0.0,1.0
TUN,2017,7.0,0.0,1.0
TUN,2018,7.0,0.0,1.0
TUN,2019,7.0,0.0,1.0
TUN,2020,7.0,0.0,1.0
TUN,2021,7.0,0.0,1.0
TUN,2022,7.0,0.0,1.0
TUN,2023,8.0,0.0,1.0
TUR,1996,6.0,2.0,0.0
TUR,1997,6.0,2.0,0.0
TUR,1998,7.0,2.0,0.0
TUR,1999,7.0,2.0,0.0
TUR,2000,7.0,2.0,0.0
TUR,2001,7.0,2.0,0.0
TUR,2002,7.0,2.0,0.0
TUR,2003,7.0,2.0,0.0
TUR,2004,7.0,2.0,0.0
TUR,2005,7.0,2.0,0.0
TUR,2006,7.0,2.0,0.0
TUR,2007,7.0,2.0,0.0
TUR,2008,7.0,2.0,0.0
TUR,2009,7.0,2.0,0.0
TUR,2010,7.0,2.0,0.0
TUR,2011,8.0,2.0,0.0
TUR,2012,9.0,2.0,0.0
TUR,2013,9.0,2.0,0.0
TUR,2014,11.0,2.0,0.0
TUR,2015,13.0,2.0,0.0
TUR,2016,14.0,2.0,0.0
TUR,2017,15.0,2.0,0.0
TUR,2018,16.0,2.0,0.0
TUR,2019,16.0,2.0,0.0
TUR,2020,16.0,2.0,0.0
TUR,2021,17.0,2.0,0.0
TUR,2022,17.0,2.0,0.0
TUR,2023,19.0,2.0,0.0
TZA,1996,1.0,1.0,3.0
TZA,1997,1.0,1.0,3.0
TZA,1998,1.0,1.0,3.0
TZA,1999,1.0,1.0,3.0
TZA,2000,2.0,1.0,3.0
TZA,2001,2.0,1.0,3.0
TZA,2002,2.0,1.0,3.0
TZA,2003,2.0,1.0,3.0
TZA,2004,2.0,1.0,3.0
TZA,2005,2.0,1.0,3.0
TZA,2006,3.0,1.0,3.0
TZA,2007,3.0,1.0,3.0
TZA,2008,3.0,1.0,3.0
TZA,2009,3.0,1.0,3.0
TZA,2010,3.0,1.0,3.0
TZA,2011,3.0,1.0,3.0
TZA,2012,3.0,1.0,3.0
TZA,2013,3.0,1.0,3.0
TZA,2014,3.0,1.0,3.0
TZA,2015,3.0,1.0,3.0
TZA,2016,3.0,1.0,3.0
TZA,2017,3.0,1.0,3.0
TZA,2018,3.0,1.0,3.0
TZA,2019,3.0,1.0,3.0
TZA,2020,3.0,1.0,3.0
TZA,2021,3.0,1.0,3.0
TZA,2022,3.0,1.0,3.0
TZA,2023,3.0,1.0,3.0
UGA,1996,0.0,0.0,2.0
UGA,1997,0.0,0.0,2.0
UGA,1998,0.0,0.0,2.0
UGA,1999,0.0,0.0,2.0
UGA,2000,0.0,0.0,2.0
UGA,2001,1.0,0.0,2.0
UGA,2002,1.0,0.0,2.0
UGA,2003,1.0,0.0,2.0
UGA,2004,1.0,0.0,2.0
UGA,2005,1.0,0.0,2.0
UGA,2006,1.0,0.0,2.0
UGA,2007,1.0,0.0,2.0
UGA,2008,1.0,0.0,2.0
UGA,2009,1.0,0.0,2.0
UGA,2010,1.0,0.0,2.0
UGA,2011,1.0,0.0,2.0
UGA,2012,1.0,0.0,2.0
UGA,2013,1.0,0.0,2.0
UGA,2014,1.0,0.0,2.0
UGA,2015,1.0,0.0,2.0
UGA,2016,1.0,0.0,2.0
UGA,2017,1.0,0.0,2.0
UGA,2018,1.0,0.0,2.0
UGA,2019,1.0,0.0,2.0
UGA,2020,1.0,0.0,2.0
UGA,2021,1.0,0.0,2.0
UGA,2022,1.0,0.0,2.0
UGA,2023,1.0,0.0,2.0
UKR,1996,1.0,0.0,0.0
UKR,1997,1.0,0.0,0.0
UKR,1998,2.0,0.0,0.0
UKR,1999,2.0,0.0,0.0
UKR,2000,2.0,0.0,0.0
UKR,2001,2.0,0.0,0.0
UKR,2002,2.0,0.0,0.0
UKR,2003,2.0,0.0,0.0
UKR,2004,2.0,0.0,0.0
UKR,2005,3.0,0.0,0.0
UKR,2006,3.0,0.0,0.0
UKR,2007,3.0,0.0,1.0
UKR,2008,3.0,0.0,1.0
UKR,2009,3.0,0.0,1.0
UKR,2010,3.0,0.0,1.0
UKR,2011,4.0,0.0,1.0
UKR,2012,4.0,0.0,1.0
UKR,2013,6.0,0.0,1.0
UKR,2014,6.0,0.0,1.0
UKR,2015,6.0,0.0,1.0
UKR,2016,6.0,0.0,1.0
UKR,2017,6.0,0.0,1.0
UKR,2018,6.0,0.0,1.0
UKR,2019,6.0,0.0,1.0
UKR,2020,6.0,0.0,1.0
UKR,2021,6.0,0.0,1.0
UKR,2022,6.0,0.0,1.0
UKR,2023,7.0,0.0,1.0
URY,1996,1.0,0.0,0.0
URY,1997,1.0,0.0,0.0
URY,1998,1.0,0.0,0.0
URY,1999,1.0,0.0,0.0
URY,2000,1.0,0.0,0.0
URY,2001,1.0,0.0,0.0
URY,2002,1.0,0.0,0.0
URY,2003,1.0,0.0,0.0
URY,2004,1.0,0.0,0.0
URY,2005,1.0,0.0,0.0
URY,2006,1.0,0.0,0.0
URY,2007,1.0,0.0,0.0
URY,2008,1.0,0.0,0.0
URY,2009,1.0,0.0,0.0
URY,2010,1.0,0.0,0.0
URY,2011,1.0,0.0,0.0
URY,2012,1.0,0.0,0.0
URY,2013,1.0,0.0,0.0
URY,2014,1.0,0.0,0.0
URY,2015,2.0,0.0,0.0
URY,2016,2.0,0.0,0.0
URY,2017,2.0,0.0,0.0
URY,2018,2.0,0.0,0.0
URY,2019,2.0,0.0,0.0
URY,2020,2.0,0.0,0.0
URY,2021,3.0,0.0,0.0
URY,2022,3.0,0.0,0.0
URY,2023,3.0,0.0,0.0
USA,1996,8.0,0.0,12.0
USA,1997,8.0,0.0,12.0
USA,1998,8.0,0.0,12.0
USA,1999,8.0,0.0,12.0
USA,2000,8.0,0.0,12.0
USA,2001,8.0,0.0,12.0
USA,2002,8.0,0.0,12.0
USA,2003,8.0,0.0,12.0
USA,2004,8.0,0.0,12.0
USA,2005,8.0,0.0,12.0
USA,2006,8.0,0.0,12.0
USA,2007,8.0,0.0,12.0
USA,2008,8.0,0.0,12.0
USA,2009,8.0,0.0,12.0
USA,2010,8.0,1.0,12.0
USA,2011,8.0,1.0,12.0
USA,2012,8.0,1.0,12.0
USA,2013,8.0,1.0,12.0
USA,2014,9.0,1.0,12.0
USA,2015,11.0,1.0,12.0
USA,2016,11.0,1.0,12.0
USA,2017,11.0,1.0,12.0
USA,2018,11.0,1.0,12.0
USA,2019,12.0,1.0,12.0
USA,2020,12.0,1.0,12.0
USA,2021,12.0,1.0,12.0
USA,2022,12.0,1.0,12.0
USA,2023,13.0,1.0,12.0
UZB,1996,2.0,0.0,0.0
UZB,1997,2.0,0.0,0.0
UZB,1998,2.0,0.0,0.0
UZB,1999,2.0,0.0,0.0
UZB,2000,3.0,0.0,0.0
UZB,2001,4.0,0.0,0.0
UZB,2002,4.0,0.0,0.0
UZB,2003,4.0,0.0,0.0
UZB,2004,4.0,0.0,0.0
UZB,2005,4.0,0.0,0.0
UZB,2006,4.0,0.0,0.0
UZB,2007,4.0,0.0,0.0
UZB,2008,4.0,0.0,0.0
UZB,2009,4.0,0.0,0.0
UZB,2010,4.0,0.0,0.0
UZB,2011,4.0,0.0,0.0
UZB,2012,4.0,0.0,0.0
UZB,2013,4.0,0.0,0.0
UZB,2014,4.0,0.0,0.0
UZB,2015,4.0,0.0,0.0
UZB,2016,4.0,0.0,1.0
UZB,2017,4.0,0.0,1.0
UZB,2018,4.0,0.0,1.0
UZB,2019,4.0,0.0,1.0
UZB,2020,4.0,0.0,1.0
UZB,2021,4.0,0.0,1.0
UZB,2022,4.0,0.0,1.0
UZB,2023,5.0,0.0,2.0
VEN,1996,1.0,0.0,1.0
VEN,1997,1.0,0.0,1.0
VEN,1998,1.0,0.0,1.0
VEN,1999,1.0,0.0,1.0
VEN,2000,2.0,0.0,1.0
VEN,2001,2.0,0.0,1.0
VEN,2002,2.0,0.0,1.0
VEN,2003,2.0,0.0,1.0
VEN,2004,2.0,0.0,1.0
VEN,2005,2.0,0.0,1.0
VEN,2006,2.0,0.0,1.0
VEN,2007,2.0,0.0,1.0
VEN,2008,2.0,0.0,1.0
VEN,2009,2.0,0.0,1.0
VEN,2010,2.0,0.0,1.0
VEN,2011,2.0,0.0,1.0
VEN,2012,2.0,0.0,1.0
VEN,2013,2.0,0.0,1.0
VEN,2014,2.0,0.0,1.0
VEN,2015,2.0,0.0,1.0
VEN,2016,2.0,0.0,1.0
VEN,2017,2.0,0.0,1.0
VEN,2018,2.0,0.0,1.0
VEN,2019,2.0,0.0,1.0
VEN,2020,2.0,0.0,1.0
VEN,2021,2.0,0.0,1.0
VEN,2022,2.0,0.0,1.0
VEN,2023,2.0,0.0,1.0
VNM,1996,1.0,0.0,1.0
VNM,1997,1.0,0.0,1.0
VNM,1998,1.0,0.0,1.0
VNM,1999,3.0,0.0,1.0
VNM,2000,3.0,0.0,1.0
VNM,2001,3.0,0.0,1.0
VNM,2002,3.0,0.0,1.0
VNM,2003,3.0,0.0,2.0
VNM,2004,3.0,0.0,2.0
VNM,2005,3.0,0.0,2.0
VNM,2006,3.0,0.0,2.0
VNM,2007,3.0,0.0,2.0
VNM,2008,3.0,0.0,2.0
VNM,2009,3.0,0.0,2.0
VNM,2010,4.0,0.0,2.0
VNM,2011,5.0,0.0,2.0
VNM,2012,5.0,0.0,2.0
VNM,2013,5.0,0.0,2.0
VNM,2014,5.0,1.0,2.0
VNM,2015,5.0,1.0,2.0
VNM,2016,5.0,1.0,2.0
VNM,2017,5.0,1.0,2.0
VNM,2018,5.0,1.0,2.0
VNM,2019,5.0,1.0,2.0
VNM,2020,5.0,1.0,2.0
VNM,2021,5.0,1.0,2.0
VNM,2022,5.0,1.0,2.0
VNM,2023,5.0,1.0,2.0
VUT,1996,0.0,0.0,0.0
VUT,1997,0.0,0.0,0.0
VUT,1998,0.0,0.0,0.0
VUT,1999,0.0,0.0,0.0
VUT,2000,0.0,0.0,0.0
VUT,2001,0.0,0.0,0.0
VUT,2002,0.0,0.0,0.0
VUT,2003,0.0,0.0,0.0
VUT,2004,0.0,0.0,0.0
VUT,2005,0.0,0.0,0.0
VUT,2006,0.0,0.0,0.0
VUT,2007,0.0,0.0,0.0
VUT,2008,1.0,0.0,0.0
VUT,2009,1.0,0.0,0.0
VUT,2010,1.0,0.0,0.0
VUT,2011,1.0,0.0,0.0
VUT,2012,1.0,0.0,0.0
VUT,2013,1.0,0.0,0.0
VUT,2014,1.0,0.0,0.0
VUT,2015,1.0,0.0,0.0
VUT,2016,1.0,0.0,0.0
VUT,2017,1.0,0.0,0.0
VUT,2018,1.0,0.0,0.0
VUT,2019,1.0,0.0,0.0
VUT,2020,1.0,0.0,0.0
VUT,2021,1.0,0.0,0.0
VUT,2022,1.0,0.0,0.0
VUT,2023,1.0,0.0,0.0
YEM,1996,3.0,0.0,0.0
YEM,1997,3.0,0.0,0.0
YEM,1998,3.0,0.0,0.0
YEM,1999,3.0,0.0,0.0
YEM,2000,3.0,0.0,0.0
YEM,2001,3.0,0.0,0.0
YEM,2002,3.0,0.0,0.0
YEM,2003,3.0,0.0,0.0
YEM,2004,3.0,0.0,0.0
YEM,2005,3.0,0.0,0.0
YEM,2006,3.0,0.0,0.0
YEM,2007,3.0,0.0,0.0
YEM,2008,3.0,0.0,1.0
YEM,2009,3.0,0.0,1.0
YEM,2010,3.0,0.0,1.0
YEM,2011,3.0,0.0,1.0
YEM,2012,3.0,0.0,1.0
YEM,2013,3.0,0.0,1.0
YEM,2014,3.0,0.0,1.0
YEM,2015,3.0,0.0,1.0
YEM,2016,3.0,0.0,1.0
YEM,2017,3.0,0.0,1.0
YEM,2018,3.0,0.0,1.0
YEM,2019,3.0,0.0,1.0
YEM,2020,3.0,0.0,1.0
YEM,2021,3.0,0.0,1.0
YEM,2022,3.0,0.0,1.0
YEM,2023,4.0,0.0,1.0
ZAF,1996,0.0,0.0,0.0
ZAF,1997,0.0,0.0,0.0
ZAF,1998,0.0,0.0,0.0
ZAF,1999,2.0,0.0,1.0
ZAF,2000,2.0,1.0,1.0
ZAF,2001,2.0,1.0,1.0
ZAF,2002,2.0,1.0,1.0
ZAF,2003,3.0,1.0,1.0
ZAF,2004,3.0,1.0,2.0
ZAF,2005,3.0,1.0,3.0
ZAF,2006,3.0,1.0,3.0
ZAF,2007,4.0,1.0,3.0
ZAF,2008,4.0,1.0,3.0
ZAF,2009,4.0,1.0,3.0
ZAF,2010,4.0,1.0,3.0
ZAF,2011,4.0,1.0,3.0
ZAF,2012,4.0,1.0,3.0
ZAF,2013,4.0,1.0,3.0
ZAF,2014,4.0,1.0,3.0
ZAF,2015,4.0,1.0,3.0
ZAF,2016,4.0,1.0,3.0
ZAF,2017,5.0,1.0,3.0
ZAF,2018,5.0,1.0,4.0
ZAF,2019,5.0,1.0,4.0
ZAF,2020,5.0,1.0,4.0
ZAF,2021,5.0,1.0,4.0
ZAF,2022,5.0,1.0,4.0
ZAF,2023,5.0,1.0,4.0
ZMB,1996,0.0,0.0,1.0
ZMB,1997,0.0,0.0,1.0
ZMB,1998,0.0,0.0,1.0
ZMB,1999,0.0,0.0,1.0
ZMB,2000,0.0,0.0,1.0
ZMB,2001,0.0,0.0,1.0
ZMB,2002,0.0,0.0,1.0
ZMB,2003,0.0,0.0,1.0
ZMB,2004,0.0,0.0,1.0
ZMB,2005,0.0,0.0,1.0
ZMB,2006,0.0,0.0,1.0
ZMB,2007,0.0,0.0,1.0
ZMB,2008,0.0,0.0,1.0
ZMB,2009,0.0,0.0,1.0
ZMB,2010,0.0,0.0,1.0
ZMB,2011,0.0,0.0,1.0
ZMB,2012,0.0,0.0,1.0
ZMB,2013,0.0,0.0,1.0
ZMB,2014,0.0,0.0,1.0
ZMB,2015,0.0,0.0,1.0
ZMB,2016,0.0,0.0,1.0
ZMB,2017,0.0,0.0,1.0
ZMB,2018,0.0,0.0,1.0
ZMB,2019,0.0,0.0,1.0
ZMB,2020,0.0,0.0,1.0
ZMB,2021,0.0,0.0,1.0
ZMB,2022,0.0,0.0,1.0
ZMB,2023,0.0,0.0,1.0
ZWE,1996,2.0,0.0,2.0
ZWE,1997,2.0,0.0,2.0
ZWE,1998,2.0,0.0,2.0
ZWE,1999,2.0,0.0,2.0
ZWE,2000,2.0,0.0,2.0
ZWE,2001,2.0,0.0,2.0
ZWE,2002,2.0,0.0,2.0
ZWE,2003,3.0,0.0,2.0
ZWE,2004,3.0,0.0,2.0
ZWE,2005,3.0,0.0,2.0
ZWE,2006,3.0,0.0,2.0
ZWE,2007,3.0,0.0,2.0
ZWE,2008,3.0,0.0,2.0
ZWE,2009,3.0,0.0,2.0
ZWE,2010,3.0,0.0,2.0
ZWE,2011,3.0,0.0,2.0
ZWE,2012,3.0,0.0,2.0
ZWE,2013,3.0,0.0,2.0
ZWE,2014,3.0,0.0,2.0
ZWE,2015,3.0,0.0,2.0
ZWE,2016,3.0,0.0,2.0
ZWE,2017,3.0,0.0,2.0
ZWE,2018,3.0,0.0,2.0
ZWE,2019,3.0,0.0,2.0
ZWE,2020,3.0,0.0,2.0
ZWE,2021,3.0,0.0,2.0
ZWE,2022,3.0,0.0,2.0
ZWE,2023,3.0,0.0,2.0
