"","tot_g_int_sfull","d1_g_int_sfull","d2_g_int_sfull","d3_g_int_sfull","tot_g_vol_sfull","d1_g_vol_sfull","d2_g_vol_sfull","d3_g_vol_sfull","tot_g_int_sdrop","d1_g_int_sdrop","d2_g_int_sdrop","d3_g_int_sdrop","tot_g_vol_sdrop","d1_g_vol_sdrop","d2_g_vol_sdrop","d3_g_vol_sdrop","med_r_bec_sfull","med_r_vw_sfull"
"","b/se","b/se","b/se","b/se","b/se","b/se","b/se","b/se","b/se","b/se","b/se","b/se","b/se","b/se","b/se","b/se","b/se","b/se"
"ln_gaci_cwm","1.2685*","1.0862*","1.2470*","0.9956","2.2969***","1.9741***","2.2022***","1.7470**","3.0671**","2.1253","3.0632**","1.7745","7.0444***","5.6287***","6.8911***","4.8931**","1.1157","1.7136**"
"","0.6561","0.6382","0.6679","0.6495","0.7753","0.7209","0.7893","0.7376","1.4614","1.3264","1.5446","1.3787","2.1969","1.9418","2.2898","1.9480","0.6927","0.7534"
"r_bec","","0.1634***","","0.1727***","","0.2893***","","0.3126***","","0.1493***","","0.1621***","","0.2244***","","0.2513***","",""
"","","0.0191","","0.0194","","0.0241","","0.0245","","0.0245","","0.0258","","0.0353","","0.0366","",""
"r_vw","","","0.0125","0.0468**","","","0.0553**","0.1173***","","","0.0006","0.0446*","","","0.0254","0.0936***","",""
"","","","0.0211","0.0201","","","0.0257","0.0238","","","0.0275","0.0256","","","0.0398","0.0354","",""
"MSHARE","","","","","","","","","","","","","","","","","",""
"KPF","18.1089","17.7096","17.4634","16.8554","18.1089","17.7096","17.4634","16.8554","9.0257","7.9032","8.0421","6.5589","9.0257","7.9032","8.0421","6.5589","18.1089","18.1089"
"N","4614.0000","4614.0000","4614.0000","4614.0000","4614.0000","4614.0000","4614.0000","4614.0000","4266.0000","4266.0000","4266.0000","4266.0000","4266.0000","4266.0000","4266.0000","4266.0000","4614.0000","4614.0000"
