stage,z,outc,b,se,p,kpf,jp,nn
FS_lag,L.ash_deaths,ln_gaci_cwm,.0015848115886526,.0011081160214521,.1526637542383075,2.045430880500142,,4446
FS_lag,L.ash_com_deaths,ln_gaci_cwm,.0021683723013226,.0011426822389257,.0577466618838796,3.600947153772668,,4446
FS_lag,L.n_fatal,ln_gaci_cwm,.0035030618306173,.001668918319483,.0358167804084387,4.405806730143297,,4446
FS_lag,L.n_major,ln_gaci_cwm,.0027194218100007,.0064137719880053,.6715678046379472,.1797736845290283,,4446
FS_lag,L.d_major,ln_gaci_cwm,.0017183588904106,.0072511594563991,.8126745397200528,.0561581557807893,,4446
FS_lag,L.d_fatal,ln_gaci_cwm,.004157771266826,.0038038180444626,.2743709293010355,1.19476287337658,,4446
FS_contemp,ash_deaths,ln_gaci_cwm,.0028240145183972,.0011128104142841,.0111573411823284,6.440083339565047,,4634
FS_contemp,n_fatal,ln_gaci_cwm,.0062881779159905,.0015918596800213,.0000780830864963,15.60414856903485,,4634
IV_asn,L.ash_deaths,ln_co2_tot,5.562455453851686,3.024347911893696,.0658821395934149,2.045430880500197,,4446
IV_asn,L.ash_deaths,ln_co2_intl,3.727976314836671,2.901389935636041,.1988295935410913,2.045430880500197,,4446
IV_asn,L.ash_deaths,ln_intensity,-.3375978007846057,1.018953218870147,.7404041049717598,2.045430880500197,,4446
IV_asn,L.n_fatal,ln_co2_tot,6.20070116992971,2.42331975801467,.0105045299207853,4.405806730143262,,4446
IV_asn,L.n_fatal,ln_co2_intl,5.198919737169135,2.000484466714119,.0093541991750732,4.405806730143262,,4446
IV_asn,L.n_fatal,ln_intensity,-1.101761741057188,.7026677168617613,.1168881865949343,4.405806730143262,,4446
IV_asn,L.d_fatal,ln_co2_tot,7.079408131405936,4.726380329772705,.1341722622718384,1.194762873376571,,4446
IV_asn,L.d_fatal,ln_co2_intl,5.603202001369983,4.214116961874497,.1836413299914613,1.194762873376571,,4446
IV_asn,L.d_fatal,ln_intensity,-1.32344866855806,1.632343606154438,.4175000729083737,1.194762873376571,,4446
OVERID,fey+L.ash_deaths,ln_co2_tot,5.384004295309263,.4156903192242274,2.29031462868e-38,66.31447651517401,.9504252871600352,4446
OVERID,fey+L.ash_deaths,ln_co2_intl,5.351497996939545,.4137952479578311,2.94223320313e-38,66.31447651517401,.5852977868077832,4446
OVERID,fey+L.ash_deaths,ln_intensity,-.4187149883926596,.1266957991214629,.0009501553198733,66.31447651517401,.9346604174059061,4446
OVERID,fey+L.n_fatal,ln_co2_tot,5.392508661214179,.4154583166928096,1.59582576834e-38,66.8439510211813,.7004767135274244,4446
OVERID,fey+L.n_fatal,ln_co2_intl,5.363958660946433,.4135118369672423,1.77019265820e-38,66.8439510211813,.9335882797161843,4446
OVERID,fey+L.n_fatal,ln_intensity,-.4278629478092075,.1262068553435814,.0006984878307684,66.8439510211813,.2108725992139088,4446
