c,dln_cwm,e_tot_t,att_tot_t,att_intl_t,val_tot_scc51_usd,val_tot_scc185_usd,val_tot_scc190_usd,gaci0,lnpc0,gaci23,con3,inc3,b_common,b_con3,b_inc3,b_lin,b_quad,dgaci
CHN,0.3279432649415676,103899374.85029092,87710159.41600418,16933721.30368394,4473218130.216213,16226379491.960772,16664930289.040794,1.1554243802337314,7.427517314980887,1.6038563854876982,3.0,1.0,5.668867027065352,4.0506768,10.395265,5.099572836595052,4.388210808905906,0.44843200525396676
USA,0.0367476021693897,193370855.53561,36363697.88195939,13587259.653506132,1854548591.979929,6727284108.162488,6909102597.572285,2.0143038087690783,10.659038704898853,2.089701501514318,3.0,3.0,5.668867027065352,4.0506768,1.8334855,2.8808260150718086,3.9181842390399777,0.07539769274523955
ARE,0.5678547794730892,25695939.63361546,24668344.727517966,24680683.365044065,1258085581.1034162,4563643774.590824,4686985498.228414,1.5787985530340871,10.899871735775234,2.785754988828399,3.0,3.0,5.668867027065352,4.0506768,1.8334855,3.8533017315759497,3.7875423812085396,1.2069564357943119
JPN,0.190567470051568,26375697.28486732,17421386.235470008,10374133.281412115,888490698.0089704,3222956453.561952,3310063384.7393017,1.3242198803811962,10.343230735291002,1.602221312244705,3.0,3.0,5.668867027065352,4.0506768,1.8334855,4.555247904780126,4.01972705954511,0.2780014318635089
TUR,0.5456202616431108,17393147.293564945,16604148.43615282,13499980.453681407,846811570.2437938,3071767460.6882715,3154788202.869036,1.207941697733797,8.680616138824156,2.084518923566491,3.0,2.0,5.668867027065352,4.0506768,6.1409726,4.922130353203471,4.2500068579983825,0.876577225832694
IND,0.1874021776623804,24295988.01923717,15898378.958751537,7611921.500777182,810817326.8963283,2941200107.3690343,3020692002.162792,1.1802389095147865,6.483651436488936,1.4235006172312763,3.0,1.0,5.668867027065352,4.0506768,10.395265,5.014747279959967,4.319960773488284,0.2432617077164898
KOR,0.7112642129095419,14401067.099074902,14145631.098735496,12758948.743936775,721427186.0355102,2616941753.2660666,2687669908.759744,0.8766428636281418,9.608735740491174,1.7853395447807174,2.0,3.0,5.668867027065352,5.0690432,1.8334855,6.2018419293653295,5.638556339363278,0.9086966811525756
CAN,0.2190787786181969,18440472.40271049,13114410.297630023,8471370.953258127,668834925.1791312,2426165905.0615544,2491737956.549705,1.4781746572504684,10.398223484359042,1.8402230102680504,3.0,3.0,5.668867027065352,4.0506768,1.8334855,4.11619592172592,3.8424386804852055,0.362048353017582
QAT,0.8017802376382348,12349963.859107943,12218832.911169276,12221053.340759829,623160478.4696331,2260484088.566316,2321578253.1221623,1.08001459663743,10.573750138352278,,3.0,3.0,5.668867027065352,4.0506768,1.8334855,5.369001790783814,4.631504027872234,
ESP,0.137259220298381,21909246.69432117,11846904.327159962,9533293.698074648,604192120.685158,2191677300.524593,2250911822.1603928,1.5286608380670654,9.93589860738898,1.7535657795702249,3.0,3.0,5.668867027065352,4.0506768,1.8334855,3.9821300495145664,3.809646108108037,0.22490494150315943
SAU,0.5119969488527909,10112440.085051505,9557387.90182544,7332008.727794408,487426782.9930975,1768116761.8377066,1815903701.3468337,1.1818727782658556,10.073193837688454,1.9720965776387889,3.0,3.0,5.668867027065352,4.0506768,1.8334855,5.009224835226403,4.315656047478973,0.7902237993729333
SGP,0.211612519729229,12080889.698373096,8440777.054717172,8457147.383232769,430479629.7905757,1561543755.1226768,1603747640.3962626,2.16173501750518,10.35294776529797,2.6711889364234658,3.0,3.0,5.668867027065352,4.0506768,1.8334855,2.598844916282542,4.054323573997916,0.5094539189182856
VNM,0.3866347256280601,8157464.50529206,7246143.609245788,4119333.766658724,369553324.0715352,1340536567.710471,1376767285.7566998,0.980499931652809,6.906679607904238,1.4433142370476697,2.0,1.0,5.668867027065352,5.0690432,10.395265,5.754892197295374,5.050205549300079,0.4628143053948607
IDN,0.1329675924629539,11328130.888745628,5997289.384615596,2486587.4916564026,305861758.6153954,1109498536.1538854,1139484983.0769634,1.2556526565913948,7.611343502315614,1.4342227645151768,3.0,2.0,5.668867027065352,4.0506768,6.1409726,4.767491785156896,4.143828547312756,0.17857010792378203
MEX,0.0953281711042245,13816677.910798848,5768300.25604059,3044891.6565951463,294183313.05807006,1067135547.3675092,1095977048.647712,1.2445714113549686,9.026496011138272,1.369053183315294,3.0,3.0,5.668867027065352,4.0506768,1.8334855,4.802877424710391,4.166952955859983,0.12448177196032528
FRA,0.0596334233683549,19240406.2598206,5519006.414202783,5060039.4831734095,281469327.124342,1021016186.627515,1048611218.6985288,1.9409740612814668,10.298356000726578,2.060241819215828,3.0,3.0,5.668867027065352,4.0506768,1.8334855,3.0288620782832405,3.8643956280994174,0.11926775793436128
GBR,0.0320270411282085,32858585.01285197,5455517.582293703,5279215.585794876,278231396.69697887,1009270752.7243352,1036548340.6358036,1.994146792194146,10.43844014324964,2.059047149293652,3.0,3.0,5.668867027065352,4.0506768,1.8334855,2.920974387924403,3.9023932213088326,0.06490035709950615
MYS,0.2372295779205233,7136890.995955596,5277132.771343345,3769010.878609645,269133771.3385106,976269562.6985188,1002655226.5552356,1.286570694049381,8.730765369545727,1.6310270033714382,3.0,2.0,5.668867027065352,4.0506768,6.1409726,4.670388438080783,4.083945410741898,0.3444563093220572
PRT,0.393139359005651,5704833.289182262,5090583.70913125,4571241.022151303,259619769.16569376,941757986.1892812,967210904.7349375,1.1111666202636257,9.699189028400466,1.646332080083125,3.0,3.0,5.668867027065352,4.0506768,1.8334855,5.2554871704514685,4.524084587246434,0.5351654598194993
AUS,0.0430578257005322,20040658.2639168,4340471.390257249,2619719.6473298213,221364040.90311968,802987207.197591,824689564.1488773,1.5630389917495782,10.60750281561913,1.6318099924442473,3.0,3.0,5.668867027065352,4.0506768,1.8334855,3.8933495267956006,3.793425965846323,0.06877100069466913
COL,0.2857877284679557,4801182.981900272,3851132.077078808,2150101.7392621497,196407735.9310192,712459434.2595794,731715094.6449734,1.0532213789242857,8.342528151552576,1.401637471882436,3.0,2.0,5.668867027065352,4.0506768,6.1409726,5.46928388229722,4.7323569485022094,0.34841609295815035
EGY,0.367428448781449,4240749.160168236,3712493.6496763816,3476487.276255098,189337176.13349545,686811325.1901306,705373793.4385126,1.2002191141777656,7.665588489379983,1.733136172916055,3.0,2.0,5.668867027065352,4.0506768,6.1409726,4.947733490833132,4.268868408985428,0.5329170587382894
IRL,0.5041272982004199,3194356.502677061,3011025.4227556293,2999620.60647774,153562296.5605371,557039703.2097914,572094830.3235695,1.1127503745162235,10.326085188278505,1.8422028629843208,3.0,3.0,5.668867027065352,4.0506768,1.8334855,5.2498014714484045,4.518892440765322,0.7294524884680973
NLD,0.0622592882136761,10076150.520709936,2996464.0851482367,3005595.5667204894,152819668.34256008,554345855.7524238,569328176.178165,2.5703427820871028,10.460676729759466,2.735457113027634,3.0,3.0,5.668867027065352,4.0506768,1.8334855,1.9077269410080775,4.57480339423562,0.1651143309405314
BRA,0.0326855963801313,16044261.1174463,2713691.763000761,1113833.7635752314,138398279.91303882,502032976.1551408,515601434.9701446,1.1535044492889952,8.800976610384398,1.1918303708848372,3.0,2.0,5.668867027065352,4.0506768,6.1409726,5.106211638853461,4.393721010357286,0.03832592159584203
ETH,0.3608520734173695,3001189.3182949857,2613141.0985771124,2459198.9404680664,133270196.02743274,483431103.2367658,496496808.7296513,1.306440286717311,6.122294607085325,1.8741555292725351,3.0,1.0,5.668867027065352,4.0506768,10.395265,4.6092086906793694,4.048906067424938,0.5677152425552241
NOR,0.4794342649249647,2738576.3575036544,2557787.7232450102,1505928.5777220249,130447173.88549551,473190728.8003269,485979667.416552,0.778168178623821,11.018725532547132,1.2568664194850234,1.0,3.0,5.668867027065352,8.4596119,1.8334855,6.677510210961471,6.3866156268681715,0.4786982408612024
PER,0.2950209210968655,3146276.837781328,2555445.2727182936,1515559.0756625703,130327708.90863298,472757375.4528843,485534601.8164758,1.008850077786065,8.066804178143753,1.3550414800946826,2.0,2.0,5.668867027065352,5.0690432,6.1409726,5.641106395192618,4.918144514604177,0.34619140230861767
ISR,0.2869041327417494,3030931.2426538374,2434958.844605163,2419562.470872368,124182901.07486331,450467386.2519552,462642180.474981,1.4271074890883984,10.19838890792438,1.9013302896345627,3.0,3.0,5.668867027065352,4.0506768,1.8334855,4.25654603393062,3.8874666870956434,0.4742228005461644
CHL,0.1977291507889012,3237869.758924197,2182375.816905444,1191316.9654760752,111301166.66217764,403739526.1275072,414651405.2120344,1.077883134165452,8.93659927498857,1.3135431851621977,3.0,2.0,5.668867027065352,4.0506768,6.1409726,5.376887877428877,4.6392326053234525,0.2356600509967457
POL,0.2101301036908379,2827068.901527644,1968051.495206105,1882985.8580145745,100370626.25551136,364089526.61312944,373929784.08916,1.0935725342544915,8.701672096847888,1.3492919789283198,3.0,2.0,5.668867027065352,4.0506768,6.1409726,5.319200937883228,4.583495857644912,0.25571944467382823
ARG,0.1054768096123646,4202763.147564322,1891475.6783860312,1073282.5041928564,96465259.5976876,349923000.5014158,359380378.89334595,0.9905608427571472,9.244948540627124,1.1007511618814831,2.0,3.0,5.668867027065352,5.0690432,1.8334855,5.714139567516441,5.002080866202911,0.11019031912433597
PAN,0.3654557989431365,2057953.6513172088,1798718.6435247797,1782432.738212308,91734650.81976376,332762949.05208427,341756542.26970816,1.145152359025139,8.66559346946827,1.6503600756117744,3.0,2.0,5.668867027065352,4.0506768,6.1409726,5.1352209573250285,4.418085979983243,0.5052077165866355
AUT,0.2141818098293118,2492443.411028878,1752300.3182408898,1739152.309261792,89367316.23028538,324175558.8745646,332937060.46576905,1.5089845276973737,10.442948918143925,1.8694022665512613,3.0,3.0,5.668867027065352,4.0506768,1.8334855,4.033846324890781,3.821112940854409,0.3604177388538876
PHL,0.0593170551692553,6081848.195724598,1736759.4847820855,1202534.272438729,88574733.72388636,321300504.6846858,329984302.10859627,1.4781941460522692,7.46864910761585,1.5685289825322712,3.0,1.0,5.668867027065352,4.0506768,10.395265,4.116143290789271,3.842423847721461,0.09033483648000207
FIN,0.3318871463629361,1956116.345817584,1658060.3762202032,1501388.9932691024,84561079.18723036,306741169.6007376,315031471.48183864,1.0991491698245823,10.33798817789854,1.5317694108793871,3.0,3.0,5.668867027065352,4.0506768,1.8334855,5.298895878851401,4.5643171341245505,0.4326202410548048
KWT,0.3046906072297979,1993450.9514473248,1639073.7172931645,1641366.1467489165,83592759.5819514,303228637.69923544,311424006.2857013,1.17199469328079,10.3864679554199,1.58946545909105,3.0,3.0,5.668867027065352,4.0506768,1.8334855,5.042729700139807,4.342033397395773,0.4174707658102599
DOM,0.2365079067003646,1930659.021054721,1425498.110639962,1424828.4284177143,72700403.64263807,263717150.468393,270844641.0215928,1.0285012527331605,8.137251376347463,1.3029234597118078,2.0,2.0,5.668867027065352,5.0690432,6.1409726,5.564095772611641,4.832846594600171,0.2744222069786473
SWE,0.1504428722449425,2340136.60426218,1342769.425207575,1124115.6921802904,68481240.68558633,248412343.6634014,255126190.7894393,1.2684103090594645,10.48025410035262,1.4743353285279472,3.0,3.0,5.668867027065352,4.0506768,1.8334855,4.727137574949447,4.118306189843754,0.20592501946848274
MAR,0.1433689185730196,2373863.3782698754,1320724.9526265962,1273275.4380625924,67356972.5839564,244334116.2359203,250937740.99905327,1.056386926456483,7.542569837230199,1.219234794544501,3.0,2.0,5.668867027065352,4.0506768,6.1409726,5.457303741853306,4.72001476472123,0.1628478680880181
ZAF,0.0521669410258105,4972332.734252365,1272972.4038109472,911861.3224845388,64921592.59435831,235499894.70502523,241864756.72408,1.2524718935126455,8.404137924401814,1.3195437784116113,3.0,2.0,5.668867027065352,4.0506768,6.1409726,4.7776168316510175,4.1503741896234105,0.06707188489896576
LUX,0.2288988791293817,1730106.4946709329,1257466.783940268,1259765.552221607,64130805.98095366,232631355.0289496,238918688.94865093,1.05243813550021,11.435263455614916,1.32314090729598,3.0,3.0,5.668867027065352,4.0506768,1.8334855,5.472253654933225,4.735428801135471,0.2707027717957702
AZE,0.7890117107391856,1230891.0115771526,1216840.411587434,1216692.951721371,62058860.99095914,225115476.14367533,231199678.20161247,0.565173791657042,7.070891348926538,1.244071802196448,1.0,1.0,5.668867027065352,8.4596119,10.395265,7.954171779398081,9.015775238666524,0.6788980105394061
DNK,0.1114280234250335,2468673.112110028,1156077.6016289813,1120861.655579345,58959957.68307804,213874356.30136156,219654744.30950645,1.604118407666174,10.69945347035461,1.7932011065596487,3.0,3.0,5.668867027065352,4.0506768,1.8334855,3.7897891696270136,3.7800385236420615,0.18908269889347462
BGD,0.1614586216346168,1900961.0846374512,1139817.445089608,1046879.9461115372,58130689.69957001,210866227.34157747,216565314.5670255,0.9814299833700588,6.313687723367389,1.1533999022756518,2.0,1.0,5.668867027065352,5.0690432,10.395265,5.751107438445359,5.045697271903403,0.171969918905593
OMN,0.211624625663411,1477209.766871344,1032139.8197842914,962021.5832304144,52639130.80899886,190945866.6600939,196106565.75901535,1.147413208920388,9.83302238030882,1.4178400908310798,3.0,3.0,5.668867027065352,4.0506768,1.8334855,5.127347514548553,4.411426838621643,0.27042688191069186
KAZ,0.1397206946016897,1883404.485102965,1030392.439514696,557682.1425543873,52550014.415249504,190622601.3102188,195774563.50779223,0.9270338875524484,8.18405872183327,1.0660449977958533,2.0,2.0,5.668867027065352,5.0690432,6.1409726,5.978730366697195,5.330986866129881,0.13901111024340485
ROU,0.2489849202407895,1350719.366254204,1021434.912249695,969701.0579739972,52093180.524734445,188965458.7661936,194072633.32744205,0.9416100405389942,8.468976595148511,1.2078245639190148,2.0,2.0,5.668867027065352,5.0690432,6.1409726,5.9164516373286835,5.250069893513232,0.2662145233800206
NZL,0.0465083848265283,3957117.282317615,917096.2971141472,702724.0278180088,46771911.15282151,169662814.96611726,174248296.451688,1.2093452867488144,10.260337880422147,1.2669184221753031,3.0,3.0,5.668867027065352,4.0506768,1.8334855,4.917494535318202,4.246630640860957,0.057573135426488786
ISL,0.5233622076655153,946065.144548846,897377.5916170152,874353.7159135275,45766257.172467776,166014854.44914782,170501742.40723288,0.8547041285108136,10.530107950598694,1.442477742116948,2.0,3.0,5.668867027065352,5.0690432,1.8334855,6.3030150823692015,5.787141636861012,0.5877736136061343
GRC,0.0392543809430365,4485705.98830798,894935.7376447849,788105.5755867779,45641722.61988403,165563111.4642852,170037790.15250912,1.404264175628574,9.680715879377358,1.460483913091309,3.0,3.0,5.668867027065352,4.0506768,1.8334855,4.320960915391222,3.9117965004301403,0.0562197374627349
DZA,0.2289089093266021,1173336.2963621398,852816.2603876005,683057.1433060607,43493629.279767625,157771008.1717061,162035089.4736441,0.858552944487369,8.10860984106455,1.0793963823980264,2.0,2.0,5.668867027065352,5.0690432,6.1409726,6.285079316967756,5.760386048132187,0.22084343791065741
HUN,0.3468698290991946,957222.3548870786,823245.7310120759,824231.9464403722,41985532.28161587,152300460.23723406,156416688.89229444,1.10768171243133,8.952307687123419,1.566962626921882,3.0,2.0,5.668867027065352,4.0506768,6.1409726,5.268026623887446,4.535599022309244,0.45928091449055186
CHE,0.0294247068682966,5101686.721709435,783802.6068978783,782453.1432345406,39973932.95179179,145003482.2761075,148922495.31059688,1.932192501085288,11.116679368429793,1.9898914229932725,3.0,3.0,5.668867027065352,4.0506768,1.8334855,3.0469638391737957,3.8586537654614923,0.057698921907984424
LKA,0.1927476817169015,1159253.009145405,770531.2614350634,771175.3997475757,39297094.33318824,142548283.36548674,146400939.67266205,1.1166517066063602,7.445422321893552,1.3540259526876326,3.0,1.0,5.668867027065352,4.0506768,10.395265,5.235830084142972,4.506210140228979,0.23737424608127244
UZB,0.1854473326520567,1076907.8507817397,700540.0990911326,659973.9556664809,35727545.053647764,129599918.33185954,133102618.8273152,0.9503141269890524,7.067079277361907,1.1439470919549763,2.0,1.0,5.668867027065352,5.0690432,10.395265,5.879720269099678,5.20335608172705,0.19363296496592397
CZE,0.2359961355565476,943376.7119831488,695823.0950822955,696996.019473226,35486977.84919707,128727272.59022468,132206388.06563614,1.1806926428355284,9.388044379902531,1.4949569153737594,3.0,3.0,5.668867027065352,4.0506768,1.8334855,5.013212903759326,4.318763032943522,0.31426427253823097
JOR,0.1805728851285485,1070536.98169336,685913.0619216319,680046.6818034272,34981566.158003226,126893916.4555019,130323481.76511006,1.112334777482249,8.090128324585583,1.3324696426337233,3.0,2.0,5.668867027065352,4.0506768,6.1409726,5.251292686847216,4.5202524723422135,0.2201348651514743
NPL,0.230259803711828,753353.8096223468,549130.2686712922,380083.963340801,28005643.702235904,101589099.70418906,104334751.04754552,0.8671413160627586,6.1989103876015,1.0916676514753003,2.0,1.0,5.668867027065352,5.0690432,10.395265,6.24534505710738,5.701749178083983,0.22452633541254174
HKG,0.0088684801881351,10409362.081072943,510388.49120156426,512258.21713148087,26029813.051279776,94421870.8722894,96973813.3282972,2.13348593718605,10.148446073672556,2.15249086279357,3.0,3.0,5.668867027065352,4.0506768,1.8334855,2.65135462831449,4.025625056199998,0.019004925607520207
IRQ,0.3777080349275238,570734.2378228147,503664.3894604362,467651.0319976072,25686883.86248225,93177912.0501807,95696233.99748288,0.65997138161129,7.718716561930863,0.9628566161376646,1.0,2.0,5.668867027065352,8.4596119,6.1409726,7.335168003343443,7.627917429955835,0.3028852345263746
HRV,0.245432854290636,600186.0907450451,450893.8920428752,420780.0338919977,22995588.494186632,83415370.02793191,85669839.48814629,0.8323158674633282,8.969286428413646,1.0638448817632848,2.0,2.0,5.668867027065352,5.0690432,6.1409726,6.40897465555594,5.948852901702358,0.23152901429995665
SRB,0.3052535675237984,544946.3813285257,448379.53679583815,447492.8516838711,22867356.376587745,82950214.30723006,85192111.99120925,0.9952738943997184,8.52047039416079,1.3505558636738069,2.0,2.0,5.668867027065352,5.0690432,6.1409726,5.695191082984995,4.980018877654442,0.3552819692740885
TUN,0.1330827286098063,792120.5920985227,419604.2296995588,413010.5952716792,21399815.714677498,77626782.49441837,79724803.64291616,1.029109887140301,7.805030067710601,1.1755980184352728,2.0,2.0,5.668867027065352,5.0690432,6.1409726,5.561734164775489,4.830282916291853,0.14648813129497174
LVA,0.4076641462000113,443676.1167216932,399680.6081406,400060.978165066,20383711.0151706,73940912.50601101,75939315.54671401,0.874663219673578,8.481131546060839,1.314883130695,2.0,2.0,5.668867027065352,5.0690432,6.1409726,6.210866775112366,5.651579438087172,0.440219911021422
ARM,0.2964651515319355,490010.23155820667,398742.7115522416,399317.2234197609,20335878.28916432,73767401.6371647,75761115.1949259,0.9070374135394956,6.903474404419655,1.22005211077395,2.0,1.0,5.668867027065352,5.0690432,10.395265,6.065780409286735,5.447699313698231,0.3130146972344543
MDV,0.0779496094387771,1038052.5453530272,370770.2797393063,329506.44971534907,18909284.266704623,68592501.75177167,70446353.1504682,1.0437078611224542,9.170775775980983,1.1283193596132608,2.0,3.0,5.668867027065352,5.0690432,1.8334855,5.505506089472546,4.770158794885931,0.08461149849080662
BGR,0.1714275845052198,575535.0830650042,357753.12856766087,349313.2950786552,18245409.556950703,66184328.78501726,67973094.42785557,1.0585459437976423,8.35543506391033,1.256492111443223,3.0,2.0,5.668867027065352,4.0506768,6.1409726,5.449153429268917,4.7116637216842445,0.1979461676455807
IRN,0.0390124345517156,1789809.127798344,355115.40703653265,163299.09822715595,18110885.75886317,65696350.30175854,67471927.3369412,0.8860511950466244,8.209045162313505,0.9213013355103064,2.0,2.0,5.668867027065352,5.0690432,6.1409726,6.1592277271951925,5.577674141837281,0.03525014046368191
GEO,0.2742148949887298,447042.750625384,352584.5504156545,351798.8838816261,17981812.07119838,65228141.826896094,66991064.578974366,0.8341834600674249,7.079288185532387,1.09736622763022,2.0,1.0,5.668867027065352,5.0690432,10.395265,6.4000273605818805,5.93495678995069,0.26318276756279513
AGO,0.1850037876792707,521902.6321446096,339044.0516238361,307391.81766614475,17291246.63281564,62723149.55040968,64418369.80852886,0.7910064461192123,7.785296001921965,0.9517571471745006,1.0,2.0,5.668867027065352,8.4596119,6.1409726,6.612188221201415,6.276441406731725,0.16075070105528821
TZA,0.1086269391533472,681966.02764331,313560.3969689782,229166.65356792213,15991580.24541789,58008673.439260975,59576475.42410586,0.8476811293350768,6.258305797886607,0.9449494911076356,2.0,1.0,5.668867027065352,5.0690432,10.395265,6.335951912680161,5.83674042395933,0.09726836177255882
ALB,0.475345099113117,329481.91402925656,307220.8836993302,307445.13612897374,15668265.068665842,56835863.48437609,58371967.90287274,0.776394254571828,7.4287904012862755,1.248883898565312,1.0,1.0,5.668867027065352,8.4596119,10.395265,6.686620698387822,6.4021700387149085,0.4724896439934839
SLV,0.1226324821841189,574603.0016528453,287888.17334937985,288636.11582224315,14682296.840818372,53259312.06963527,54698752.936382174,0.946268318048132,7.928422707261927,1.06972688297669,2.0,2.0,5.668867027065352,5.0690432,6.1409726,5.896751611225169,5.224922814559232,0.12345856492855789
MAC,0.2230553410947183,380494.0997600127,273047.685906544,273556.96151955845,13925431.981233742,50513821.89271063,51879060.32224336,0.892755161579134,10.420591038071713,1.11584551865445,2.0,3.0,5.668867027065352,5.0690432,1.8334855,6.129137893186366,5.535292974242785,0.223090357075316
KHM,0.2205098544681815,377196.8727900352,269133.38048014435,264424.6115605159,13725802.404487362,49789675.38882671,51135342.29122742,0.8131086157179351,6.237680569238105,1.0137124395673154,2.0,1.0,5.668867027065352,5.0690432,10.395265,6.502175870025071,6.096248933092249,0.20060382384938025
TJK,0.1828696825236884,402424.8174016039,259711.4282876792,258396.95025705983,13245282.842671638,48046614.23322065,49345171.37465905,0.706698630576997,5.913326999629651,0.8485033157518714,1.0,1.0,5.668867027065352,8.4596119,10.395265,7.062087663844239,7.083317555733912,0.14180468517487443
MLT,0.1536054136980447,446606.5751711648,259644.7724784284,260255.47363858376,13241883.396399848,48034282.90850925,49332506.7709014,1.097451648890376,9.450853412700084,1.27966231025808,3.0,3.0,5.668867027065352,4.0506768,1.8334855,5.30506578637919,4.570120567204863,0.18221066136770392
LBN,0.080361340144824,699371.4656371911,255905.24904730008,256663.6793516556,13051167.701412303,47342471.07375052,48621997.31898701,1.09229486743725,8.708561885698888,1.1836965437967,3.0,2.0,5.668867027065352,4.0506768,6.1409726,5.3238676221911065,4.587936048337552,0.09140167635945007
LTU,0.2332612613960669,302373.4082397621,221787.16625248804,222186.5631482884,11311145.47887689,41030625.75671028,42139561.58797273,0.8176679817042727,8.55854629325402,1.0324786279159692,2.0,2.0,5.668867027065352,5.0690432,6.1409726,6.479854251230519,6.060508216882963,0.21481064621169654
MUS,0.0504289156570795,879097.9256425506,218582.93655713127,215057.958706771,11147729.764413694,40437843.26306929,41530757.94585494,0.9773462334175076,8.482645211106783,1.027896632766597,2.0,2.0,5.668867027065352,5.0690432,6.1409726,5.767752657707901,5.065583958944338,0.05055039934908945
GHA,0.0660375819545896,669610.2675655144,209099.88368037375,195484.5788976502,10664094.067699064,38683478.48086915,39728977.89927102,0.896644151485868,6.861004690804822,0.9578552358033812,2.0,1.0,5.668867027065352,5.0690432,10.395265,6.111786082352706,5.51108182215599,0.06121108431751321
UGA,0.1588562425820401,333410.7933260278,197929.2811205596,196268.9575620365,10094393.337148538,36616917.00730352,37606563.41290632,0.8441242541553041,6.149382192183349,0.9894566429030124,2.0,1.0,5.668867027065352,5.0690432,10.395265,6.352737379856231,5.862249092771169,0.14533238874770826
SEN,0.083200113290201,481845.32959503727,181188.3394371491,178397.1913776786,9240605.311294604,33519842.79587258,34425784.493058324,0.9993830840545336,6.863373613847059,1.0860888226439371,2.0,1.0,5.668867027065352,5.0690432,10.395265,5.678743459690238,4.961030392668392,0.08670573858940356
RWA,0.3403894189416135,190095.6233632365,162493.47388386042,161008.41562838646,8287167.168076881,30061292.668514177,30873760.03793348,0.693168916559594,5.674047542561384,0.9742453148922194,1.0,1.0,5.668867027065352,8.4596119,10.395265,7.139254334951424,7.233010446716639,0.28107639833262543
KGZ,0.3754222477866649,181781.62139207812,160140.94080934292,147853.4408494041,8167187.981276489,29626074.04972844,30426778.75377516,0.579064612655271,6.429183477343847,0.8428898731757956,1.0,1.0,5.668867027065352,8.4596119,10.395265,7.857244214565107,8.784399200063087,0.2638252605205246
MNG,0.3054108729500125,177173.35731937372,145805.46050479743,137155.4987154713,7436078.485744669,26974010.193387523,27703037.495911516,0.7569046216263159,7.319420600198685,1.0272577203019957,1.0,1.0,5.668867027065352,8.4596119,10.395265,6.788108724186514,6.578559261629331,0.2703530986756798
MOZ,0.1371492627492488,265399.5648198988,143432.50258706842,97621.26142860689,7315057.63194049,26535012.97860766,27252175.491543,0.6695086663961851,5.425824026152221,0.7679259984932252,1.0,1.0,5.668867027065352,8.4596119,10.395265,7.27789302313459,7.510261462190332,0.09841733209704007
LAO,0.214392429562187,182718.8886176297,128524.37925346415,102699.5627338208,6554743.341926672,23777010.161890868,24419632.05815819,0.7080174573560177,6.66272796088529,,1.0,1.0,5.668867027065352,8.4596119,10.395265,7.054644918470889,7.0690545598233125,
EST,0.2353869308338556,170487.0843012177,125594.41250549446,120681.4773103809,6405315.037780218,23234966.313516475,23862938.376043946,0.808587772167746,8.94079379713045,1.0231855887747514,2.0,2.0,5.668867027065352,5.0690432,6.1409726,6.524432818711374,6.13216170484942,0.2145978166070054
COD,0.0762203100309947,357500.26204361155,125427.54001049513,82248.6173187754,6396804.540535252,23204094.9019416,23831232.601994075,0.7272286696104697,6.1258900708919,0.7848254032278557,1.0,1.0,5.668867027065352,8.4596119,10.395265,6.947771697941224,6.867640422098443,0.05759673361738593
CIV,0.0712507534473224,369715.8786443912,122855.86764271722,120442.00723103252,6265649.249778578,22728335.513902687,23342614.85211627,0.9619802272380836,7.44247895594212,1.0330229132019044,2.0,1.0,5.668867027065352,5.0690432,10.395265,5.8310133208038355,5.142568042759625,0.0710426859638208
PYF,0.0834740335355332,321020.8314916362,121024.29118584422,87780.32208233878,6172238.850478055,22389493.869381186,22994615.3253104,0.838333342889062,10.018365480731036,0.9113161185769092,2.0,3.0,5.668867027065352,5.0690432,1.8334855,6.38021752794311,5.904348229539388,0.07298277568784717
KEN,0.0110632606735249,1878800.886567256,114212.89849012934,97228.70236453986,5824857.822996597,21129386.22067393,21700450.713124577,1.007081445223957,7.134261372598504,1.018284908920484,2.0,1.0,5.668867027065352,5.0690432,10.395265,5.648110885245886,4.926066240356907,0.011203463696527027
CMR,0.0982089052065107,259702.86366307465,110873.31495756855,99837.3107621994,5654539.062835996,20511563.267150182,21065929.841938023,0.782847450794864,6.982296034356327,0.8636320030220028,1.0,1.0,5.668867027065352,8.4596119,10.395265,6.653577773809878,6.345975239215868,0.08078455222713887
BIH,0.2289715676796136,132481.10816893,96304.12345026725,96480.13246437516,4911510.295963629,17816262.838299442,18297783.45555077,0.6521943768203763,7.311890124462053,0.8200080925178282,1.0,1.0,5.668867027065352,8.4596119,10.395265,7.382487849310477,7.7264980866038835,0.16781371569745196
LBY,0.1262142727875764,185980.26219444835,95045.3081835628,80801.2457042567,4847310.717361704,17583382.01395912,18058608.55487693,0.7040240432735652,9.29576600280622,0.7987330467494413,1.0,3.0,5.668867027065352,8.4596119,1.8334855,7.077224329678509,7.112419827040854,0.09470900347587619
SVK,0.2899542568109953,115255.63155076868,92981.39145675291,93118.5338021108,4742050.964294399,17201557.419499293,17666464.376783058,0.721686029870902,9.013453080780012,0.9644369306136168,1.0,3.0,5.668867027065352,8.4596119,1.8334855,6.978313209136,6.924551629207603,0.24275090074271477
MKD,0.1385063110233162,157344.8822340125,85589.58566494241,85800.96506585577,4365068.868912063,15834073.348014344,16262021.276339058,0.8249566748527962,7.968972044516914,0.94750970594835,2.0,2.0,5.668867027065352,5.0690432,6.1409726,6.444427710213822,6.004352563162078,0.12255303109555382
TGO,0.0942456102044317,205921.10462173863,85231.23812406673,85473.2717492458,4346793.144327403,15767779.052952344,16193935.243572678,0.8372453942248206,6.509520381875881,,2.0,1.0,5.668867027065352,5.0690432,10.395265,6.3854014467964495,5.912336943332254,
MNE,0.1835207854906393,127614.87802446476,82525.0813911563,82700.99303576852,4208779.150948972,15267140.057363916,15679765.464319697,0.7704782106566405,8.59165821964025,0.925683293387977,1.0,2.0,5.668867027065352,8.4596119,6.1409726,6.717155392138536,6.454638439560725,0.15520508273133649
BHR,0.0128570368309179,1012605.4991554782,71178.56984301306,71436.34890736472,3630107.061993666,13168035.420957416,13523928.27017248,1.21858103652776,10.07723954754412,1.23434952862283,3.0,3.0,5.668867027065352,4.0506768,1.8334855,4.887123938933112,4.224807377357736,0.01576849209507003
CPV,0.0514138768749819,247109.1379513667,62476.15724782852,58422.69811439877,3186284.0196392545,11558089.090848276,11870469.877087418,0.8021198445413978,7.219274627134962,0.84443849682018,1.0,1.0,5.668867027065352,8.4596119,10.395265,6.556492953547675,6.1843761600932305,0.042318652278782176
BEN,0.1310590748060797,109809.50737563608,57572.75454910086,57718.37314371007,2936210.482004144,10650959.591583658,10938823.364329165,0.785825945813918,6.6768253078984525,0.895869181681883,1.0,1.0,5.668867027065352,8.4596119,10.395265,6.638418463617703,6.320397371412228,0.11004323586796505
MDG,0.0731167089629761,156417.80976366068,53076.274068377934,44876.01620918217,2706889.9774872744,9819110.702649916,10084492.072991809,0.7132386117824043,6.1084207678929126,0.7673421052765651,1.0,1.0,5.668867027065352,8.4596119,10.395265,7.025315008432225,7.013147419720772,0.05410349349416077
BHS,0.0267875746699142,376383.17413234926,53027.90520445343,45259.998534339255,2704423.165427125,9810162.462823885,10075301.988846151,0.9731656507793448,10.273914188660104,0.9995866962776384,2.0,3.0,5.668867027065352,5.0690432,1.8334855,5.784864763157309,5.0861889120562305,0.026421045498293605
ZMB,0.037556182903716,244880.34192862213,46959.44395561532,42580.87170525568,2394931.6417363817,8687497.131788835,8922294.35156691,0.7894512594506488,6.679621873568297,0.819663818472795,1.0,1.0,5.668867027065352,8.4596119,10.395265,6.620044454243309,6.2895665827931895,0.030212559022146257
COG,0.0671605883338131,139330.28999777275,44116.89436838182,30866.018132730664,2249961.612787473,8161625.458150637,8382209.929992546,0.7454187951941625,7.660410313510487,0.7972009579422232,1.0,2.0,5.668867027065352,8.4596119,6.1409726,6.849149753080553,6.687406182150162,0.05178216274806069
GRL,0.176360090317671,66244.55658772764,41868.88470861682,17968.513640241923,2135313.1201394578,7745743.671094111,7955088.094637196,0.559615586397742,10.397816898888992,0.6675472574652049,1.0,3.0,5.668867027065352,8.4596119,1.8334855,7.993624910927849,9.111448517923632,0.10793167106746293
ABW,0.0291733140606383,266522.86980407365,40625.79930788308,40766.126244075895,2071915.764702037,7515772.871958369,7718901.868497784,0.9983418731759202,10.157338680104088,1.02789581130168,2.0,3.0,5.668867027065352,5.0690432,1.8334855,5.682904650321494,4.9658202107706595,0.029553938125759904
TKM,0.0594046514457109,142002.4132146344,40601.2032835081,21197.21844601602,2070661.367458913,7511222.607448998,7714228.623866538,0.7677202281038332,7.63950693780488,0.8147082159530483,1.0,2.0,5.668867027065352,8.4596119,6.1409726,6.731470485492743,6.479414702358932,0.046987987849215096
NER,0.1475173061764908,68116.19905884963,38599.55824976682,38345.55881973528,1968577.470738108,7140918.276206862,7333916.067455696,0.739547085919,6.013811382949284,0.8571005665757006,1.0,1.0,5.668867027065352,8.4596119,10.395265,6.880719049526052,6.74451192001875,0.11755348065670057
SYC,0.0328031266392191,200259.13287036453,33982.22011896155,33026.63783126912,1733093.2260670392,6286710.722007887,6456621.822602695,0.8088749698532185,9.227894440527445,0.8358485887503765,2.0,3.0,5.668867027065352,5.0690432,1.8334855,6.523015194161568,6.129866086040934,0.02697361889715799
MRT,0.095925969575342,69221.61529560185,29035.624601694435,27811.21593112766,1480816.8546864162,5371590.55131347,5516768.674321943,0.7357326613538766,7.294243668891873,0.8098044432757436,1.0,1.0,5.668867027065352,8.4596119,10.395265,6.901361924816461,6.782152229958543,0.07407178192186703
SVN,0.0829544520587566,71209.42391394523,26714.9644618822,26793.513633633236,1362463.187555992,4942268.425448207,5075843.247757617,0.839656719519494,9.523264903197848,0.912280577137937,2.0,3.0,5.668867027065352,5.0690432,1.8334855,6.373920889774254,5.894664832033675,0.07262385761844292
GMB,0.1248591659134527,52223.66470352214,26492.018264608687,26560.36066573536,1351092.931495043,4901023.378952608,5033483.470275651,0.723842318295208,6.405905790310624,0.820105296326775,1.0,1.0,5.668867027065352,8.4596119,10.395265,6.966403665184528,6.902297686769259,0.09626297803156703
GIN,0.0485989303997262,101972.68021174236,24555.984840654,24636.081827983875,1252355.2268733538,4542857.19552099,4665637.11972426,0.802572806804737,6.3531568978464685,0.842540309578463,1.0,1.0,5.668867027065352,8.4596119,10.395265,6.5542393125181455,6.180687128543372,0.03996750277372607
SOM,0.0444576211071255,104736.94115369036,23332.80568953408,17470.005689103895,1189973.090166238,4316569.052563804,4433233.081011475,0.733746364862498,5.9124678883415545,0.767102966443652,1.0,1.0,5.668867027065352,8.4596119,10.395265,6.912153765343987,6.801924351514134,0.033356601581153944
GTM,0.0107955141711894,354116.32650735846,21021.64619747044,20083.949797809884,1072103.9560709924,3889004.546532031,3994112.777519384,0.9662017519630646,7.995641440715332,0.9766889019062848,2.0,2.0,5.668867027065352,5.0690432,6.1409726,5.813533515844622,5.121073978295743,0.010487149943220198
MHL,0.1835391846905388,32320.11662845692,20901.73411258869,18111.760400602798,1065988.4397420231,3866820.8108289074,3971329.481391851,0.6698123165675134,8.121216295028209,0.8047540745628384,1.0,2.0,5.668867027065352,8.4596119,6.1409726,7.276082919518663,7.506572801558394,0.13494175799532504
BFA,0.0397406053027445,95020.51683446066,19166.753688634977,18733.744507429947,977504.438120384,3545849.432397471,3641683.2008406455,0.7894281380404631,5.950573756031576,0.8214322087263786,1.0,1.0,5.668867027065352,8.4596119,10.395265,6.620161371853995,6.289762172527695,0.03200407068591549
GAB,0.0264224687391317,118634.24162704503,16502.98383681533,14725.581316050717,841652.1756775818,3053052.009810836,3135566.9289949127,0.8072787150956399,9.059867204105457,0.828893309685143,2.0,3.0,5.668867027065352,5.0690432,1.8334855,6.530900785382324,6.142649721734874,0.0216145945895031
BTN,0.2384266101215492,17563.89625214356,13017.982123968412,11714.934929866122,663917.088322389,2408326.6929341564,2473416.6035539987,0.673241568345714,7.002936521609248,0.8545122325715392,1.0,1.0,5.668867027065352,8.4596119,10.395265,7.255697415677633,7.465156551653922,0.18127066422582516
SUR,0.0187999094458091,119540.17306649676,12084.578921322342,12121.894221760314,616313.5249874394,2235647.100444633,2296069.9950512447,0.7617630232120123,8.935818913381011,,1.0,2.0,5.668867027065352,8.4596119,6.1409726,6.762567205187617,6.533628513460546,
SLE,0.080225551504536,29121.30165995081,10641.482263132142,10673.033691716952,542715.5954197393,1968674.2186794465,2021881.629995107,0.718560584313738,6.6397771597915725,0.778582979087249,1.0,1.0,5.668867027065352,8.4596119,10.395265,6.99563889069581,6.957066759705769,0.06002239477351101
CAF,0.1468983443186859,18686.10713312434,10560.436294327204,10585.821253401204,538582.2510106874,1953680.7144505328,2006482.8959221689,0.709182214077321,6.08204778788588,0.8214005239125919,1.0,1.0,5.668867027065352,8.4596119,10.395265,7.048083180995304,7.056505419913582,0.11221830983527092
FRO,0.0783443531297056,28109.81213904624,10080.616959385934,10110.677814613618,514111.46492868266,1864914.1374863975,1915317.2222833275,0.696267348229646,10.70600540801825,0.753009663256973,1.0,3.0,5.668867027065352,8.4596119,1.8334855,7.121450294024189,7.198179439860441,0.05674231502732707
MLI,0.0103635942481183,171600.5268042198,9791.130328676843,9507.824852778404,499347.646762519,1811359.110805216,1860314.7624486005,0.8480367387837288,6.487345568511782,0.8568711464896086,2.0,1.0,5.668867027065352,5.0690432,10.395265,6.334277608842673,5.83420459019087,0.008834407705879843
BLR,0.0121041315932377,141574.27277487595,9388.624116636089,9422.699563769334,478819.8299484405,1736895.4615776765,1783838.5821608568,0.889576847077341,7.572856320290619,0.9004098319726261,2.0,2.0,5.668867027065352,5.0690432,6.1409726,6.143375050838512,5.555283145797451,0.01083298489528517
TLS,0.1799255664750753,14635.449298084524,9357.87501470874,9375.316185863954,477251.6257501458,1731206.877721117,1777996.2527946609,0.58865978254159,6.871425826872688,0.7047012572795083,1.0,1.0,5.668867027065352,8.4596119,10.395265,7.791639256715176,8.630755332862035,0.11604147473791826
ERI,0.0473403159614999,28660.827019713557,6745.9929771195175,6768.079634796064,344045.6418330954,1248008.7007671108,1281738.6656527084,0.7674365976333677,6.731806062792611,,1.0,1.0,5.668867027065352,8.4596119,10.395265,6.732945562567117,6.481974204618575,
PLW,0.0769497991051351,15133.152349892927,5349.947340801477,5365.969180629999,272847.3143808753,989740.2580482732,1016489.9947522806,0.756333472075308,9.546274610466387,0.8168309669506689,1.0,3.0,5.668867027065352,8.4596119,1.8334855,6.791122126835702,6.583884118165648,0.060497494875360935
TCD,0.0153348752188689,50792.54112465636,4229.009973578656,4244.21666846144,215679.50865251143,782366.8451120513,803511.8949799447,0.776309598502505,6.306139875345975,0.788305955559942,1.0,1.0,5.668867027065352,8.4596119,10.395265,6.687055993750431,6.402914376370061,0.011996357057436957
MWI,0.0140778453365391,54637.08434135514,4190.90788460131,3631.410696867859,213736.3021146668,775317.9586512423,796272.4980742489,0.7234702344252656,6.300410915634879,0.7337271648335083,1.0,1.0,5.668867027065352,8.4596119,10.395265,6.968456212111908,6.9061274161532475,0.010256930408242715
DJI,0.012884194046638,45607.68671580564,3212.405540362531,3224.038622361432,163832.6825584891,594295.0249670682,610357.0526688809,0.823924276942207,7.668625449134449,0.83460855858402,2.0,2.0,5.668867027065352,5.0690432,6.1409726,6.449426587130758,6.012234179513669,0.01068428164181301
BRN,0.0040746555094558,139203.32881846084,3178.5798454882865,3190.3849432448774,162107.57211990262,588037.271415333,603930.1706427744,1.02830914883807,10.554031403400977,1.03250770239752,2.0,3.0,5.668867027065352,5.0690432,1.8334855,5.564841459458997,4.833656729607346,0.00419855355944998
GNQ,0.0092953986275343,61859.17698072789,3175.25561345148,2263.590432822765,161938.03628602545,587422.2884885237,603298.566555781,0.7432753943852746,9.231363284338242,0.7502166463385557,1.0,3.0,5.668867027065352,8.4596119,1.8334855,6.860644853458424,6.7081355849904005,0.006941251953281102
KIR,0.0513385846101955,10430.937047859516,2633.9077314724177,1423.2787516244632,134329.2943050933,487272.93032239727,500442.4689797594,0.6096969214300996,7.339106753513898,0.6418153003839295,1.0,1.0,5.668867027065352,8.4596119,10.395265,7.651467745826732,8.310492080904021,0.03211837895382996
VUT,0.0080413433662059,35360.07850343861,1575.7214436408815,1217.499228054192,80361.79362568495,291508.4670735631,299387.0742917675,0.6357547581983124,7.917756164897626,,1.0,2.0,5.668867027065352,8.4596119,6.1409726,7.4844012244759535,7.943037183064524,
NRU,0.0264604529904707,9801.758681573809,1365.320822364011,1370.074323588564,69631.36194056456,252584.35213734204,259410.9562491621,0.625706953505314,8.94102075984496,0.642484433907651,1.0,2.0,5.668867027065352,8.4596119,6.1409726,7.547995916323472,8.081082864341994,0.016777480402336953
FSM,0.0024110477342871,17075.78212917454,231.80383901184297,129.1568117319277,11821.99578960399,42883.71021719095,44042.72941225016,0.6646512663641719,7.901706495661057,0.6662557057067139,1.0,2.0,5.668867027065352,8.4596119,6.1409726,7.306960843477651,7.569745689943376,0.0016044393425419523
NCL,0.0,116979.89752292844,0.0,0.0,0.0,0.0,0.0,0.795702311923044,10.337174767513403,,1.0,3.0,5.668867027065352,8.4596119,1.8334855,6.588559822125434,6.237172785024988,
SWZ,-0.0031712334985917,7417.656558799533,-134.55608115427006,-135.06622975652115,-6862.3601388677735,-24892.87501353996,-25565.65541931131,0.639743303145546,8.11136396881017,0.637717741214578,1.0,2.0,5.668867027065352,8.4596119,6.1409726,7.45943512628997,7.889457170263362,-0.002025561930967923
LSO,-0.0126643594459323,3009.7244479914903,-224.02251809728872,-224.8949417733468,-11425.148422961724,-41444.16584799841,-42564.27843848486,0.629900324806211,6.832243311366954,0.621973341707209,1.0,1.0,5.668867027065352,8.4596119,10.395265,7.521331893051687,8.022929451902046,-0.007926983099002083
SLB,-0.0024211511868421,24961.678650258647,-344.9675986296837,-226.6811944010752,-17593.34753011387,-63819.005746491486,-65543.84373963991,0.6681236080229359,7.727737851580205,0.6665079364382531,1.0,2.0,5.668867027065352,8.4596119,6.1409726,7.286159987476154,7.527131166433967,-0.0016156715846827874
BWA,-0.0065344534355581,53186.8937434499,-2007.1569880481188,-1639.8126449732029,-102365.00639045406,-371324.042788902,-381359.82772914256,0.6828375349961842,8.421389207394682,0.6783901114856827,1.0,2.0,5.668867027065352,8.4596119,6.1409726,7.199200397610232,7.351580823092725,-0.004447423510501425
GUY,-0.0043428670467195,103940.47639697952,-2590.699309986216,-2531.3253122548977,-132125.664809297,-479279.3723474499,-492232.868897381,0.785928597390337,8.179237653457996,,1.0,2.0,5.668867027065352,8.4596119,6.1409726,6.637897034270732,6.319519849879115,
WSM,-0.0094488241293207,48337.45356094808,-2659.767146884137,-2670.031878080627,-135648.124491091,-492056.92217356537,-505355.75790798606,0.7493674208751346,8.09905079935695,0.742320126660806,1.0,2.0,5.668867027065352,8.4596119,6.1409726,6.828059467406415,6.649564437591077,-0.007047294214328592
BLZ,-0.0109358380212584,85238.70747184125,-5451.539061582643,-4220.173797537923,-278028.4921407148,-1008534.7263927888,-1035792.4217007022,0.7261232056992633,8.492010092354315,0.7182257015580231,1.0,2.0,5.668867027065352,8.4596119,6.1409726,6.953844490532271,6.878915219143762,-0.00789750414124013
COM,-0.0442320110562083,21147.896804680666,-6026.827999776347,-5867.8714107000615,-307368.2279885937,-1114963.179958624,-1145097.319957506,0.7382272616210667,7.059792321875411,0.7062856144405385,1.0,1.0,5.668867027065352,8.4596119,10.395265,6.887849593826644,6.757487022297483,-0.031941647180528165
ASM,-0.0839836649276788,11889.871554803389,-7250.15753679515,-7284.42685955666,-369758.0343765527,-1341279.1443071028,-1377529.9319910784,0.621674251064644,9.476898631851508,,1.0,3.0,5.668867027065352,8.4596119,1.8334855,7.573807405774958,8.13775316477659,
GNB,-0.0699772907146983,17252.34807619315,-8400.190021675851,-8438.454057147666,-428409.6911054684,-1554035.1540100323,-1596036.1041184117,0.716337619624608,6.4491439613002965,0.66792393740715,1.0,1.0,5.668867027065352,8.4596119,10.395265,7.008007657185693,6.980381263008477,-0.04841368221745801
CRI,-0.0021781151799893,902078.0894639144,-11207.47452495366,-11056.660331575347,-571581.2007726366,-2073382.787116427,-2129420.1597411954,1.1673175983109918,8.835153624223395,1.1647778131066966,3.0,2.0,5.668867027065352,4.0506768,6.1409726,5.058692281921372,4.354819586017677,-0.0025397852042952085
CYP,-0.0021885754374472,995042.9598184908,-12422.214933939384,-12465.69916495265,-633532.9616309085,-2298109.762778786,-2360220.837448483,1.0909555041737335,9.8722696608994,1.0885704766123163,3.0,3.0,5.668867027065352,4.0506768,1.8334855,5.328765517133228,4.592609240773198,-0.00238502756141723
TON,-0.1047642710604221,19754.4506607976,-16021.539127132428,-13409.970514177085,-817098.4954837539,-2963984.738519499,-3044092.434155161,0.7192895740047816,8.207564290367088,0.6477467169682155,1.0,2.0,5.668867027065352,8.4596119,6.1409726,6.991591059758391,6.949455260375922,-0.07154285703656604
BMU,-0.0367181919843681,102443.6786501124,-23705.47039906809,-23804.169923106598,-1208978.9903524723,-4385512.023827597,-4504039.375822937,0.8276304779447069,11.681679641271442,0.797792533137821,2.0,3.0,5.668867027065352,5.0690432,1.8334855,6.431510164747874,5.9840500480733025,-0.029837944806885952
HTI,-0.066070059379246,56538.11795275085,-25686.90114372364,-22511.650852028703,-1310031.9583299055,-4752076.711588873,-4880511.217307491,0.8207196686676319,7.1933404536190775,0.7682471879644208,2.0,1.0,5.668867027065352,5.0690432,10.395265,6.464983312310641,6.0368509430391954,-0.05247248070321109
ATG,-0.0402561084157138,133645.23959792283,-34259.48054761988,-34403.513049654306,-1747233.507928614,-6338003.901309678,-6509301.304047777,1.00355326076535,9.678297220288696,,2.0,3.0,5.668867027065352,5.0690432,1.8334855,5.6621207236043,4.941992441446211,
UKR,-0.5815980555726071,1375.2161958728782,-35799.623097324664,-36263.010746796215,-1825780.7779635575,-6622930.273005063,-6801928.388491686,1.0275693296387454,7.211979790866068,0.5744157071186863,2.0,1.0,5.668867027065352,5.0690432,10.395265,5.56771450656777,4.836780976156048,-0.4531536225200591
NAM,-0.0350893678395684,185916.4551542348,-40916.87611330036,-38776.65963437608,-2086760.6817783185,-7569622.080960566,-7774206.461527068,0.7551921279216006,7.992349981062747,0.7291524433457817,1.0,2.0,5.668867027065352,8.4596119,6.1409726,6.797150717060651,6.594552126942056,-0.026039684575818955
MNP,-0.1111633448172212,48729.365112959815,-42781.31733534818,-42528.33400733439,-2181847.1841027574,-7914543.707039414,-8128450.293716155,0.793737629442218,10.088577613373085,,1.0,3.0,5.668867027065352,8.4596119,1.8334855,6.598428592463135,6.253536219688975,
HND,-0.0383920746402703,224351.9078357232,-54549.0330397941,-47281.63934089681,-2782000.685029499,-10091571.112361908,-10364316.27756088,0.8072852130834801,7.084551858042848,0.7768792672466113,2.0,1.0,5.668867027065352,5.0690432,10.395265,6.530868653348181,6.142597561160732,-0.030405945836868842
AFG,-0.0609678232596485,134712.20846480946,-55618.13400936513,-45652.59029395469,-2836524.8344776216,-10289354.79173255,-10567445.461779376,0.8657760984363688,6.2687828908525365,0.8145684835884588,2.0,1.0,5.668867027065352,5.0690432,10.395265,6.251634883833378,5.71097280466286,-0.05120761484791003
CUB,-0.0139604534740027,791296.7951831333,-65168.2684456014,-64226.92154178102,-3323581.690725672,-12056129.66243626,-12381971.004664266,1.0477722850776336,8.188501602851954,,3.0,2.0,5.668867027065352,4.0506768,6.1409726,5.489990782460318,4.753877628351918,
CYM,-0.0911187248649932,96978.6325811462,-65579.16418755981,-59416.81468889343,-3344537.3735655504,-12132145.374698566,-12460041.195636366,0.9276287835414602,11.260831568248506,,2.0,3.0,5.668867027065352,5.0690432,1.8334855,5.976169478045506,5.327617096409121,
THA,-0.0011181797123407,11571739.761099149,-73584.48475702236,-60823.741177944816,-3752808.7226081407,-13613129.680049138,-13981052.10383425,1.7669860531215806,8.23399800962009,1.7650113494075583,3.0,2.0,5.668867027065352,4.0506768,6.1409726,3.403764179178037,3.782633613563587,-0.001974703714022308
PRY,-0.0772249819225498,147984.67668532068,-81282.82065830535,-80714.77697914706,-4145423.853573573,-15037321.821786491,-15443735.925078018,0.8979256812833554,8.39194121269391,0.8311932530990896,2.0,2.0,5.668867027065352,5.0690432,6.1409726,6.106084662934813,5.503163085289837,-0.06673242818426572
URY,-0.0530843408677142,277028.3623694392,-97268.67962635336,-97692.1353217202,-4960702.66094402,-17994705.73087537,-18481049.12900713,0.9264334381626002,9.241471021431476,0.8785368559631423,2.0,3.0,5.668867027065352,5.0690432,1.8334855,5.981316828443515,5.334393984584828,-0.047896582199457804
PNG,-0.0725288176065653,248292.062880225,-126272.55792404852,-46282.6803825517,-6439900.454126474,-23360423.215948977,-23991786.00556922,0.7486620273972789,7.82087283269855,,1.0,2.0,5.668867027065352,8.4596119,6.1409726,6.831818929342488,6.65629184290755,
NIC,-0.1562719352695034,96076.63184285696,-136922.8186701021,-126236.61780687331,-6983063.752175207,-25330721.45396889,-26015335.5473194,0.8937132804426977,7.1615762082639085,0.7644167105087885,2.0,1.0,5.668867027065352,5.0690432,10.395265,6.124855972146748,5.529302822303848,-0.12929656993390926
SYR,-0.1772067088741073,79392.33432422456,-137406.2913693865,-136953.71641784313,-7007720.859838712,-25420163.903336503,-26107195.36018344,0.994387411275726,7.146812530251147,,2.0,1.0,5.668867027065352,5.0690432,10.395265,5.698748263608602,4.984145345294395,
SDN,-0.0865526722966158,225347.1438197769,-142732.9344976605,-109699.76966168825,-7279379.659380686,-26405592.882067192,-27119257.55455549,0.9509481860700374,7.161046620154998,0.8721024496484678,2.0,1.0,5.668867027065352,5.0690432,10.395265,5.877057691498279,5.199999033982116,-0.07884573642156956
ZWE,-0.1017088202884701,184222.1655035127,-143681.40795693186,-134284.4976042266,-7327751.805803524,-26581060.472032394,-27299467.511817053,0.8891363809483278,7.473035773978819,0.803150254475176,2.0,1.0,5.668867027065352,5.0690432,10.395265,6.145352116815972,5.558068017889964,-0.08598612647315185
YEM,-0.2285333002704692,62789.6856607729,-166577.29232033345,-156183.73775374074,-8495441.908337006,-30816799.079261687,-31649685.540863357,0.8396032359849237,7.575583393837278,,2.0,2.0,5.668867027065352,5.0690432,6.1409726,6.374175172430924,5.895055458368718,
CUW,-0.107156602659805,228189.5331527433,-190712.3126297097,-191669.5210985951,-9726327.944115195,-35281777.8364963,-36235339.39964485,1.0458094323035,9.92906263311336,,2.0,3.0,5.668867027065352,5.0690432,1.8334855,5.497476139273415,4.7617157777182015,
BOL,-0.0717578037838242,616979.4513385281,-309714.6590168137,-113661.82677257508,-15795447.609857498,-57297211.91811053,-58845785.2131946,0.8648623499483674,7.551862950563732,0.8049760758028676,2.0,2.0,5.668867027065352,5.0690432,6.1409726,6.255850246401254,5.717166663654364,-0.05988627414549985
ECU,-0.0860012970602288,959753.036739102,-603006.9368610387,-419721.7638917002,-30753353.77991297,-111556283.31929216,-114571318.00359736,1.0267241871639992,8.317239061213131,0.942114969215234,2.0,2.0,5.668867027065352,5.0690432,6.1409726,5.570999103089752,4.84035837326217,-0.08460921794876519
VEN,-0.1422137631786706,535363.8529008762,-663515.1281489943,-417624.3049652955,-33839271.53559871,-122750298.70756394,-126067874.34830892,1.058786416467507,8.266570339865677,0.918429253663941,3.0,2.0,5.668867027065352,4.0506768,6.1409726,5.4482466715466495,4.7107369130707495,-0.14035716280356592
RUS,-0.014110823188301,15809550.819858557,-1316608.600734186,-408391.701167296,-67147038.6374435,-243572591.13582444,-250155634.13949537,1.2037537628106727,8.452518723538327,1.1868870875047817,3.0,2.0,5.668867027065352,4.0506768,6.1409726,4.935994478225018,4.260175198841581,-0.016866675305891032
GUM,-0.3423623430855732,293675.7828457025,-1751612.986703257,-1766582.3971370314,-89332262.32186611,-324048402.54010254,-332806467.47361887,1.19120824257532,10.394071042136083,,3.0,3.0,5.668867027065352,4.0506768,1.8334855,4.977816843475245,4.291495823739442,
PAK,-0.1041732161838372,2234445.783772464,-1798676.2372239854,-1587061.116724872,-91732488.09842326,-332755103.8864373,-341748485.0725572,1.0994960510390606,6.954530686459436,0.990722031657956,3.0,1.0,5.668867027065352,4.0506768,10.395265,5.297636256960963,4.563134929614616,-0.10877401938110454
BEL,-0.1017213542400902,3872224.0685524936,-3020574.78170168,-3035525.357250864,-154049313.86678565,-558806334.6148107,-573909208.5233191,1.976978596618542,10.487888362969542,1.7857676230195965,3.0,3.0,5.668867027065352,4.0506768,1.8334855,2.955491013262773,3.8895331395646022,-0.19121097359894557
ITA,-0.0361725383305376,13532905.684672393,-3080047.116585632,-2499491.506193155,-157082402.9458672,-569808716.5683419,-585208952.15127,1.6434815119905637,10.302118016755056,1.585094974824884,3.0,3.0,5.668867027065352,4.0506768,1.8334855,3.693014285715106,3.7729135891581693,-0.058386537165679764
DEU,-0.0926235431577734,22904087.65048516,-15817179.910151957,-15225678.39897869,-806676175.4177498,-2926178283.378112,-3005264182.928872,2.357950642334052,10.381144967876953,2.149358287663531,3.0,3.0,5.668867027065352,4.0506768,1.8334855,2.2520178404991675,4.282349554178106,-0.20859235467052084
