iv,item,outc,b,se,p,f,nn
A,firststage,ln_gaci_cwm,.1280484392779909,.0298253634944137,.0000176058001994,18.43219635531902,4634
A,iv,ln_co2_tot,5.668867027065352,1.118767175598622,4.03994409524e-07,18.43620074296961,4634
A,iv,ln_skm,6.06818181502328,1.255949988382711,1.35476001421e-06,18.43620074296961,4634
A,iv,ln_intensity,-.3993147879579514,.2968725983908926,.1786022363881126,18.43620074296961,4634
A,rf_placebo,ln_co2_exav,.0491223714894464,.1199394812437519,.6821290041807047,,4576
A,rf_placebo,ln_coal,.8956649336280099,.3136329443043309,.0042932006728853,,3030
A,rf_placebo,ln_cement,.6652293604713105,.232392270888172,.0042027624958606,,3476
A,rf_placebo,ln_ed_power,-.3652237851848705,.2879761216816103,.204711080506593,,4409
A,rf_placebo,ln_ed_transp_exav,.1113938315401979,.1165039116575834,.3390024559118991,,4461
A,rf_aviation,ln_co2_tot,.7258895752901829,.1558124153197405,3.18150300391e-06,,4634
A,fs_plus_gdpcycle,ln_gaci_cwm,.0053939375467613,.0308901729071271,.8613808893128996,.0304909635562994,4121
A,iv_plus_gdpcycle,ln_co2_tot,12.46275705585901,68.30411414357637,.8552218761558246,.0304984203827929,4121
A,fs_plus_oilcycle,ln_gaci_cwm,.08860932774143,.0287311292150676,.0020417726566188,9.511598126816002,4121
A,iv_plus_gdp_x_sea,ln_co2_tot,6.965499941101613,3.177385632240912,.0283642698571274,3.774036923714394,4121
A,zfs_firststage_top,ln_gaci_cwm,.0235256574637182,.0517042218441498,.6491059477814407,.20702916288047,1655
A,zfs_rf_top,ln_co2_tot,.0952948349916799,.1860021790449023,.6084187987630029,,1655
A,iv_with_controls,ln_co2_tot,4.823397654898685,1.257101400741809,.0001245869753828,11.95670449467571,4432
A,iv_post2010_excovid,ln_co2_tot,3.00519805363612,1.187353749607606,.0113736288275205,10.67279985320003,2065
B,firststage,ln_gaci_cwm,.048974570836207,.0484163098384258,.3117626231065879,1.023193816094682,4634
B,iv,ln_co2_tot,10.98011884326436,8.883148784106286,.2164356778628375,1.023416104562229,4634
B,iv,ln_skm,10.8306639305798,8.825862128685124,.2197659106990379,1.023416104562229,4634
B,iv,ln_intensity,.1494549126845162,1.199429250955882,.9008362494485384,1.023416104562229,4634
B,rf_placebo,ln_co2_exav,.2169358916043042,.2105826165107282,.3029302153365263,,4576
B,rf_placebo,ln_coal,.0660966533277221,.4461957196517674,.8822372002154699,,3030
B,rf_placebo,ln_cement,.5766103640925075,.440536318522652,.1905740891075453,,3476
B,rf_placebo,ln_ed_power,-.513131979162196,.5897497446077596,.384254350367459,,4409
B,rf_placebo,ln_ed_transp_exav,.4705773708800502,.2023137359070928,.020019705352524,,4461
B,rf_aviation,ln_co2_tot,.5377466080794279,.2588880724255163,.0377886976564693,,4634
B,fs_plus_gdpcycle,ln_gaci_cwm,-.0441100881345157,.04087893525173,.2805690040818887,1.1643316421256,4121
B,iv_plus_gdpcycle,ln_co2_tot,-3.050248324165107,4.761696533684199,.521795493619249,1.164616389409045,4121
B,fs_plus_oilcycle,ln_gaci_cwm,-.0090455645361732,.0481150478802144,.8508777014731068,.0353434962310092,4121
B,iv_plus_gdp_x_sea,ln_co2_tot,8.861958815947926,4.986102648819685,.0755136638496414,2.617640140379086,4121
B,zfs_firststage_top,ln_gaci_cwm,-.0011249101879821,.066632645357892,.9865305387008407,.0002850109786518,1655
B,zfs_rf_top,ln_co2_tot,.0268727463279221,.2753921657689859,.9222658675430275,,1655
B,iv_with_controls,ln_co2_tot,29.03890368988435,187.6594940791865,.87702430476186,.0207623396852369,4432
B,iv_post2010_excovid,ln_co2_tot,4.327442069138571,1.70980604815672,.0113752459947597,6.891776110022427,2065
C,firststage,ln_gaci_cwm,.0750441057858645,.0434186351188648,.0839192719380258,2.98731376287349,4121
C,iv,ln_co2_tot,8.469506021905701,4.447702952383319,.0568785787761399,2.988044336060778,4121
C,iv,ln_skm,8.852415340608129,4.704980688730114,.0599041035390844,2.988044336060778,4121
C,iv,ln_intensity,-.3829093187024101,.6577990302990284,.5604947142629069,2.988044336060778,4121
C,rf_placebo,ln_co2_exav,.2511776721511661,.2333210998164885,.2816893171291034,,4121
C,rf_placebo,ln_coal,.6601366444027318,.4251366092552205,.1204796259522473,,2826
C,rf_placebo,ln_cement,.8617442682612975,.442334791373297,.0513943824156179,,3240
C,rf_placebo,ln_ed_power,-.6656736737948686,.6745798976784976,.3237419807393663,,4013
C,rf_placebo,ln_ed_transp_exav,.4967717082601157,.2015846745238765,.0137268623474469,,4065
C,rf_aviation,ln_co2_tot,.6355865058619073,.2191871391829261,.0037346800958889,,4121
C,fs_plus_gdpcycle,ln_gaci_cwm,-.036154850036538,.0428021686236443,.3982802096533321,.7135124931760106,4121
C,iv_plus_gdpcycle,ln_co2_tot,-.3462917067212785,6.513940077321392,.957603122967273,.7136870314571189,4121
C,fs_plus_oilcycle,ln_gaci_cwm,.0461760298447051,.0431182531499482,.2842071732762129,1.146861210907952,4121
C,iv_plus_gdp_x_sea,ln_co2_tot,8.450478891123479,4.395834278181396,.054557531473343,3.056261284947343,4121
C,zfs_firststage_top,ln_gaci_cwm,.0336050822824737,.0751225834121904,.6546320327739363,.2001100484155242,1559
C,zfs_rf_top,ln_co2_tot,.0935209035720593,.2974267823709572,.7531919197556751,,1559
C,iv_with_controls,ln_co2_tot,7.489260525839932,8.905169524409841,.4003471193770338,.6429228215715538,4021
C,iv_post2010_excovid,ln_co2_tot,4.240319019197432,1.773637277904781,.0168141086852562,7.193338853110084,1747
AB,within_r2,adv_on_fey,.1569769444190561,,,,4634
