panel,item,stat,b,se,p,f,nn
A,ln_co2_tot,RF,.7258895752901829,.1558124153197405,3.18150300391e-06,,4634
A,ln_co2_tot,IV,5.668867027065352,1.118767175598622,4.03994409524e-07,18.43620074296961,4634
A,ln_co2_intl,RF,.7247161702795679,.1600723497890181,5.97057016196e-06,,4633
A,ln_co2_intl,IV,5.690219267512473,1.134991809844316,5.34639925383e-07,18.40942482782411,4633
A,ln_co2_exav,RF,.0491223714894464,.1199394812437519,.6821290041807047,,4576
A,ln_co2_exav,IV,.3903704313483099,.9543437367634445,.6825059474085878,17.14404062709875,4576
A,ln_oil_exav,RF,-.1147370770980806,.1097335025004717,.295746898888267,,4576
A,ln_oil_exav,IV,-.9118037448180718,.8915546331556918,.3064439707848818,17.14404062709875,4576
A,ln_coal,RF,.8956649336280099,.3136329443043309,.0042932006728853,,3030
A,ln_coal,IV,15.72245171801324,10.05562960523558,.1179239380720857,2.54642013648197,3030
A,ln_gas,RF,-.3333857641936851,.3155512490402937,.2907313471810143,,2863
A,ln_gas,IV,-4.281507898827727,4.979318695734398,.3898672250174783,3.710859188144102,2863
A,ln_cement,RF,.6652293604713105,.232392270888172,.0042027624958606,,3476
A,ln_cement,IV,6.070487396129395,2.696899971506504,.0243910437255058,8.937999373155039,3476
A,ln_ed_power,RF,-.3652237851848705,.2879761216816103,.204711080506593,,4409
A,ln_ed_power,IV,-2.956294173681828,2.506887021162346,.2382910745217725,15.34300740046285,4409
A,ln_ed_build,RF,-.1402484396947579,.1534897013110864,.3608577263894365,,4460
A,ln_ed_build,IV,-1.130258266778664,1.234900942959521,.3600539500836604,15.80452339646535,4460
A,ln_ed_indcomb,RF,.1819585000762703,.1680828046819486,.2790069957706238,,4432
A,ln_ed_indcomb,IV,1.528645292008207,1.479210649480371,.3014075734864566,14.60320130065771,4432
A,ln_ed_transp_exav,RF,.1113938315401979,.1165039116575834,.3390024559118991,,4461
A,ln_ed_transp_exav,IV,.8976536836157483,.9434011643291417,.3413465978194587,15.80658137846263,4461
A,ln_ed_agri,RF,-.4208449431845716,.2210001144588553,.056874407699189,,2667
A,ln_ed_agri,IV,-4.05557070221509,2.744112522996582,.1394299804052448,6.507260566276058,2667
B,baseline,FS,.1280484392779909,.0298253634944137,.0000176058001994,18.43219635531902,4634
B,baseline,IV,5.668867027065352,1.118767175598622,4.03994409524e-07,18.43620074296961,4634
B,plus_gdp,FS,.0053939375467613,.030890172907127,.8613808893128991,.0304909635562995,4121
B,plus_gdp,IV,12.46275705585901,68.30411414357637,.8552218761558246,.0304984203827929,4121
B,plus_oil,FS,.08860932774143,.0287311292150676,.0020417726566188,9.511598126816009,4121
B,plus_oil,IV,5.605983242982116,1.540460146434967,.0002735272352746,9.513924269669246,4121
B,plus_trade,FS,-.0112591670775421,.0305053911809561,.7120622978474614,.1362257885838462,4121
B,plus_trade,IV,3.494304404886165,10.80121904277489,.7463088929856512,.1362591037681444,4121
B,plus_all3,FS,-.0238762980795964,.028931052365895,.4092110902848211,.6810915959206216,4121
B,plus_all3,IV,4.525816917519129,5.675066781103555,.4251656990787017,.6812582442190727,4121
B,own_fey_gdp,FS,.1528181301014981,.0377574043164544,.0000517966565011,16.38119203834307,4121
B,own_fey_gdp,RF,.8870574651029947,.2060375180069036,.0000166744459293,,4121
B,own_fey_oil,FS,.1018192964501221,.0240615296194159,.0000232012161305,17.90662417367198,4121
B,own_fey_oil,RF,.6391145193124382,.1377585326836012,3.49451829224e-06,,4121
B,own_fey_trade,FS,.1523400692972428,.0368624885953518,.0000358591638242,17.07886458980625,4121
B,own_fey_trade,RF,.8898561118960657,.2020177079729256,.0000105860941439,,4121
C,sea_alone,FS,.1189482576371634,.0356479663771605,.0008476496225263,11.13388293301078,4121
C,sea_alone,RF,.5981633794785509,.1997766530702161,.0027520106328965,,4121
C,sea_alone_intl,RF,.627145082019112,.2075199089016439,.0025103094061632,,4121
C,sea_with_air,FS,.0576387656230983,.0517224450125952,.265113651508787,1.24185602838196,4121
C,sea_with_air,RF,.0789022676654458,.2948225621695495,.788986994653577,,4121
C,air_with_sea,FS,.0750441057858645,.0434186351188648,.0839192719380258,2.98731376287349,4121
C,air_with_sea,RF,.6355865058619073,.2191871391829261,.0037346800958889,,4121
C,air_with_sea,IV,8.469506021905701,4.447702952383319,.0568785787761399,2.988044336060778,4121
D,con1,FS,.2627898902541854,.0648407979696933,.0000505979056753,16.42557589656809,1453
D,con1,RF,2.223100561671469,.3923030785924512,1.45494454793e-08,,1453
D,con1_intens,RF,-.2723186772381166,.1182352388019837,.0212679375722076,,1453
D,con2,FS,.0809835092226533,.0418520852055533,.052991103914369,3.744199511089803,1526
D,con2,RF,.410508918599596,.2279262165741582,.0716933356974673,,1526
D,con2_intens,RF,-.0036363943648497,.0576178769758633,.9496771126274529,,1526
D,con3,FS,.0235256574637182,.0517042218441498,.6491059477814407,.20702916288047,1655
D,con3,RF,.0952948349916799,.1860021790449023,.6084187987630029,,1655
D,con3_intens,RF,.0432135229207876,.0451708852354398,.3387350504149773,,1655
E,c0_baseline,IV,5.668867027065352,1.118767175598622,4.03994409524e-07,18.43620074296961,4634
E,c1_gdp,IV,4.809430452538741,1.194545466432151,.0000566952642647,11.78405306829389,4634
E,c2_trade,IV,4.773287887707714,1.376309169120871,.0005239962454295,9.632489509629224,4618
E,c3_urban,IV,4.724868661110742,1.365416393793492,.0005394002696759,10.3855116520825,4618
E,c4_fdi,IV,4.823397654898685,1.257101400741809,.0001245869753828,11.95670449467571,4432
E,c5_arrivals,IV,4.876073188613123,1.460899925335176,.0008446917857297,9.797664679138846,3460
E,c0_commonsample,IV,5.990313122535863,1.311310302940116,4.91956657861e-06,18.02485687731191,3460
F,feyrer_int,FS,.1280484392779909,.0298253634944137,.0000176058001994,18.43219635531902,4634
F,feyrer_int,IV,5.668867027065352,1.118767175598622,4.03994409524e-07,18.43620074296961,4634
F,fey_th10chk,FS,.1269988519685345,.0289463529053399,.000011472056951,19.24916454657706,4623
F,fey_th10chk,IV,5.918879377527029,1.154296743647299,2.93314167343e-07,19.25335643781102,4623
F,fey_fl,FS,.1207556921513627,.0328399645153104,.0002359045591434,13.52103275201536,4121
F,fey_fl,IV,5.956661447228312,1.42786061252198,.0000302284101032,13.52433862799377,4121
F,fey_skm,FS,.1347240073956373,.0348235295470589,.0001093885846842,14.96733265044833,4121
F,fey_skm,IV,5.896414158843653,1.269861974053626,3.42804163529e-06,14.97099214498401,4121
F,fey_gaci,FS,.1229346132345805,.0322128115214941,.0001354531236147,14.56434960980213,4121
F,fey_gaci,IV,5.962352151345637,1.219244296304385,1.00732024715e-06,14.56791057547678,4121
F,fey_eff,FS,.1448401105145945,.0355558129638864,.0000462922363169,16.59420569210267,4121
F,fey_eff,IV,5.890327167938533,1.143833496318937,2.60991233619e-07,16.59826295510806,4121
F,fey_th05,FS,.2731555784215708,.0641541561405767,.0000206448337181,18.12886248675908,4623
F,fey_th05,IV,5.807473965326519,1.154593178030143,4.90767324751e-07,18.1328104097745,4623
F,fey_th15,FS,.0725012981405212,.0170946935926665,.0000222369429462,17.98742200089542,4623
F,fey_th15,IV,6.092652852126053,1.225087394006836,6.58432786272e-07,17.99133912241127,4623
G,lead3_current,RF,.5778020472176444,.1213698079293113,1.92947830107e-06,,4078
G,lead3_lead,RF,.4133058169054289,.1010468665194751,.0000430929219808,,4078
G,lead5_current,RF,.7243523796528609,.1692513333560799,.0000187108401122,,3715
G,lead5_lead,RF,.3167452187866695,.0782014553707396,.0000511356225361,,3715
G,lead3_fs_current,FS,.1055144609905783,.0260661012926754,.0000516666029581,,4078
G,lead3_fs_lead,FS,.0460498872334595,.0150236528076764,.0021755417894287,,4078
H,feyrer_plus_tourism,IV,4.955886213424977,.9042118400435488,4.23190010419e-08,18.66946608112465,4634
H,hansen_j,J,4.148578415954719,,.0416694933485026,,4634
H,tourism_alone,IV,1.165208683749315,1.617916388597262,.4714074569995156,8.259150782930377,4634
I,robust,IV,5.668867027065352,1.118767175598622,4.03994409524e-07,18.43620074296961,4634
I,cluster_country,IV,5.668867027065352,1.118767175598622,4.03994409524e-07,18.43620074296961,4634
I,cluster_twoway,IV,5.668867027065347,1.111518762302876,3.39457640169e-07,15.58308705674456,4634
