event,outcome,donors,sdid,p_placebo,placebo_sd,top_donors
NLD 2008-07-01,seat-weighted country GACI,13,0.019728301534906192,0.5384615384615384,0.0374014244354946,"DEU 0.32, AUT 0.18, LUX 0.18"
NLD 2008-07-01,unweighted country GACI,13,-0.01926988989098899,0.5384615384615384,0.028906098831845087,"BEL 0.23, ESP 0.14, HRV 0.12"
IRL 2009-03-30,seat-weighted country GACI,12,0.005605852366610468,0.9166666666666666,0.04175884618569052,"HUN 0.40, FIN 0.28, BEL 0.25"
IRL 2009-03-30,unweighted country GACI,12,-0.04046719797012751,0.25,0.029921266305776774,"BEL 0.15, ESP 0.12, HRV 0.10"
DEU 2011-01-01,seat-weighted country GACI,11,-0.00875165962979825,0.8181818181818182,0.029772065683418898,"LUX 0.22, SWE 0.17, HUN 0.15"
DEU 2011-01-01,unweighted country GACI,11,0.012797776886431252,0.2727272727272727,0.01077665205674997,"LUX 0.17, BEL 0.17, SWE 0.12"
AUT 2011-04-01,seat-weighted country GACI,12,-0.01910139991518196,0.5833333333333334,0.02802977999331581,"SWE 0.31, HUN 0.26, FIN 0.17"
AUT 2011-04-01,unweighted country GACI,12,-0.013410672930709888,0.3333333333333333,0.013338108925945462,"PRT 0.14, ESP 0.13, SWE 0.12"
NOR 2016-06-01,seat-weighted country GACI,13,-0.019367187575851312,0.38461538461538464,0.03504315937628079,"FIN 0.20, DNK 0.18, MLT 0.16"
NOR 2016-06-01,unweighted country GACI,13,-0.020572332754594136,0.3076923076923077,0.02813038608560051,"LUX 0.16, ESP 0.15, FIN 0.13"
SWE 2018-04-01,seat-weighted country GACI,13,-0.04702777341901417,0.07692307692307693,0.027668906323101757,"ISL 0.24, DNK 0.19, HRV 0.14"
SWE 2018-04-01,unweighted country GACI,13,-0.03696067524226468,0.46153846153846156,0.06175433264463547,"HRV 0.11, HUN 0.10, DNK 0.09"
GBR 2007-02-01,seat-weighted country GACI,14,-0.03268224593707952,0.2857142857142857,0.03533907852065759,"CHE 0.15, DEU 0.12, LUX 0.12"
GBR 2007-02-01,unweighted country GACI,14,-0.05586927496975165,0.0,0.012598554174701716,"IRL 0.12, PRT 0.11, DEU 0.11"
MLT 2005-08-01,seat-weighted country GACI,13,-0.052540041059548154,0.15384615384615385,0.03369091121617584,"HUN 0.23, BEL 0.17, IRL 0.15"
MLT 2005-08-01,unweighted country GACI,13,-0.02544093220738114,0.38461538461538464,0.07732069337582913,"IRL 0.10, CHE 0.09, DEU 0.09"
