table,outcome,term,b,se,p,n,clusters
M2 tax per km,ln_seats,tp,-0.0975455003060886,0.04755154744762587,0.04905162527940399,112306.0,33.0
M2 tax per km,ln_seats,tp_dose_km,-0.0008011000690194926,0.0005009023710567547,0.12023114589725714,112306.0,33.0
M2 short-haul (<1000 km),ln_seats,tp,-0.10557323096800293,0.046049967867245384,0.028818271823428665,112876.0,33.0
M2 short-haul (<1000 km),ln_seats,tp_short0,0.032383485256025794,0.031880635926530225,0.3176002787261005,112876.0,33.0
M4 flights by size,ln_fl,tp_small,-0.23743935035531033,0.08010092078071174,0.005789049822319647,112876.0,33.0
M4 flights by size,ln_fl,tp_mid,-0.052490355544805134,0.06520418702194743,0.42694240587290233,112876.0,33.0
M4 flights by size,ln_fl,tp_large,-0.07299455209564155,0.04231796646574547,0.09450278047800031,112876.0,33.0
M4 flights by size,ln_fl,bp,0.018756087865966903,0.028075589036041303,0.5090410972914412,112876.0,33.0
M4 seats per flight by size,ln_gauge,tp_small,-0.0020700807766269786,0.038719279616191,0.9577054124153976,112876.0,33.0
M4 seats per flight by size,ln_gauge,tp_mid,0.03612591924897959,0.022459750531811068,0.11786992282119546,112876.0,33.0
M4 seats per flight by size,ln_gauge,tp_large,0.024875910947700825,0.010880786085878067,0.029231466208459844,112876.0,33.0
M4 seats per flight by size,ln_gauge,bp,-0.008701319760900201,0.013398047428598667,0.5208329664164955,112876.0,33.0
"M4 service loss by size (at-risk months, LPM)",loss,tp_small,0.04439189829456836,0.021414374993062337,0.04685844678002904,105659.0,31.0
"M4 service loss by size (at-risk months, LPM)",loss,tp_mid,-0.005689938689662131,0.006653006161178503,0.39919549538740773,105659.0,31.0
"M4 service loss by size (at-risk months, LPM)",loss,tp_large,-0.0028996838446433723,0.007111870227470189,0.686371080115048,105659.0,31.0
"M4 service loss by size (at-risk months, LPM)",loss,bp,0.014557015981338139,0.008711417097447705,0.10511777647075493,105659.0,31.0
M3 LCC-type gauge (150-200 seats/flight),ln_seats,tp,-0.10239695782112904,0.04579787056809776,0.032700001133591616,112876.0,33.0
M3 LCC-type gauge (150-200 seats/flight),ln_seats,tp_lcc0,-0.05825864163456437,0.07462878207403306,0.44093153824114006,112876.0,33.0
M3 seat growth 2002-07,ln_seats,tp,-0.07841705814157592,0.04589427667198101,0.09858087810753591,99954.0,29.0
M3 seat growth 2002-07,ln_seats,tp_g0207,-0.007969818614279055,0.06853089267662915,0.9082486439000257,99954.0,29.0
M3 LCC-type x size,ln_seats,tp_small,-0.24858769193594407,0.06461384512878118,0.0005574240492129956,112876.0,33.0
M3 LCC-type x size,ln_seats,tp_mid,-0.009659487875045282,0.05505722865056878,0.8618713592494438,112876.0,33.0
M3 LCC-type x size,ln_seats,tp_large,-0.04111899829240851,0.05113191250957617,0.4274201905985191,112876.0,33.0
M3 LCC-type x size,ln_seats,bp,0.01003657467727475,0.02706772592532541,0.7133121590875375,112876.0,33.0
M3 LCC-type x size,ln_seats,tp_lcc0,-0.1214968326460809,0.05985044374659069,0.05101242011537499,112876.0,33.0
M1 transfer-taxed SDID,hub seats,"NOR 1998-04-01 per-seat tax, transfers taxed (increase)",,,,,
M1 transfer-taxed SDID,non-hub seats,"NOR 1998-04-01 per-seat tax, transfers taxed (increase)",-0.22064839198403485,0.13944072487492273,0.14285714285714285,14.0,
M1 transfer-taxed SDID,hub seats,"ITA 2013-07-01 surcharge +EUR 2, intl transfers taxed (increase)",-0.049148003129653256,0.04041514314321294,0.2727272727272727,11.0,
M1 transfer-taxed SDID,non-hub seats,"ITA 2013-07-01 surcharge +EUR 2, intl transfers taxed (increase)",-0.012827356497554312,0.08649350527823053,0.8461538461538461,13.0,
M1 transfer-taxed SDID,hub seats,FRA 2016-01-01 TAC connecting passengers exempted (cut for transfers),-0.05450677403189007,0.0406933373487634,0.2727272727272727,11.0,
M1 transfer-taxed SDID,non-hub seats,FRA 2016-01-01 TAC connecting passengers exempted (cut for transfers),-0.17325177424497515,0.17474773716039532,0.2,15.0,
M1 transfer-taxed SDID,hub seats,DEU 2011-01-01 reference: transfer-exempt increase,0.029935492446690477,0.07473737184081472,0.5555555555555556,9.0,
M1 transfer-taxed SDID,non-hub seats,DEU 2011-01-01 reference: transfer-exempt increase,-0.15501342216755376,0.19294720337698795,0.4,10.0,
M1 transfer-taxed SDID,hub seats,SWE 2018-04-01 reference: transfer-exempt increase,0.0005600778610284352,0.06621392145044101,1.0,9.0,
M1 transfer-taxed SDID,non-hub seats,SWE 2018-04-01 reference: transfer-exempt increase,-0.04697631286238857,0.19037221005586397,0.6153846153846154,13.0,
