window,outcome,bin,b,se,p,n,treated,clusters
(a) -24..+24,CO2 per seat-km,"[-24,-19]",0.009334029332660056,0.027961830072690094,0.7389156327677857,103142,14,178
(a) -24..+24,CO2 per seat-km,"[-18,-13]",0.021065404046487827,0.01464215217341698,0.1520064961610983,103142,14,178
(a) -24..+24,CO2 per seat-km,"[0,5]",-0.013377339943461733,0.011699400480920687,0.25440796534216004,103142,14,178
(a) -24..+24,CO2 per seat-km,"[6,11]",-0.008439854519364267,0.0085690348350976,0.3260054548434128,103142,14,178
(a) -24..+24,CO2 per seat-km,"[12,17]",-0.024484509519833348,0.015981240268120315,0.12728851861874113,103142,14,178
(a) -24..+24,CO2 per seat-km,"[18,24]",-0.024260215796322666,0.024658816399642854,0.3265393775670813,103142,14,178
(a) -24..+24,gauge (seats per flight),"[-24,-19]",0.06294828130269937,0.029371469899665735,0.03346442249595083,103142,14,178
(a) -24..+24,gauge (seats per flight),"[-18,-13]",0.028512190845446976,0.02402634685503599,0.23693426950851793,103142,14,178
(a) -24..+24,gauge (seats per flight),"[0,5]",0.0043918985701664245,0.02138205882520379,0.8374947899069443,103142,14,178
(a) -24..+24,gauge (seats per flight),"[6,11]",0.009202425388461713,0.019041499901263557,0.6294923770958332,103142,14,178
(a) -24..+24,gauge (seats per flight),"[12,17]",-0.0030607754386391232,0.031160181796926624,0.921863082830082,103142,14,178
(a) -24..+24,gauge (seats per flight),"[18,24]",0.01092507603655647,0.048437518145992835,0.8218117470291744,103142,14,178
(a) -24..+24,CO2,"[-24,-19]",0.13630646467612753,0.11517348780716916,0.23820277188979255,103142,14,178
(a) -24..+24,CO2,"[-18,-13]",0.07940947592743026,0.035410673611014666,0.02616826267404404,103142,14,178
(a) -24..+24,CO2,"[0,5]",-0.0624832026600075,0.030596041307037813,0.04261537788400438,103142,14,178
(a) -24..+24,CO2,"[6,11]",-0.0007693950499364151,0.027392628114745615,0.9776238730368725,103142,14,178
(a) -24..+24,CO2,"[12,17]",0.0028039695451357112,0.05100730808586892,0.9562228364247956,103142,14,178
(a) -24..+24,CO2,"[18,24]",0.09624684334604475,0.053384688773049256,0.07310616760354871,103142,14,178
(b) -24..+48,CO2 per seat-km,"[-24,-19]",0.010195662184781485,0.026494300267660253,0.7008345430227161,141436,14,176
(b) -24..+48,CO2 per seat-km,"[-18,-13]",0.01895649890287322,0.01388233703138082,0.17384476626987166,141436,14,176
(b) -24..+48,CO2 per seat-km,"[0,11]",-0.010849270007704482,0.008557305738419523,0.20654037367982792,141436,14,176
(b) -24..+48,CO2 per seat-km,"[12,23]",-0.023785371099117374,0.02050684598435088,0.24767983827610363,141436,14,176
(b) -24..+48,CO2 per seat-km,"[24,35]",-0.023821608687007792,0.02763346510584611,0.3898361496988083,141436,14,176
(b) -24..+48,CO2 per seat-km,"[36,48]",-0.02570318029348009,0.03222811439694651,0.4262188413935202,141436,14,176
(b) -24..+48,gauge (seats per flight),"[-24,-19]",0.0662018868440566,0.03399369921861298,0.05307804054451215,141436,14,176
(b) -24..+48,gauge (seats per flight),"[-18,-13]",0.025636454189273006,0.01638516536409119,0.1194800206726847,141436,14,176
(b) -24..+48,gauge (seats per flight),"[0,11]",0.006845237450194472,0.012270365357792173,0.5776478505843057,141436,14,176
(b) -24..+48,gauge (seats per flight),"[12,23]",0.005575078028766628,0.038172007031219916,0.8840488499545476,141436,14,176
(b) -24..+48,gauge (seats per flight),"[24,35]",-0.043547956339193915,0.043847319793931055,0.3219971147287557,141436,14,176
(b) -24..+48,gauge (seats per flight),"[36,48]",-0.06046070558378687,0.04248134239728154,0.15644990916282686,141436,14,176
(b) -24..+48,CO2,"[-24,-19]",0.15326966447098625,0.11705392788441997,0.1921175918095832,141436,14,176
(b) -24..+48,CO2,"[-18,-13]",0.06813466595981117,0.029513317807206667,0.022134518458212238,141436,14,176
(b) -24..+48,CO2,"[0,11]",-0.03177291464457973,0.025870640682397028,0.22104152001004307,141436,14,176
(b) -24..+48,CO2,"[12,23]",0.04581367086001494,0.04609817724694148,0.32167866313823246,141436,14,176
(b) -24..+48,CO2,"[24,35]",0.12588707699635232,0.08865747770071009,0.1574081520354822,141436,14,176
(b) -24..+48,CO2,"[36,48]",0.08325684551694161,0.09515332046171801,0.3827863907758178,141436,14,176
