level,position,shock,sample,vc,pi,se,p,F,G,n,n_units
airport-month,H_g,kz_s12_l3,"1997-2019, D12 ln seats observed","('dk', 'iso3', 't', 12)",0.10820039166559976,0.02125137653984774,7.347484718422947e-07,25.922896922782787,233,765267,3267
airport-month,H_g,kz_s12_l3,"1997-2019, D12 ln seats observed","('cl', 'iso3')",0.10820039166559976,0.0001862916726880833,0.0,337342.2842066009,233,765267,3267
airport-month,H_g,kz_s12_l3,"1997-2019, D12 ln seats observed","('cl2', 'iso3', 'year')",0.10820039166559976,0.019729483237662188,1.645049164866741e-05,30.076427232089475,23,765267,3267
airport-month,H_g,bh_neg_s12_l3,"1997-2019, D12 ln seats observed","('dk', 'iso3', 't', 12)",0.051284255955156274,0.004217892055489789,0.0,147.83497628539152,233,765267,3267
airport-month,H_g,bh_neg_s12_l3,"1997-2019, D12 ln seats observed","('cl', 'iso3')",0.051284255955156274,3.0155389397420543e-05,0.0,2892266.0267828256,233,765267,3267
airport-month,H_g,bh_neg_s12_l3,"1997-2019, D12 ln seats observed","('cl2', 'iso3', 'year')",0.051284255955156274,0.0047586885785973415,3.0417401930549204e-10,116.14313629994693,23,765267,3267
airport-month,Hub10,kz_s12_l3,"1997-2019, D12 ln seats observed","('dk', 'iso3', 't', 12)",0.10793820244079587,0.021297979675492046,8.210504676142705e-07,25.68464372443788,233,765267,3267
airport-month,Hub10,kz_s12_l3,"1997-2019, D12 ln seats observed","('cl', 'iso3')",0.10793820244079587,6.869927507726239e-05,0.0,2468573.449864538,233,765267,3267
airport-month,Hub10,kz_s12_l3,"1997-2019, D12 ln seats observed","('cl2', 'iso3', 'year')",0.10793820244079587,0.01976530482094102,1.738660513583845e-05,29.822450718835537,23,765267,3267
airport-month,Hub10,bh_neg_s12_l3,"1997-2019, D12 ln seats observed","('dk', 'iso3', 't', 12)",0.05125688882645821,0.004234657988672722,0.0,146.51018044027435,233,765267,3267
airport-month,Hub10,bh_neg_s12_l3,"1997-2019, D12 ln seats observed","('cl', 'iso3')",0.05125688882645821,8.841795160902841e-06,0.0,33606523.27302974,233,765267,3267
airport-month,Hub10,bh_neg_s12_l3,"1997-2019, D12 ln seats observed","('cl2', 'iso3', 'year')",0.05125688882645821,0.004775093099764257,3.275539839364683e-10,115.22342943236741,23,765267,3267
airport-month,H_b,kz_s12_l3,"1997-2019, D12 ln seats observed","('dk', 'iso3', 't', 12)",0.10850366760118763,0.02101062905615701,5.193143137738332e-07,26.669245296719478,233,765267,3267
airport-month,H_b,kz_s12_l3,"1997-2019, D12 ln seats observed","('cl', 'iso3')",0.10850366760118763,0.0004106442979789426,0.0,69816.3665364933,233,765267,3267
airport-month,H_b,kz_s12_l3,"1997-2019, D12 ln seats observed","('cl2', 'iso3', 'year')",0.10850366760118763,0.019524737117753713,1.3824784623750475e-05,30.882926380021612,23,765267,3267
airport-month,H_b,bh_neg_s12_l3,"1997-2019, D12 ln seats observed","('dk', 'iso3', 't', 12)",0.05131669798218747,0.004221284076612379,0.0,147.78428270937326,233,765267,3267
airport-month,H_b,bh_neg_s12_l3,"1997-2019, D12 ln seats observed","('cl', 'iso3')",0.05131669798218747,6.875245168704594e-05,0.0,557110.0948630228,233,765267,3267
airport-month,H_b,bh_neg_s12_l3,"1997-2019, D12 ln seats observed","('cl2', 'iso3', 'year')",0.05131669798218747,0.004765436521439738,3.0865487943287917e-10,115.96102069603732,23,765267,3267
country-year,H_cwm,d_kz_cum,"1997-2019, D ln seats observed","('dk', 'c', 't', 2)",0.09572278393530805,0.046125654626244635,0.049859687119103935,4.306709279019293,23,3394,150
country-year,H_cwm,d_kz_cum,"1997-2019, D ln seats observed","('cl', 'c')",0.09572278393530805,0.0001439298861586819,0.0,442311.95508915704,150,3394,150
country-year,H_cwm,d_kz_cum,"1997-2019, D ln seats observed","('cl2', 'c', 't')",0.09572278393530805,0.04396898883427578,0.04048603357477032,4.7395562876518715,23,3394,150
country-year,H_cwm,d_bh_neg_cum,"1997-2019, D ln seats observed","('dk', 'c', 't', 2)",0.049425314086678905,0.005642471497407101,1.2683403216584566e-08,76.729104178024,23,3394,150
country-year,H_cwm,d_bh_neg_cum,"1997-2019, D ln seats observed","('cl', 'c')",0.049425314086678905,1.6623386443921774e-05,0.0,8840154.872829253,150,3394,150
country-year,H_cwm,d_bh_neg_cum,"1997-2019, D ln seats observed","('cl2', 'c', 't')",0.049425314086678905,0.005836702333456003,2.267983223447345e-08,71.70736850316683,23,3394,150
country-year,H_betw,d_kz_cum,"1997-2019, D ln seats observed","('dk', 'c', 't', 2)",0.09544410948845128,0.04624363487401332,0.051014313311289916,4.259850262996123,23,3394,150
country-year,H_betw,d_kz_cum,"1997-2019, D ln seats observed","('cl', 'c')",0.09544410948845128,0.00041186567719964296,0.0,53701.57922899906,150,3394,150
country-year,H_betw,d_kz_cum,"1997-2019, D ln seats observed","('cl2', 'c', 't')",0.09544410948845128,0.04405953648911418,0.04139882982526455,4.692652688386157,23,3394,150
country-year,H_betw,d_bh_neg_cum,"1997-2019, D ln seats observed","('dk', 'c', 't', 2)",0.04944026022080382,0.005665635584418461,1.3543126176074338e-08,76.14900300343294,23,3394,150
country-year,H_betw,d_bh_neg_cum,"1997-2019, D ln seats observed","('cl', 'c')",0.04944026022080382,5.2026738324690665e-05,0.0,903042.7206863192,150,3394,150
country-year,H_betw,d_bh_neg_cum,"1997-2019, D ln seats observed","('cl2', 'c', 't')",0.04944026022080382,0.005865155938502613,2.4511381369052287e-08,71.05626397275068,23,3394,150
country-year,H_max,d_kz_cum,"1997-2019, D ln seats observed","('dk', 'c', 't', 2)",0.09567652104274575,0.04613770328967797,0.05001583770367879,4.3003005231881515,23,3394,150
country-year,H_max,d_kz_cum,"1997-2019, D ln seats observed","('cl', 'c')",0.09567652104274575,0.00012679017869054614,0.0,569428.9232819894,150,3394,150
country-year,H_max,d_kz_cum,"1997-2019, D ln seats observed","('cl2', 'c', 't')",0.09567652104274575,0.043987161982140394,0.040649596380633035,4.731064461889968,23,3394,150
country-year,H_max,d_bh_neg_cum,"1997-2019, D ln seats observed","('dk', 'c', 't', 2)",0.04942008053710994,0.005642006662102172,1.2688561978890789e-08,76.7254966529913,23,3394,150
country-year,H_max,d_bh_neg_cum,"1997-2019, D ln seats observed","('cl', 'c')",0.04942008053710994,1.28030059471452e-05,0.0,14899887.974882582,150,3394,150
country-year,H_max,d_bh_neg_cum,"1997-2019, D ln seats observed","('cl2', 'c', 't')",0.04942008053710994,0.005834642187260618,2.2584488945653902e-08,71.74281973888442,23,3394,150
