controls,outcome,term,b,se,p,n,clusters,control_airports
"(a) Europe, no event in window",ln_seats,T_pre36_25,-0.04971367629429868,0.0461838919588369,0.2900416533095673,99669,33,457
"(a) Europe, no event in window",ln_seats,T_pre24_13,-0.024796782987940993,0.021549883421313257,0.2586672308273601,99669,33,457
"(a) Europe, no event in window",ln_seats,T_post0_11,-0.12847002503175742,0.031468100695119045,0.00029025296009255186,99669,33,457
"(a) Europe, no event in window",ln_co2,T_pre36_25,-0.0632920026596054,0.04955001305176699,0.2109678321895474,99669,33,457
"(a) Europe, no event in window",ln_co2,T_pre24_13,-0.014132876115909528,0.02645301381790187,0.5969703828202682,99669,33,457
"(a) Europe, no event in window",ln_co2,T_post0_11,-0.12792615912633815,0.027509371352698164,5.837804545727465e-05,99669,33,457
"(a) Europe, no event in window",ln_gaci,T_km3,-3.9941488872733015e-05,0.00877890698149089,0.9963981141541902,10746,33,409
"(a) Europe, no event in window",ln_gaci,T_km2,0.0008615587082359147,0.002848344899013079,0.7642459422965093,10746,33,409
"(a) Europe, no event in window",ln_gaci,T_k0,-0.014766641486300995,0.005338535737610545,0.009344582268056456,10746,33,409
"(a) Europe, no event in window",ln_gaci,T_k1,-0.017402479014143234,0.003890424639911194,9.119608856944517e-05,10746,33,409
"(b) Europe, never taxed 1996-2019",ln_seats,T_pre36_25,-0.03814978707506291,0.04182512796232718,0.369222960677964,53470,31,126
"(b) Europe, never taxed 1996-2019",ln_seats,T_pre24_13,-0.0216492893142457,0.021950565830056154,0.33215612301204933,53470,31,126
"(b) Europe, never taxed 1996-2019",ln_seats,T_post0_11,-0.13574886193570448,0.02771146314382116,3.361903327947502e-05,53470,31,126
"(b) Europe, never taxed 1996-2019",ln_co2,T_pre36_25,-0.048428072344314406,0.04188922053711444,0.2570766109619842,53470,31,126
"(b) Europe, never taxed 1996-2019",ln_co2,T_pre24_13,-0.008665741285390745,0.025447019474598678,0.735904169958391,53470,31,126
"(b) Europe, never taxed 1996-2019",ln_co2,T_post0_11,-0.13226324779274592,0.02782671613036961,5.036553267001587e-05,53470,31,126
"(b) Europe, never taxed 1996-2019",ln_gaci,T_km3,0.002891193235957119,0.00795419016653337,0.7187948921680576,5817,31,121
"(b) Europe, never taxed 1996-2019",ln_gaci,T_km2,0.0035951067344110986,0.00342253319269836,0.3019122359972459,5817,31,121
"(b) Europe, never taxed 1996-2019",ln_gaci,T_k0,-0.013200472759107535,0.004274796763857281,0.004314530406666961,5817,31,121
"(b) Europe, never taxed 1996-2019",ln_gaci,T_k1,-0.016320927434112845,0.003328210665462593,3.0563451332232816e-05,5817,31,121
"(c) World, no event in window",ln_seats,T_pre36_25,0.021487692704505058,0.06122399492613505,0.7272869423665977,263290,46,2274
"(c) World, no event in window",ln_seats,T_pre24_13,0.013436993020111688,0.032267259479434054,0.679121226057287,263290,46,2274
"(c) World, no event in window",ln_seats,T_post0_11,-0.16341842526060257,0.05166242692195409,0.0028274848449083567,263290,46,2274
"(c) World, no event in window",ln_co2,T_pre36_25,-0.0026581503104944875,0.06165965480686205,0.9658088602005686,263290,46,2274
"(c) World, no event in window",ln_co2,T_pre24_13,0.014790044777141749,0.033883433304701414,0.6646100919488873,263290,46,2274
"(c) World, no event in window",ln_co2,T_post0_11,-0.15374733764203613,0.04977963308778789,0.0034782124965282435,263290,46,2274
"(c) World, no event in window",ln_gaci,T_km3,-0.0001455779089368527,0.00969701756876508,0.9880884540188934,28355,46,2016
"(c) World, no event in window",ln_gaci,T_km2,0.0013626075187388941,0.004509019121794979,0.7638950176294586,28355,46,2016
"(c) World, no event in window",ln_gaci,T_k0,-0.012849158686953695,0.0061528481870373655,0.04245725061593286,28355,46,2016
"(c) World, no event in window",ln_gaci,T_k1,-0.021940043083427504,0.008585423241246967,0.01405304344163305,28355,46,2016
