outcome,n,countries,ols_b,ols_p,kz_b,kz_se,kz_p,kz_F,bh_b,bh_se,bh_p,bh_F
CO2 (fuel burned),64191,236,0.04834362284851821,0.003059682127420471,0.008392920814800102,0.020207307003417475,0.6782713444630222,25.452623075105098,0.02634274286373415,0.018888796147143977,0.16444657174377197,146.2909812596944
flights,64191,236,0.05565557694216351,0.006761189380609878,0.016237039978753948,0.023210473330164846,0.48489611562666557,25.452623075105098,0.0384694536522573,0.027349792352333972,0.16087533959963984,146.2909812596944
gauge (seats per flight),64191,236,-0.010447931760497867,0.18508934655398357,0.002070946257685995,0.011487670916122161,0.8570916067383325,25.452623075105098,-0.011623173547624809,0.009893085702094566,0.24123241153688912,146.2909812596944
stage length (km per seat),64191,236,0.0029579471508257454,0.7279603088131759,-0.00224621693993176,0.012765607633517279,0.8604780920527619,25.452623075105098,0.004939605226690436,0.011025521878855185,0.6545547250996926,146.2909812596944
CO2 per seat-km,64191,236,0.00017803051602683812,0.9705275842671064,-0.007668848481708093,0.00806492304535608,0.3426375387578591,25.452623075105098,-0.005443142467588772,0.00628508735640417,0.3873510654604313,146.2909812596944
seats,64191,236,0.045207645181665645,0.00772999456078538,0.018307986236439946,0.020326150844505057,0.3686641559189352,25.452623075105098,0.026846280104632483,0.02079418853358662,0.19795586335872706,146.2909812596944
seat-km,64191,236,0.04816559233249138,0.001109975754145287,0.016061769296508186,0.0196488376097003,0.414504328031565,25.452623075105098,0.03178588533132292,0.016105400319756356,0.04959693022665279,146.2909812596944
airports with service,64191,236,0.008954192955564065,0.5601415118923436,-0.00731233461098515,0.017536816133965426,0.677080640454935,25.452623075105098,0.006378047816764639,0.020112681818224256,0.7514373389121958,146.2909812596944
domestic flights,41452,191,0.04205621860038043,0.0923780139848609,0.027878845382464355,0.0325939492166171,0.3934413254766602,27.17972741743231,0.02049033279925776,0.03378054627342542,0.54485907596652,143.152319619455
domestic gauge,41304,191,-0.00010596836326535584,0.9911406745161064,-0.0007714128978926625,0.015177951991476236,0.959518702809218,27.263399588207623,-0.0032714060742058963,0.012684570174405187,0.7967598423778766,143.95264445838686
domestic stage length,41300,191,0.006368701789011307,0.24412092038504118,0.0007031774936467976,0.00712470258600919,0.9214839318791248,27.261687519434986,0.012097618560850851,0.0063303297983232235,0.05750263268632949,143.90093041124334
airports with domestic service,41304,191,0.0032781421439453937,0.7759529525902527,-0.0030014749273731558,0.015150608730983084,0.8431714322305903,27.263399588207623,0.003937216647286742,0.015208810827270497,0.7960101189975808,143.95264445838686
