outcome,bin,b,se,p,n,treated_airports,treated_countries,clusters
domestic seats,"[-24,-19]",-0.08627491040273556,0.07197509995122503,0.23260886085395738,1469643,259,10,160
domestic seats,"[-18,-13]",-0.047540775945277766,0.027437837651362852,0.08528015689244839,1469643,259,10,160
domestic seats,"[0,5]",0.024704478962505695,0.02607032114765903,0.3449049680306566,1469643,259,10,160
domestic seats,"[6,11]",0.03100902561721591,0.03009448784389125,0.3045431417378617,1469643,259,10,160
domestic seats,"[12,17]",0.015815924794133334,0.04331972171123607,0.7155705660222029,1469643,259,10,160
domestic seats,"[18,24]",0.0012604237822083206,0.06713007108365103,0.9850457349679904,1469643,259,10,160
total seats,"[-24,-19]",-0.08898349369655315,0.06400095526212103,0.16617943078376762,1531613,265,14,177
total seats,"[-18,-13]",-0.04660062969865449,0.028775464023805618,0.10713943001227966,1531613,265,14,177
total seats,"[0,5]",0.026257986828822844,0.024800277210065846,0.29115186062320353,1531613,265,14,177
total seats,"[6,11]",0.028233036946698785,0.03191065038221153,0.3774970802755069,1531613,265,14,177
total seats,"[12,17]",0.01878891128533608,0.04591268353024047,0.6828674378210446,1531613,265,14,177
total seats,"[18,24]",0.0028212146562613012,0.0697717824483961,0.96779224308737,1531613,265,14,177
international seats,"[-24,-19]",-0.06776120275162718,0.03739925291250367,0.07171661719958822,554046,131,14,177
international seats,"[-18,-13]",-0.026829878177924774,0.04045011026992038,0.5080170171230811,554046,131,14,177
international seats,"[0,5]",0.0044395544340681235,0.039651473826012494,0.9109792062547544,554046,131,14,177
international seats,"[6,11]",-0.024705984533581877,0.02088716498717516,0.23847154317575736,554046,131,14,177
international seats,"[12,17]",0.004328235334731366,0.036302390222365956,0.9052312717352831,554046,131,14,177
international seats,"[18,24]",-0.0004796609467065352,0.06603143248759244,0.99421234054454,554046,131,14,177
