country_iso,country,instrument,valid_from,valid_to,band_id,band_definition,distance_rule_km,class,rate,currency,unit,exemptions,legal_basis,source_url,confidence,notes
DE,Germany,Luftverkehrsteuer (LuftVStG),2011-01-01,2011-12-31,1,"Destination country listed in Annex 1 LuftVStG (incl. domestic Germany, EU/EFTA, candidate countries, Russia, Turkey, North Africa, Near East neighbours)",<=2500 (Frankfurt to largest commercial airport of destination country),all,8.00,EUR,per departing passenger,"Children <2 without own seat; crew; flights for sovereign/military/medical purposes; residents' flights to/from domestic, Danish and Dutch North Sea islands without tide-independent road/rail link; transfer passengers originating abroad who connect in Germany within 12h (onward destination in Annex 1) / 24h (other destinations) are not taxed (LuftVStG s.1(2), s.2 no.5, s.5)","Luftverkehrsteuergesetz (LuftVStG) of 9 Dec 2010, Art. 1 Haushaltsbegleitgesetz 2011, BGBl. I 2010 S. 1885; s.11(1) original statutory rates",https://www.gesetze-im-internet.de/luftvstg/BJNR188510010.html,high,Statutory rates; tax applies to departures from German airports from 1 Jan 2011 (legal transactions concluded after 31 Aug 2010).
DE,Germany,Luftverkehrsteuer (LuftVStG),2011-01-01,2011-12-31,2,"Destination country listed in Annex 2 LuftVStG (Middle East, Central Asia, West/Central/East Africa, Pakistan, Afghanistan, Iran, Iraq, Israel, Egypt etc.)",>2500 and <=6000 (Frankfurt to largest commercial airport of destination country),all,25.00,EUR,per departing passenger,"Children <2 without own seat; crew; flights for sovereign/military/medical purposes; residents' flights to/from domestic, Danish and Dutch North Sea islands without tide-independent road/rail link; transfer passengers originating abroad who connect in Germany within 12h (onward destination in Annex 1) / 24h (other destinations) are not taxed (LuftVStG s.1(2), s.2 no.5, s.5)","Luftverkehrsteuergesetz (LuftVStG) of 9 Dec 2010, Art. 1 Haushaltsbegleitgesetz 2011, BGBl. I 2010 S. 1885; s.11(1) original statutory rates",https://www.gesetze-im-internet.de/luftvstg/BJNR188510010.html,high,Statutory rates; tax applies to departures from German airports from 1 Jan 2011 (legal transactions concluded after 31 Aug 2010).
DE,Germany,Luftverkehrsteuer (LuftVStG),2011-01-01,2011-12-31,3,Any destination country not listed in Annex 1 or Annex 2,>6000 (Frankfurt to largest commercial airport of destination country),all,45.00,EUR,per departing passenger,"Children <2 without own seat; crew; flights for sovereign/military/medical purposes; residents' flights to/from domestic, Danish and Dutch North Sea islands without tide-independent road/rail link; transfer passengers originating abroad who connect in Germany within 12h (onward destination in Annex 1) / 24h (other destinations) are not taxed (LuftVStG s.1(2), s.2 no.5, s.5)","Luftverkehrsteuergesetz (LuftVStG) of 9 Dec 2010, Art. 1 Haushaltsbegleitgesetz 2011, BGBl. I 2010 S. 1885; s.11(1) original statutory rates",https://www.gesetze-im-internet.de/luftvstg/BJNR188510010.html,high,Statutory rates; tax applies to departures from German airports from 1 Jan 2011 (legal transactions concluded after 31 Aug 2010).
DE,Germany,Luftverkehrsteuer (LuftVStG),2012-01-01,2012-12-31,1,"Destination country listed in Annex 1 LuftVStG (incl. domestic Germany, EU/EFTA, candidate countries, Russia, Turkey, North Africa, Near East neighbours)",<=2500 (Frankfurt to largest commercial airport of destination country),all,7.50,EUR,per departing passenger,"Children <2 without own seat; crew; flights for sovereign/military/medical purposes; residents' flights to/from domestic, Danish and Dutch North Sea islands without tide-independent road/rail link; transfer passengers originating abroad who connect in Germany within 12h (onward destination in Annex 1) / 24h (other destinations) are not taxed (LuftVStG s.1(2), s.2 no.5, s.5)","Luftverkehrsteuer-Absenkungsverordnung 2012 (LuftVStAbsenkV 2012) of 16 Dec 2011, based on s.11(2) LuftVStG (offset for EU ETS inclusion of aviation)",https://www.gesetze-im-internet.de/luftvstabsenkv_2012/BJNR273200011.html,high,Applied rates reduced below statutory 8/25/45 because aviation entered EU ETS; reduction mechanism in s.11(2) capped combined revenue at EUR 1bn.
DE,Germany,Luftverkehrsteuer (LuftVStG),2012-01-01,2012-12-31,2,"Destination country listed in Annex 2 LuftVStG (Middle East, Central Asia, West/Central/East Africa, Pakistan, Afghanistan, Iran, Iraq, Israel, Egypt etc.)",>2500 and <=6000 (Frankfurt to largest commercial airport of destination country),all,23.43,EUR,per departing passenger,"Children <2 without own seat; crew; flights for sovereign/military/medical purposes; residents' flights to/from domestic, Danish and Dutch North Sea islands without tide-independent road/rail link; transfer passengers originating abroad who connect in Germany within 12h (onward destination in Annex 1) / 24h (other destinations) are not taxed (LuftVStG s.1(2), s.2 no.5, s.5)","Luftverkehrsteuer-Absenkungsverordnung 2012 (LuftVStAbsenkV 2012) of 16 Dec 2011, based on s.11(2) LuftVStG (offset for EU ETS inclusion of aviation)",https://www.gesetze-im-internet.de/luftvstabsenkv_2012/BJNR273200011.html,high,Applied rates reduced below statutory 8/25/45 because aviation entered EU ETS; reduction mechanism in s.11(2) capped combined revenue at EUR 1bn.
DE,Germany,Luftverkehrsteuer (LuftVStG),2012-01-01,2012-12-31,3,Any destination country not listed in Annex 1 or Annex 2,>6000 (Frankfurt to largest commercial airport of destination country),all,42.18,EUR,per departing passenger,"Children <2 without own seat; crew; flights for sovereign/military/medical purposes; residents' flights to/from domestic, Danish and Dutch North Sea islands without tide-independent road/rail link; transfer passengers originating abroad who connect in Germany within 12h (onward destination in Annex 1) / 24h (other destinations) are not taxed (LuftVStG s.1(2), s.2 no.5, s.5)","Luftverkehrsteuer-Absenkungsverordnung 2012 (LuftVStAbsenkV 2012) of 16 Dec 2011, based on s.11(2) LuftVStG (offset for EU ETS inclusion of aviation)",https://www.gesetze-im-internet.de/luftvstabsenkv_2012/BJNR273200011.html,high,Applied rates reduced below statutory 8/25/45 because aviation entered EU ETS; reduction mechanism in s.11(2) capped combined revenue at EUR 1bn.
DE,Germany,Luftverkehrsteuer (LuftVStG),2013-01-01,2013-12-31,1,"Destination country listed in Annex 1 LuftVStG (incl. domestic Germany, EU/EFTA, candidate countries, Russia, Turkey, North Africa, Near East neighbours)",<=2500 (Frankfurt to largest commercial airport of destination country),all,7.50,EUR,per departing passenger,"Children <2 without own seat; crew; flights for sovereign/military/medical purposes; residents' flights to/from domestic, Danish and Dutch North Sea islands without tide-independent road/rail link; transfer passengers originating abroad who connect in Germany within 12h (onward destination in Annex 1) / 24h (other destinations) are not taxed (LuftVStG s.1(2), s.2 no.5, s.5)",Act of 5 Dec 2012 amending s.11(1) LuftVStG (BGBl. I 2012 S. 2436) wrote 7.50/23.43/42.18 into the statute from 1 Jan 2013,https://www.statistischebibliothek.de/mir/servlets/MCRFileNodeServlet/DEHeft_derivate_00021748/2140960157004.pdf,medium,Rates confirmed by Destatis Luftverkehrsteuer statistics; exact BGBl page of the 2012 amending act not verified via snippet.
DE,Germany,Luftverkehrsteuer (LuftVStG),2013-01-01,2013-12-31,2,"Destination country listed in Annex 2 LuftVStG (Middle East, Central Asia, West/Central/East Africa, Pakistan, Afghanistan, Iran, Iraq, Israel, Egypt etc.)",>2500 and <=6000 (Frankfurt to largest commercial airport of destination country),all,23.43,EUR,per departing passenger,"Children <2 without own seat; crew; flights for sovereign/military/medical purposes; residents' flights to/from domestic, Danish and Dutch North Sea islands without tide-independent road/rail link; transfer passengers originating abroad who connect in Germany within 12h (onward destination in Annex 1) / 24h (other destinations) are not taxed (LuftVStG s.1(2), s.2 no.5, s.5)",Act of 5 Dec 2012 amending s.11(1) LuftVStG (BGBl. I 2012 S. 2436) wrote 7.50/23.43/42.18 into the statute from 1 Jan 2013,https://www.statistischebibliothek.de/mir/servlets/MCRFileNodeServlet/DEHeft_derivate_00021748/2140960157004.pdf,medium,Rates confirmed by Destatis Luftverkehrsteuer statistics; exact BGBl page of the 2012 amending act not verified via snippet.
DE,Germany,Luftverkehrsteuer (LuftVStG),2013-01-01,2013-12-31,3,Any destination country not listed in Annex 1 or Annex 2,>6000 (Frankfurt to largest commercial airport of destination country),all,42.18,EUR,per departing passenger,"Children <2 without own seat; crew; flights for sovereign/military/medical purposes; residents' flights to/from domestic, Danish and Dutch North Sea islands without tide-independent road/rail link; transfer passengers originating abroad who connect in Germany within 12h (onward destination in Annex 1) / 24h (other destinations) are not taxed (LuftVStG s.1(2), s.2 no.5, s.5)",Act of 5 Dec 2012 amending s.11(1) LuftVStG (BGBl. I 2012 S. 2436) wrote 7.50/23.43/42.18 into the statute from 1 Jan 2013,https://www.statistischebibliothek.de/mir/servlets/MCRFileNodeServlet/DEHeft_derivate_00021748/2140960157004.pdf,medium,Rates confirmed by Destatis Luftverkehrsteuer statistics; exact BGBl page of the 2012 amending act not verified via snippet.
DE,Germany,Luftverkehrsteuer (LuftVStG),2014-01-01,2014-12-31,1,"Destination country listed in Annex 1 LuftVStG (incl. domestic Germany, EU/EFTA, candidate countries, Russia, Turkey, North Africa, Near East neighbours)",<=2500 (Frankfurt to largest commercial airport of destination country),all,7.50,EUR,per departing passenger,"Children <2 without own seat; crew; flights for sovereign/military/medical purposes; residents' flights to/from domestic, Danish and Dutch North Sea islands without tide-independent road/rail link; transfer passengers originating abroad who connect in Germany within 12h (onward destination in Annex 1) / 24h (other destinations) are not taxed (LuftVStG s.1(2), s.2 no.5, s.5)",Luftverkehrsteuer-Festlegungsverordnung 2014 (LuftVStFestV 2014) of 19 Dec 2013,https://www.gesetze-im-internet.de/luftvstfestv_2014/BJNR438300013.html,high,
DE,Germany,Luftverkehrsteuer (LuftVStG),2014-01-01,2014-12-31,2,"Destination country listed in Annex 2 LuftVStG (Middle East, Central Asia, West/Central/East Africa, Pakistan, Afghanistan, Iran, Iraq, Israel, Egypt etc.)",>2500 and <=6000 (Frankfurt to largest commercial airport of destination country),all,23.43,EUR,per departing passenger,"Children <2 without own seat; crew; flights for sovereign/military/medical purposes; residents' flights to/from domestic, Danish and Dutch North Sea islands without tide-independent road/rail link; transfer passengers originating abroad who connect in Germany within 12h (onward destination in Annex 1) / 24h (other destinations) are not taxed (LuftVStG s.1(2), s.2 no.5, s.5)",Luftverkehrsteuer-Festlegungsverordnung 2014 (LuftVStFestV 2014) of 19 Dec 2013,https://www.gesetze-im-internet.de/luftvstfestv_2014/BJNR438300013.html,high,
DE,Germany,Luftverkehrsteuer (LuftVStG),2014-01-01,2014-12-31,3,Any destination country not listed in Annex 1 or Annex 2,>6000 (Frankfurt to largest commercial airport of destination country),all,42.18,EUR,per departing passenger,"Children <2 without own seat; crew; flights for sovereign/military/medical purposes; residents' flights to/from domestic, Danish and Dutch North Sea islands without tide-independent road/rail link; transfer passengers originating abroad who connect in Germany within 12h (onward destination in Annex 1) / 24h (other destinations) are not taxed (LuftVStG s.1(2), s.2 no.5, s.5)",Luftverkehrsteuer-Festlegungsverordnung 2014 (LuftVStFestV 2014) of 19 Dec 2013,https://www.gesetze-im-internet.de/luftvstfestv_2014/BJNR438300013.html,high,
DE,Germany,Luftverkehrsteuer (LuftVStG),2015-01-01,2015-12-31,1,"Destination country listed in Annex 1 LuftVStG (incl. domestic Germany, EU/EFTA, candidate countries, Russia, Turkey, North Africa, Near East neighbours)",<=2500 (Frankfurt to largest commercial airport of destination country),all,7.50,EUR,per departing passenger,"Children <2 without own seat; crew; flights for sovereign/military/medical purposes; residents' flights to/from domestic, Danish and Dutch North Sea islands without tide-independent road/rail link; transfer passengers originating abroad who connect in Germany within 12h (onward destination in Annex 1) / 24h (other destinations) are not taxed (LuftVStG s.1(2), s.2 no.5, s.5)",Luftverkehrsteuer-Festlegungsverordnung 2015 (LuftVStFestV 2015),https://www.gesetze-im-internet.de/luftvstfestv_2015/BJNR182200014.html,high,
DE,Germany,Luftverkehrsteuer (LuftVStG),2015-01-01,2015-12-31,2,"Destination country listed in Annex 2 LuftVStG (Middle East, Central Asia, West/Central/East Africa, Pakistan, Afghanistan, Iran, Iraq, Israel, Egypt etc.)",>2500 and <=6000 (Frankfurt to largest commercial airport of destination country),all,23.43,EUR,per departing passenger,"Children <2 without own seat; crew; flights for sovereign/military/medical purposes; residents' flights to/from domestic, Danish and Dutch North Sea islands without tide-independent road/rail link; transfer passengers originating abroad who connect in Germany within 12h (onward destination in Annex 1) / 24h (other destinations) are not taxed (LuftVStG s.1(2), s.2 no.5, s.5)",Luftverkehrsteuer-Festlegungsverordnung 2015 (LuftVStFestV 2015),https://www.gesetze-im-internet.de/luftvstfestv_2015/BJNR182200014.html,high,
DE,Germany,Luftverkehrsteuer (LuftVStG),2015-01-01,2015-12-31,3,Any destination country not listed in Annex 1 or Annex 2,>6000 (Frankfurt to largest commercial airport of destination country),all,42.18,EUR,per departing passenger,"Children <2 without own seat; crew; flights for sovereign/military/medical purposes; residents' flights to/from domestic, Danish and Dutch North Sea islands without tide-independent road/rail link; transfer passengers originating abroad who connect in Germany within 12h (onward destination in Annex 1) / 24h (other destinations) are not taxed (LuftVStG s.1(2), s.2 no.5, s.5)",Luftverkehrsteuer-Festlegungsverordnung 2015 (LuftVStFestV 2015),https://www.gesetze-im-internet.de/luftvstfestv_2015/BJNR182200014.html,high,
DE,Germany,Luftverkehrsteuer (LuftVStG),2016-01-01,2016-12-31,1,"Destination country listed in Annex 1 LuftVStG (incl. domestic Germany, EU/EFTA, candidate countries, Russia, Turkey, North Africa, Near East neighbours)",<=2500 (Frankfurt to largest commercial airport of destination country),all,7.38,EUR,per departing passenger,"Children <2 without own seat; crew; flights for sovereign/military/medical purposes; residents' flights to/from domestic, Danish and Dutch North Sea islands without tide-independent road/rail link; transfer passengers originating abroad who connect in Germany within 12h (onward destination in Annex 1) / 24h (other destinations) are not taxed (LuftVStG s.1(2), s.2 no.5, s.5)",Luftverkehrsteuer-Festlegungsverordnung 2016 (LuftVStFestV 2016),https://www.gesetze-im-internet.de/luftvstfestv_2016/BJNR197800015.html,high,
DE,Germany,Luftverkehrsteuer (LuftVStG),2016-01-01,2016-12-31,2,"Destination country listed in Annex 2 LuftVStG (Middle East, Central Asia, West/Central/East Africa, Pakistan, Afghanistan, Iran, Iraq, Israel, Egypt etc.)",>2500 and <=6000 (Frankfurt to largest commercial airport of destination country),all,23.05,EUR,per departing passenger,"Children <2 without own seat; crew; flights for sovereign/military/medical purposes; residents' flights to/from domestic, Danish and Dutch North Sea islands without tide-independent road/rail link; transfer passengers originating abroad who connect in Germany within 12h (onward destination in Annex 1) / 24h (other destinations) are not taxed (LuftVStG s.1(2), s.2 no.5, s.5)",Luftverkehrsteuer-Festlegungsverordnung 2016 (LuftVStFestV 2016),https://www.gesetze-im-internet.de/luftvstfestv_2016/BJNR197800015.html,high,
DE,Germany,Luftverkehrsteuer (LuftVStG),2016-01-01,2016-12-31,3,Any destination country not listed in Annex 1 or Annex 2,>6000 (Frankfurt to largest commercial airport of destination country),all,41.49,EUR,per departing passenger,"Children <2 without own seat; crew; flights for sovereign/military/medical purposes; residents' flights to/from domestic, Danish and Dutch North Sea islands without tide-independent road/rail link; transfer passengers originating abroad who connect in Germany within 12h (onward destination in Annex 1) / 24h (other destinations) are not taxed (LuftVStG s.1(2), s.2 no.5, s.5)",Luftverkehrsteuer-Festlegungsverordnung 2016 (LuftVStFestV 2016),https://www.gesetze-im-internet.de/luftvstfestv_2016/BJNR197800015.html,high,
DE,Germany,Luftverkehrsteuer (LuftVStG),2017-01-01,2017-12-31,1,"Destination country listed in Annex 1 LuftVStG (incl. domestic Germany, EU/EFTA, candidate countries, Russia, Turkey, North Africa, Near East neighbours)",<=2500 (Frankfurt to largest commercial airport of destination country),all,7.47,EUR,per departing passenger,"Children <2 without own seat; crew; flights for sovereign/military/medical purposes; residents' flights to/from domestic, Danish and Dutch North Sea islands without tide-independent road/rail link; transfer passengers originating abroad who connect in Germany within 12h (onward destination in Annex 1) / 24h (other destinations) are not taxed (LuftVStG s.1(2), s.2 no.5, s.5)",Luftverkehrsteuer-Absenkungsverordnung 2017 (LuftVStAbsenkV 2017),https://umwelt-online.de/recht/allgemei/steuer/luftvstfestv2016.htm,high,Rates per Destatis table and LuftVStAbsenkV 2017; gesetze-im-internet page for the 2017 ordinance not surfaced in snippets.
DE,Germany,Luftverkehrsteuer (LuftVStG),2017-01-01,2017-12-31,2,"Destination country listed in Annex 2 LuftVStG (Middle East, Central Asia, West/Central/East Africa, Pakistan, Afghanistan, Iran, Iraq, Israel, Egypt etc.)",>2500 and <=6000 (Frankfurt to largest commercial airport of destination country),all,23.32,EUR,per departing passenger,"Children <2 without own seat; crew; flights for sovereign/military/medical purposes; residents' flights to/from domestic, Danish and Dutch North Sea islands without tide-independent road/rail link; transfer passengers originating abroad who connect in Germany within 12h (onward destination in Annex 1) / 24h (other destinations) are not taxed (LuftVStG s.1(2), s.2 no.5, s.5)",Luftverkehrsteuer-Absenkungsverordnung 2017 (LuftVStAbsenkV 2017),https://umwelt-online.de/recht/allgemei/steuer/luftvstfestv2016.htm,high,Rates per Destatis table and LuftVStAbsenkV 2017; gesetze-im-internet page for the 2017 ordinance not surfaced in snippets.
DE,Germany,Luftverkehrsteuer (LuftVStG),2017-01-01,2017-12-31,3,Any destination country not listed in Annex 1 or Annex 2,>6000 (Frankfurt to largest commercial airport of destination country),all,41.99,EUR,per departing passenger,"Children <2 without own seat; crew; flights for sovereign/military/medical purposes; residents' flights to/from domestic, Danish and Dutch North Sea islands without tide-independent road/rail link; transfer passengers originating abroad who connect in Germany within 12h (onward destination in Annex 1) / 24h (other destinations) are not taxed (LuftVStG s.1(2), s.2 no.5, s.5)",Luftverkehrsteuer-Absenkungsverordnung 2017 (LuftVStAbsenkV 2017),https://umwelt-online.de/recht/allgemei/steuer/luftvstfestv2016.htm,high,Rates per Destatis table and LuftVStAbsenkV 2017; gesetze-im-internet page for the 2017 ordinance not surfaced in snippets.
DE,Germany,Luftverkehrsteuer (LuftVStG),2018-01-01,2018-12-31,1,"Destination country listed in Annex 1 LuftVStG (incl. domestic Germany, EU/EFTA, candidate countries, Russia, Turkey, North Africa, Near East neighbours)",<=2500 (Frankfurt to largest commercial airport of destination country),all,7.46,EUR,per departing passenger,"Children <2 without own seat; crew; flights for sovereign/military/medical purposes; residents' flights to/from domestic, Danish and Dutch North Sea islands without tide-independent road/rail link; transfer passengers originating abroad who connect in Germany within 12h (onward destination in Annex 1) / 24h (other destinations) are not taxed (LuftVStG s.1(2), s.2 no.5, s.5)",Luftverkehrsteuer-Absenkungsverordnung 2018 (LuftVStAbsenkV 2018),https://www.statistischebibliothek.de/mir/servlets/MCRFileNodeServlet/DEHeft_derivate_00055444/2140960197004.pdf,high,Rates per Destatis table and LuftVStAbsenkV 2018.
DE,Germany,Luftverkehrsteuer (LuftVStG),2018-01-01,2018-12-31,2,"Destination country listed in Annex 2 LuftVStG (Middle East, Central Asia, West/Central/East Africa, Pakistan, Afghanistan, Iran, Iraq, Israel, Egypt etc.)",>2500 and <=6000 (Frankfurt to largest commercial airport of destination country),all,23.31,EUR,per departing passenger,"Children <2 without own seat; crew; flights for sovereign/military/medical purposes; residents' flights to/from domestic, Danish and Dutch North Sea islands without tide-independent road/rail link; transfer passengers originating abroad who connect in Germany within 12h (onward destination in Annex 1) / 24h (other destinations) are not taxed (LuftVStG s.1(2), s.2 no.5, s.5)",Luftverkehrsteuer-Absenkungsverordnung 2018 (LuftVStAbsenkV 2018),https://www.statistischebibliothek.de/mir/servlets/MCRFileNodeServlet/DEHeft_derivate_00055444/2140960197004.pdf,high,Rates per Destatis table and LuftVStAbsenkV 2018.
DE,Germany,Luftverkehrsteuer (LuftVStG),2018-01-01,2018-12-31,3,Any destination country not listed in Annex 1 or Annex 2,>6000 (Frankfurt to largest commercial airport of destination country),all,41.97,EUR,per departing passenger,"Children <2 without own seat; crew; flights for sovereign/military/medical purposes; residents' flights to/from domestic, Danish and Dutch North Sea islands without tide-independent road/rail link; transfer passengers originating abroad who connect in Germany within 12h (onward destination in Annex 1) / 24h (other destinations) are not taxed (LuftVStG s.1(2), s.2 no.5, s.5)",Luftverkehrsteuer-Absenkungsverordnung 2018 (LuftVStAbsenkV 2018),https://www.statistischebibliothek.de/mir/servlets/MCRFileNodeServlet/DEHeft_derivate_00055444/2140960197004.pdf,high,Rates per Destatis table and LuftVStAbsenkV 2018.
DE,Germany,Luftverkehrsteuer (LuftVStG),2019-01-01,2019-12-31,1,"Destination country listed in Annex 1 LuftVStG (incl. domestic Germany, EU/EFTA, candidate countries, Russia, Turkey, North Africa, Near East neighbours)",<=2500 (Frankfurt to largest commercial airport of destination country),all,7.38,EUR,per departing passenger,"Children <2 without own seat; crew; flights for sovereign/military/medical purposes; residents' flights to/from domestic, Danish and Dutch North Sea islands without tide-independent road/rail link; transfer passengers originating abroad who connect in Germany within 12h (onward destination in Annex 1) / 24h (other destinations) are not taxed (LuftVStG s.1(2), s.2 no.5, s.5)",Luftverkehrsteuer-Absenkungsverordnung 2019 (LuftVStAbsenkV 2019) of 27 Nov 2018,https://www.gesetze-im-internet.de/luftvstabsenkv_2019/BJNR224400018.html,high,
DE,Germany,Luftverkehrsteuer (LuftVStG),2019-01-01,2019-12-31,2,"Destination country listed in Annex 2 LuftVStG (Middle East, Central Asia, West/Central/East Africa, Pakistan, Afghanistan, Iran, Iraq, Israel, Egypt etc.)",>2500 and <=6000 (Frankfurt to largest commercial airport of destination country),all,23.05,EUR,per departing passenger,"Children <2 without own seat; crew; flights for sovereign/military/medical purposes; residents' flights to/from domestic, Danish and Dutch North Sea islands without tide-independent road/rail link; transfer passengers originating abroad who connect in Germany within 12h (onward destination in Annex 1) / 24h (other destinations) are not taxed (LuftVStG s.1(2), s.2 no.5, s.5)",Luftverkehrsteuer-Absenkungsverordnung 2019 (LuftVStAbsenkV 2019) of 27 Nov 2018,https://www.gesetze-im-internet.de/luftvstabsenkv_2019/BJNR224400018.html,high,
DE,Germany,Luftverkehrsteuer (LuftVStG),2019-01-01,2019-12-31,3,Any destination country not listed in Annex 1 or Annex 2,>6000 (Frankfurt to largest commercial airport of destination country),all,41.49,EUR,per departing passenger,"Children <2 without own seat; crew; flights for sovereign/military/medical purposes; residents' flights to/from domestic, Danish and Dutch North Sea islands without tide-independent road/rail link; transfer passengers originating abroad who connect in Germany within 12h (onward destination in Annex 1) / 24h (other destinations) are not taxed (LuftVStG s.1(2), s.2 no.5, s.5)",Luftverkehrsteuer-Absenkungsverordnung 2019 (LuftVStAbsenkV 2019) of 27 Nov 2018,https://www.gesetze-im-internet.de/luftvstabsenkv_2019/BJNR224400018.html,high,
DE,Germany,Luftverkehrsteuer (LuftVStG),2020-01-01,2020-03-31,1,"Destination country listed in Annex 1 LuftVStG (incl. domestic Germany, EU/EFTA, candidate countries, Russia, Turkey, North Africa, Near East neighbours)",<=2500 (Frankfurt to largest commercial airport of destination country),all,7.37,EUR,per departing passenger,"Children <2 without own seat; crew; flights for sovereign/military/medical purposes; residents' flights to/from domestic, Danish and Dutch North Sea islands without tide-independent road/rail link; transfer passengers originating abroad who connect in Germany within 12h (onward destination in Annex 1) / 24h (other destinations) are not taxed (LuftVStG s.1(2), s.2 no.5, s.5)","Luftverkehrsteuer-Absenkungsverordnung 2020 (first version) of 29 Nov 2019, valid 1 Jan-31 Mar 2020",https://www.haufe.de/id/norm/luftverkehrsteuer-absenkungsverordnung-2020-bis-31032020-1-steuersaetze-2020-HI13563622_p1.html,high,
DE,Germany,Luftverkehrsteuer (LuftVStG),2020-01-01,2020-03-31,2,"Destination country listed in Annex 2 LuftVStG (Middle East, Central Asia, West/Central/East Africa, Pakistan, Afghanistan, Iran, Iraq, Israel, Egypt etc.)",>2500 and <=6000 (Frankfurt to largest commercial airport of destination country),all,23.01,EUR,per departing passenger,"Children <2 without own seat; crew; flights for sovereign/military/medical purposes; residents' flights to/from domestic, Danish and Dutch North Sea islands without tide-independent road/rail link; transfer passengers originating abroad who connect in Germany within 12h (onward destination in Annex 1) / 24h (other destinations) are not taxed (LuftVStG s.1(2), s.2 no.5, s.5)","Luftverkehrsteuer-Absenkungsverordnung 2020 (first version) of 29 Nov 2019, valid 1 Jan-31 Mar 2020",https://www.haufe.de/id/norm/luftverkehrsteuer-absenkungsverordnung-2020-bis-31032020-1-steuersaetze-2020-HI13563622_p1.html,high,
DE,Germany,Luftverkehrsteuer (LuftVStG),2020-01-01,2020-03-31,3,Any destination country not listed in Annex 1 or Annex 2,>6000 (Frankfurt to largest commercial airport of destination country),all,41.43,EUR,per departing passenger,"Children <2 without own seat; crew; flights for sovereign/military/medical purposes; residents' flights to/from domestic, Danish and Dutch North Sea islands without tide-independent road/rail link; transfer passengers originating abroad who connect in Germany within 12h (onward destination in Annex 1) / 24h (other destinations) are not taxed (LuftVStG s.1(2), s.2 no.5, s.5)","Luftverkehrsteuer-Absenkungsverordnung 2020 (first version) of 29 Nov 2019, valid 1 Jan-31 Mar 2020",https://www.haufe.de/id/norm/luftverkehrsteuer-absenkungsverordnung-2020-bis-31032020-1-steuersaetze-2020-HI13563622_p1.html,high,
DE,Germany,Luftverkehrsteuer (LuftVStG),2020-04-01,2020-12-31,1,"Destination country listed in Annex 1 LuftVStG (incl. domestic Germany, EU/EFTA, candidate countries, Russia, Turkey, North Africa, Near East neighbours)",<=2500 (Frankfurt to largest commercial airport of destination country),all,12.90,EUR,per departing passenger,"Children <2 without own seat; crew; flights for sovereign/military/medical purposes; residents' flights to/from domestic, Danish and Dutch North Sea islands without tide-independent road/rail link; transfer passengers originating abroad who connect in Germany within 12h (onward destination in Annex 1) / 24h (other destinations) are not taxed (LuftVStG s.1(2), s.2 no.5, s.5)",Gesetz zur Aenderung des Luftverkehrsteuergesetzes of 12 Dec 2019 (BGBl. I 2019 S. 2492) raised statutory rates to 13.03/33.01/59.43 from 1 Apr 2020; applied rates set by LuftVStAbsenkV 2020 (second version) of 2 Apr 2020,https://www.gesetze-im-internet.de/luftvstabsenkv_2020_2/BJNR076200020.html,high,Statutory 13.03/33.01/59.43 (Klimaschutzprogramm 2030); applied rates slightly lower via ETS-offset ordinance.
DE,Germany,Luftverkehrsteuer (LuftVStG),2020-04-01,2020-12-31,2,"Destination country listed in Annex 2 LuftVStG (Middle East, Central Asia, West/Central/East Africa, Pakistan, Afghanistan, Iran, Iraq, Israel, Egypt etc.)",>2500 and <=6000 (Frankfurt to largest commercial airport of destination country),all,32.67,EUR,per departing passenger,"Children <2 without own seat; crew; flights for sovereign/military/medical purposes; residents' flights to/from domestic, Danish and Dutch North Sea islands without tide-independent road/rail link; transfer passengers originating abroad who connect in Germany within 12h (onward destination in Annex 1) / 24h (other destinations) are not taxed (LuftVStG s.1(2), s.2 no.5, s.5)",Gesetz zur Aenderung des Luftverkehrsteuergesetzes of 12 Dec 2019 (BGBl. I 2019 S. 2492) raised statutory rates to 13.03/33.01/59.43 from 1 Apr 2020; applied rates set by LuftVStAbsenkV 2020 (second version) of 2 Apr 2020,https://www.gesetze-im-internet.de/luftvstabsenkv_2020_2/BJNR076200020.html,high,Statutory 13.03/33.01/59.43 (Klimaschutzprogramm 2030); applied rates slightly lower via ETS-offset ordinance.
DE,Germany,Luftverkehrsteuer (LuftVStG),2020-04-01,2020-12-31,3,Any destination country not listed in Annex 1 or Annex 2,>6000 (Frankfurt to largest commercial airport of destination country),all,58.82,EUR,per departing passenger,"Children <2 without own seat; crew; flights for sovereign/military/medical purposes; residents' flights to/from domestic, Danish and Dutch North Sea islands without tide-independent road/rail link; transfer passengers originating abroad who connect in Germany within 12h (onward destination in Annex 1) / 24h (other destinations) are not taxed (LuftVStG s.1(2), s.2 no.5, s.5)",Gesetz zur Aenderung des Luftverkehrsteuergesetzes of 12 Dec 2019 (BGBl. I 2019 S. 2492) raised statutory rates to 13.03/33.01/59.43 from 1 Apr 2020; applied rates set by LuftVStAbsenkV 2020 (second version) of 2 Apr 2020,https://www.gesetze-im-internet.de/luftvstabsenkv_2020_2/BJNR076200020.html,high,Statutory 13.03/33.01/59.43 (Klimaschutzprogramm 2030); applied rates slightly lower via ETS-offset ordinance.
DE,Germany,Luftverkehrsteuer (LuftVStG),2021-01-01,2021-12-31,1,"Destination country listed in Annex 1 LuftVStG (incl. domestic Germany, EU/EFTA, candidate countries, Russia, Turkey, North Africa, Near East neighbours)",<=2500 (Frankfurt to largest commercial airport of destination country),all,12.88,EUR,per departing passenger,"Children <2 without own seat; crew; flights for sovereign/military/medical purposes; residents' flights to/from domestic, Danish and Dutch North Sea islands without tide-independent road/rail link; transfer passengers originating abroad who connect in Germany within 12h (onward destination in Annex 1) / 24h (other destinations) are not taxed (LuftVStG s.1(2), s.2 no.5, s.5)",Luftverkehrsteuer-Absenkungsverordnung 2021 (LuftVStAbsenkV 2021); statutory 13.03/33.01/59.43,https://www.gesetze-im-internet.de/luftvstabsenkv_2021/BJNR276200020.html,high,
DE,Germany,Luftverkehrsteuer (LuftVStG),2021-01-01,2021-12-31,2,"Destination country listed in Annex 2 LuftVStG (Middle East, Central Asia, West/Central/East Africa, Pakistan, Afghanistan, Iran, Iraq, Israel, Egypt etc.)",>2500 and <=6000 (Frankfurt to largest commercial airport of destination country),all,32.62,EUR,per departing passenger,"Children <2 without own seat; crew; flights for sovereign/military/medical purposes; residents' flights to/from domestic, Danish and Dutch North Sea islands without tide-independent road/rail link; transfer passengers originating abroad who connect in Germany within 12h (onward destination in Annex 1) / 24h (other destinations) are not taxed (LuftVStG s.1(2), s.2 no.5, s.5)",Luftverkehrsteuer-Absenkungsverordnung 2021 (LuftVStAbsenkV 2021); statutory 13.03/33.01/59.43,https://www.gesetze-im-internet.de/luftvstabsenkv_2021/BJNR276200020.html,high,
DE,Germany,Luftverkehrsteuer (LuftVStG),2021-01-01,2021-12-31,3,Any destination country not listed in Annex 1 or Annex 2,>6000 (Frankfurt to largest commercial airport of destination country),all,58.73,EUR,per departing passenger,"Children <2 without own seat; crew; flights for sovereign/military/medical purposes; residents' flights to/from domestic, Danish and Dutch North Sea islands without tide-independent road/rail link; transfer passengers originating abroad who connect in Germany within 12h (onward destination in Annex 1) / 24h (other destinations) are not taxed (LuftVStG s.1(2), s.2 no.5, s.5)",Luftverkehrsteuer-Absenkungsverordnung 2021 (LuftVStAbsenkV 2021); statutory 13.03/33.01/59.43,https://www.gesetze-im-internet.de/luftvstabsenkv_2021/BJNR276200020.html,high,
DE,Germany,Luftverkehrsteuer (LuftVStG),2022-01-01,2022-12-31,1,"Destination country listed in Annex 1 LuftVStG (incl. domestic Germany, EU/EFTA, candidate countries, Russia, Turkey, North Africa, Near East neighbours)",<=2500 (Frankfurt to largest commercial airport of destination country),all,12.77,EUR,per departing passenger,"Children <2 without own seat; crew; flights for sovereign/military/medical purposes; residents' flights to/from domestic, Danish and Dutch North Sea islands without tide-independent road/rail link; transfer passengers originating abroad who connect in Germany within 12h (onward destination in Annex 1) / 24h (other destinations) are not taxed (LuftVStG s.1(2), s.2 no.5, s.5)",Luftverkehrsteuer-Absenkungsverordnung 2022 (LuftVStAbsenkV 2022); statutory 13.03/33.01/59.43,https://www.gesetze-im-internet.de/luftvstabsenkv_2022/BJNR506700021.html,high,
DE,Germany,Luftverkehrsteuer (LuftVStG),2022-01-01,2022-12-31,2,"Destination country listed in Annex 2 LuftVStG (Middle East, Central Asia, West/Central/East Africa, Pakistan, Afghanistan, Iran, Iraq, Israel, Egypt etc.)",>2500 and <=6000 (Frankfurt to largest commercial airport of destination country),all,32.35,EUR,per departing passenger,"Children <2 without own seat; crew; flights for sovereign/military/medical purposes; residents' flights to/from domestic, Danish and Dutch North Sea islands without tide-independent road/rail link; transfer passengers originating abroad who connect in Germany within 12h (onward destination in Annex 1) / 24h (other destinations) are not taxed (LuftVStG s.1(2), s.2 no.5, s.5)",Luftverkehrsteuer-Absenkungsverordnung 2022 (LuftVStAbsenkV 2022); statutory 13.03/33.01/59.43,https://www.gesetze-im-internet.de/luftvstabsenkv_2022/BJNR506700021.html,high,
DE,Germany,Luftverkehrsteuer (LuftVStG),2022-01-01,2022-12-31,3,Any destination country not listed in Annex 1 or Annex 2,>6000 (Frankfurt to largest commercial airport of destination country),all,58.23,EUR,per departing passenger,"Children <2 without own seat; crew; flights for sovereign/military/medical purposes; residents' flights to/from domestic, Danish and Dutch North Sea islands without tide-independent road/rail link; transfer passengers originating abroad who connect in Germany within 12h (onward destination in Annex 1) / 24h (other destinations) are not taxed (LuftVStG s.1(2), s.2 no.5, s.5)",Luftverkehrsteuer-Absenkungsverordnung 2022 (LuftVStAbsenkV 2022); statutory 13.03/33.01/59.43,https://www.gesetze-im-internet.de/luftvstabsenkv_2022/BJNR506700021.html,high,
DE,Germany,Luftverkehrsteuer (LuftVStG),2023-01-01,2023-12-31,1,"Destination country listed in Annex 1 LuftVStG (incl. domestic Germany, EU/EFTA, candidate countries, Russia, Turkey, North Africa, Near East neighbours)",<=2500 (Frankfurt to largest commercial airport of destination country),all,12.73,EUR,per departing passenger,"Children <2 without own seat; crew; flights for sovereign/military/medical purposes; residents' flights to/from domestic, Danish and Dutch North Sea islands without tide-independent road/rail link; transfer passengers originating abroad who connect in Germany within 12h (onward destination in Annex 1) / 24h (other destinations) are not taxed (LuftVStG s.1(2), s.2 no.5, s.5)",Luftverkehrsteuer-Absenkungsverordnung 2023 (LuftVStAbsenkV 2023); statutory 13.03/33.01/59.43,https://www.gesetze-im-internet.de/luftvstabsenkv_2023/BJNR206200022.html,high,
DE,Germany,Luftverkehrsteuer (LuftVStG),2023-01-01,2023-12-31,2,"Destination country listed in Annex 2 LuftVStG (Middle East, Central Asia, West/Central/East Africa, Pakistan, Afghanistan, Iran, Iraq, Israel, Egypt etc.)",>2500 and <=6000 (Frankfurt to largest commercial airport of destination country),all,32.25,EUR,per departing passenger,"Children <2 without own seat; crew; flights for sovereign/military/medical purposes; residents' flights to/from domestic, Danish and Dutch North Sea islands without tide-independent road/rail link; transfer passengers originating abroad who connect in Germany within 12h (onward destination in Annex 1) / 24h (other destinations) are not taxed (LuftVStG s.1(2), s.2 no.5, s.5)",Luftverkehrsteuer-Absenkungsverordnung 2023 (LuftVStAbsenkV 2023); statutory 13.03/33.01/59.43,https://www.gesetze-im-internet.de/luftvstabsenkv_2023/BJNR206200022.html,high,
DE,Germany,Luftverkehrsteuer (LuftVStG),2023-01-01,2023-12-31,3,Any destination country not listed in Annex 1 or Annex 2,>6000 (Frankfurt to largest commercial airport of destination country),all,58.06,EUR,per departing passenger,"Children <2 without own seat; crew; flights for sovereign/military/medical purposes; residents' flights to/from domestic, Danish and Dutch North Sea islands without tide-independent road/rail link; transfer passengers originating abroad who connect in Germany within 12h (onward destination in Annex 1) / 24h (other destinations) are not taxed (LuftVStG s.1(2), s.2 no.5, s.5)",Luftverkehrsteuer-Absenkungsverordnung 2023 (LuftVStAbsenkV 2023); statutory 13.03/33.01/59.43,https://www.gesetze-im-internet.de/luftvstabsenkv_2023/BJNR206200022.html,high,
DE,Germany,Luftverkehrsteuer (LuftVStG),2024-01-01,2024-04-30,1,"Destination country listed in Annex 1 LuftVStG (incl. domestic Germany, EU/EFTA, candidate countries, Russia, Turkey, North Africa, Near East neighbours)",<=2500 (Frankfurt to largest commercial airport of destination country),all,12.48,EUR,per departing passenger,"Children <2 without own seat; crew; flights for sovereign/military/medical purposes; residents' flights to/from domestic, Danish and Dutch North Sea islands without tide-independent road/rail link; transfer passengers originating abroad who connect in Germany within 12h (onward destination in Annex 1) / 24h (other destinations) are not taxed (LuftVStG s.1(2), s.2 no.5, s.5)",Luftverkehrsteuer-Absenkungsverordnung 2024 (LuftVStAbsenkV 2024); statutory 13.03/33.01/59.43 until 30 Apr 2024,https://www.umwelt-online.de/recht/allgemei/steuer/luftvstabsenkv24.htm,high,
DE,Germany,Luftverkehrsteuer (LuftVStG),2024-01-01,2024-04-30,2,"Destination country listed in Annex 2 LuftVStG (Middle East, Central Asia, West/Central/East Africa, Pakistan, Afghanistan, Iran, Iraq, Israel, Egypt etc.)",>2500 and <=6000 (Frankfurt to largest commercial airport of destination country),all,31.61,EUR,per departing passenger,"Children <2 without own seat; crew; flights for sovereign/military/medical purposes; residents' flights to/from domestic, Danish and Dutch North Sea islands without tide-independent road/rail link; transfer passengers originating abroad who connect in Germany within 12h (onward destination in Annex 1) / 24h (other destinations) are not taxed (LuftVStG s.1(2), s.2 no.5, s.5)",Luftverkehrsteuer-Absenkungsverordnung 2024 (LuftVStAbsenkV 2024); statutory 13.03/33.01/59.43 until 30 Apr 2024,https://www.umwelt-online.de/recht/allgemei/steuer/luftvstabsenkv24.htm,high,
DE,Germany,Luftverkehrsteuer (LuftVStG),2024-01-01,2024-04-30,3,Any destination country not listed in Annex 1 or Annex 2,>6000 (Frankfurt to largest commercial airport of destination country),all,56.91,EUR,per departing passenger,"Children <2 without own seat; crew; flights for sovereign/military/medical purposes; residents' flights to/from domestic, Danish and Dutch North Sea islands without tide-independent road/rail link; transfer passengers originating abroad who connect in Germany within 12h (onward destination in Annex 1) / 24h (other destinations) are not taxed (LuftVStG s.1(2), s.2 no.5, s.5)",Luftverkehrsteuer-Absenkungsverordnung 2024 (LuftVStAbsenkV 2024); statutory 13.03/33.01/59.43 until 30 Apr 2024,https://www.umwelt-online.de/recht/allgemei/steuer/luftvstabsenkv24.htm,high,
DE,Germany,Luftverkehrsteuer (LuftVStG),2024-05-01,2026-06-30,1,"Destination country listed in Annex 1 LuftVStG (incl. domestic Germany, EU/EFTA, candidate countries, Russia, Turkey, North Africa, Near East neighbours)",<=2500 (Frankfurt to largest commercial airport of destination country),all,15.53,EUR,per departing passenger,"Children <2 without own seat; crew; flights for sovereign/military/medical purposes; residents' flights to/from domestic, Danish and Dutch North Sea islands without tide-independent road/rail link; transfer passengers originating abroad who connect in Germany within 12h (onward destination in Annex 1) / 24h (other destinations) are not taxed (LuftVStG s.1(2), s.2 no.5, s.5)","Zweites Haushaltsfinanzierungsgesetz 2024 (BGBl. 2024 I Nr. 107 of 27 Mar 2024), Art. 1 amending s.11(1) LuftVStG; s.11(2) rewritten so a reduction ordinance is issued only if prior-year revenue exceeds EUR 2.33bn",https://www.bundesregierung.de/breg-de/service/gesetzesvorhaben/haushaltsfinanzierungsgesetz-2252042,high,No reduction ordinance for 2025 or 2026 found; statutory rates applied unchanged (zoll.de confirms 15.53/39.34/70.83 until 30 Jun 2026).
DE,Germany,Luftverkehrsteuer (LuftVStG),2024-05-01,2026-06-30,2,"Destination country listed in Annex 2 LuftVStG (Middle East, Central Asia, West/Central/East Africa, Pakistan, Afghanistan, Iran, Iraq, Israel, Egypt etc.)",>2500 and <=6000 (Frankfurt to largest commercial airport of destination country),all,39.34,EUR,per departing passenger,"Children <2 without own seat; crew; flights for sovereign/military/medical purposes; residents' flights to/from domestic, Danish and Dutch North Sea islands without tide-independent road/rail link; transfer passengers originating abroad who connect in Germany within 12h (onward destination in Annex 1) / 24h (other destinations) are not taxed (LuftVStG s.1(2), s.2 no.5, s.5)","Zweites Haushaltsfinanzierungsgesetz 2024 (BGBl. 2024 I Nr. 107 of 27 Mar 2024), Art. 1 amending s.11(1) LuftVStG; s.11(2) rewritten so a reduction ordinance is issued only if prior-year revenue exceeds EUR 2.33bn",https://www.bundesregierung.de/breg-de/service/gesetzesvorhaben/haushaltsfinanzierungsgesetz-2252042,high,No reduction ordinance for 2025 or 2026 found; statutory rates applied unchanged (zoll.de confirms 15.53/39.34/70.83 until 30 Jun 2026).
DE,Germany,Luftverkehrsteuer (LuftVStG),2024-05-01,2026-06-30,3,Any destination country not listed in Annex 1 or Annex 2,>6000 (Frankfurt to largest commercial airport of destination country),all,70.83,EUR,per departing passenger,"Children <2 without own seat; crew; flights for sovereign/military/medical purposes; residents' flights to/from domestic, Danish and Dutch North Sea islands without tide-independent road/rail link; transfer passengers originating abroad who connect in Germany within 12h (onward destination in Annex 1) / 24h (other destinations) are not taxed (LuftVStG s.1(2), s.2 no.5, s.5)","Zweites Haushaltsfinanzierungsgesetz 2024 (BGBl. 2024 I Nr. 107 of 27 Mar 2024), Art. 1 amending s.11(1) LuftVStG; s.11(2) rewritten so a reduction ordinance is issued only if prior-year revenue exceeds EUR 2.33bn",https://www.bundesregierung.de/breg-de/service/gesetzesvorhaben/haushaltsfinanzierungsgesetz-2252042,high,No reduction ordinance for 2025 or 2026 found; statutory rates applied unchanged (zoll.de confirms 15.53/39.34/70.83 until 30 Jun 2026).
DE,Germany,Luftverkehrsteuer (LuftVStG),2026-07-01,,1,"Destination country listed in Annex 1 LuftVStG (incl. domestic Germany, EU/EFTA, candidate countries, Russia, Turkey, North Africa, Near East neighbours)",<=2500 (Frankfurt to largest commercial airport of destination country),all,13.03,EUR,per departing passenger,"Children <2 without own seat; crew; flights for sovereign/military/medical purposes; residents' flights to/from domestic, Danish and Dutch North Sea islands without tide-independent road/rail link; transfer passengers originating abroad who connect in Germany within 12h (onward destination in Annex 1) / 24h (other destinations) are not taxed (LuftVStG s.1(2), s.2 no.5, s.5)","Zweites Gesetz zur Aenderung des Luftverkehrsteuergesetzes of 18 Jun 2026 (BGBl. 2026 I Nr. 182, 24 Jun 2026), in force 1 Jul 2026",https://www.bundesregierung.de/breg-de/aktuelles/senkung-luftverkehrsteuer-2418542,high,Reversal to pre-May-2024 statutory level; Annexes 1 and 2 also amended by this act (content of annex change not verified).
DE,Germany,Luftverkehrsteuer (LuftVStG),2026-07-01,,2,"Destination country listed in Annex 2 LuftVStG (Middle East, Central Asia, West/Central/East Africa, Pakistan, Afghanistan, Iran, Iraq, Israel, Egypt etc.)",>2500 and <=6000 (Frankfurt to largest commercial airport of destination country),all,33.01,EUR,per departing passenger,"Children <2 without own seat; crew; flights for sovereign/military/medical purposes; residents' flights to/from domestic, Danish and Dutch North Sea islands without tide-independent road/rail link; transfer passengers originating abroad who connect in Germany within 12h (onward destination in Annex 1) / 24h (other destinations) are not taxed (LuftVStG s.1(2), s.2 no.5, s.5)","Zweites Gesetz zur Aenderung des Luftverkehrsteuergesetzes of 18 Jun 2026 (BGBl. 2026 I Nr. 182, 24 Jun 2026), in force 1 Jul 2026",https://www.bundesregierung.de/breg-de/aktuelles/senkung-luftverkehrsteuer-2418542,high,Reversal to pre-May-2024 statutory level; Annexes 1 and 2 also amended by this act (content of annex change not verified).
DE,Germany,Luftverkehrsteuer (LuftVStG),2026-07-01,,3,Any destination country not listed in Annex 1 or Annex 2,>6000 (Frankfurt to largest commercial airport of destination country),all,59.43,EUR,per departing passenger,"Children <2 without own seat; crew; flights for sovereign/military/medical purposes; residents' flights to/from domestic, Danish and Dutch North Sea islands without tide-independent road/rail link; transfer passengers originating abroad who connect in Germany within 12h (onward destination in Annex 1) / 24h (other destinations) are not taxed (LuftVStG s.1(2), s.2 no.5, s.5)","Zweites Gesetz zur Aenderung des Luftverkehrsteuergesetzes of 18 Jun 2026 (BGBl. 2026 I Nr. 182, 24 Jun 2026), in force 1 Jul 2026",https://www.bundesregierung.de/breg-de/aktuelles/senkung-luftverkehrsteuer-2418542,high,Reversal to pre-May-2024 statutory level; Annexes 1 and 2 also amended by this act (content of annex change not verified).
AT,Austria,Flugabgabe (FlugAbgG),2011-04-01,2012-12-31,short,"Destination airport in a country/territory listed in Annex 1 FlugAbgG (Kurzstrecke: Europe incl. Austria domestic, Russia, Turkey, Caucasus, North Africa, Near East incl. Egypt, Israel, Palestinian territories)",approx. <=2500 (Vienna-Schwechat to largest airport of destination country; great-circle),all,8.00,EUR,per departing passenger,"Children <2 without own seat; flight crew (incl. positioning); training flights and parachute jumps; exclusively military, medical or humanitarian flights; transit and transfer passengers after a scheduled stopover of <24h at a domestic airport; departures after unscheduled landing; aircraft with MTOW <=2,000 kg; state aircraft (FlugAbgG s.3)","Flugabgabegesetz (FlugAbgG), Art. 48 Budgetbegleitgesetz 2011, BGBl. I Nr. 111/2010; s.5(1) original rates; levy applies to departures after 31 Mar 2011",https://www.ris.bka.gv.at/Dokumente/Erv/ERV_2010_1_111/ERV_2010_1_111.pdf,high,Act in force 1 Jan 2011 but tax liability for departures from 1 Apr 2011.
AT,Austria,Flugabgabe (FlugAbgG),2011-04-01,2012-12-31,medium,"Destination airport in a country/territory listed in Annex 2 FlugAbgG (Mittelstrecke: Gulf states, Central Asia, Afghanistan, Pakistan, West/Central/East Africa incl. DR Congo)",approx. >2500 and <=6000 (Vienna-Schwechat to largest airport of destination country),all,20.00,EUR,per departing passenger,"Children <2 without own seat; flight crew (incl. positioning); training flights and parachute jumps; exclusively military, medical or humanitarian flights; transit and transfer passengers after a scheduled stopover of <24h at a domestic airport; departures after unscheduled landing; aircraft with MTOW <=2,000 kg; state aircraft (FlugAbgG s.3)","Flugabgabegesetz (FlugAbgG), Art. 48 Budgetbegleitgesetz 2011, BGBl. I Nr. 111/2010; s.5(1) original rates; levy applies to departures after 31 Mar 2011",https://www.ris.bka.gv.at/Dokumente/Erv/ERV_2010_1_111/ERV_2010_1_111.pdf,high,Act in force 1 Jan 2011 but tax liability for departures from 1 Apr 2011.
AT,Austria,Flugabgabe (FlugAbgG),2011-04-01,2012-12-31,long,Destination airport in any country/territory not listed in Annex 1 or 2 (Langstrecke),>6000,all,35.00,EUR,per departing passenger,"Children <2 without own seat; flight crew (incl. positioning); training flights and parachute jumps; exclusively military, medical or humanitarian flights; transit and transfer passengers after a scheduled stopover of <24h at a domestic airport; departures after unscheduled landing; aircraft with MTOW <=2,000 kg; state aircraft (FlugAbgG s.3)","Flugabgabegesetz (FlugAbgG), Art. 48 Budgetbegleitgesetz 2011, BGBl. I Nr. 111/2010; s.5(1) original rates; levy applies to departures after 31 Mar 2011",https://www.ris.bka.gv.at/Dokumente/Erv/ERV_2010_1_111/ERV_2010_1_111.pdf,high,Act in force 1 Jan 2011 but tax liability for departures from 1 Apr 2011.
AT,Austria,Flugabgabe (FlugAbgG),2013-01-01,2017-12-31,short,"Destination airport in a country/territory listed in Annex 1 FlugAbgG (Kurzstrecke: Europe incl. Austria domestic, Russia, Turkey, Caucasus, North Africa, Near East incl. Egypt, Israel, Palestinian territories)",approx. <=2500 (Vienna-Schwechat to largest airport of destination country; great-circle),all,7.00,EUR,per departing passenger,"Children <2 without own seat; flight crew (incl. positioning); training flights and parachute jumps; exclusively military, medical or humanitarian flights; transit and transfer passengers after a scheduled stopover of <24h at a domestic airport; departures after unscheduled landing; aircraft with MTOW <=2,000 kg; state aircraft (FlugAbgG s.3)","Abgabenaenderungsgesetz 2012, BGBl. I Nr. 112/2012, amending s.5 FlugAbgG and Annexes 1 and 2",https://findok.bmf.gv.at/findok/resources/pdf/0b995a40-959d-42fd-a4b8-016a78917b6a/74910.1.X.X.pdf,high,Long-haul unchanged at 35 (explicitly justified by comparison with German 42.18).
AT,Austria,Flugabgabe (FlugAbgG),2013-01-01,2017-12-31,medium,"Destination airport in a country/territory listed in Annex 2 FlugAbgG (Mittelstrecke: Gulf states, Central Asia, Afghanistan, Pakistan, West/Central/East Africa incl. DR Congo)",approx. >2500 and <=6000 (Vienna-Schwechat to largest airport of destination country),all,15.00,EUR,per departing passenger,"Children <2 without own seat; flight crew (incl. positioning); training flights and parachute jumps; exclusively military, medical or humanitarian flights; transit and transfer passengers after a scheduled stopover of <24h at a domestic airport; departures after unscheduled landing; aircraft with MTOW <=2,000 kg; state aircraft (FlugAbgG s.3)","Abgabenaenderungsgesetz 2012, BGBl. I Nr. 112/2012, amending s.5 FlugAbgG and Annexes 1 and 2",https://findok.bmf.gv.at/findok/resources/pdf/0b995a40-959d-42fd-a4b8-016a78917b6a/74910.1.X.X.pdf,high,Long-haul unchanged at 35 (explicitly justified by comparison with German 42.18).
AT,Austria,Flugabgabe (FlugAbgG),2013-01-01,2017-12-31,long,Destination airport in any country/territory not listed in Annex 1 or 2 (Langstrecke),>6000,all,35.00,EUR,per departing passenger,"Children <2 without own seat; flight crew (incl. positioning); training flights and parachute jumps; exclusively military, medical or humanitarian flights; transit and transfer passengers after a scheduled stopover of <24h at a domestic airport; departures after unscheduled landing; aircraft with MTOW <=2,000 kg; state aircraft (FlugAbgG s.3)","Abgabenaenderungsgesetz 2012, BGBl. I Nr. 112/2012, amending s.5 FlugAbgG and Annexes 1 and 2",https://findok.bmf.gv.at/findok/resources/pdf/0b995a40-959d-42fd-a4b8-016a78917b6a/74910.1.X.X.pdf,high,Long-haul unchanged at 35 (explicitly justified by comparison with German 42.18).
AT,Austria,Flugabgabe (FlugAbgG),2018-01-01,2020-08-31,short,"Destination airport in a country/territory listed in Annex 1 FlugAbgG (Kurzstrecke: Europe incl. Austria domestic, Russia, Turkey, Caucasus, North Africa, Near East incl. Egypt, Israel, Palestinian territories)",approx. <=2500 (Vienna-Schwechat to largest airport of destination country; great-circle),all,3.50,EUR,per departing passenger,"Children <2 without own seat; flight crew (incl. positioning); training flights and parachute jumps; exclusively military, medical or humanitarian flights; transit and transfer passengers after a scheduled stopover of <24h at a domestic airport; departures after unscheduled landing; aircraft with MTOW <=2,000 kg; state aircraft (FlugAbgG s.3)",Bundesgesetz BGBl. I Nr. 44/2017 amending s.5(1) and (3) FlugAbgG; halving of all three rates for departures after 31 Dec 2017,https://www.bmf.gv.at/rechtsnews/steuern-rechtsnews/archiv-gesetze-und-verordnungen/2017/flugabgabegesetz.html,high,
AT,Austria,Flugabgabe (FlugAbgG),2018-01-01,2020-08-31,medium,"Destination airport in a country/territory listed in Annex 2 FlugAbgG (Mittelstrecke: Gulf states, Central Asia, Afghanistan, Pakistan, West/Central/East Africa incl. DR Congo)",approx. >2500 and <=6000 (Vienna-Schwechat to largest airport of destination country),all,7.50,EUR,per departing passenger,"Children <2 without own seat; flight crew (incl. positioning); training flights and parachute jumps; exclusively military, medical or humanitarian flights; transit and transfer passengers after a scheduled stopover of <24h at a domestic airport; departures after unscheduled landing; aircraft with MTOW <=2,000 kg; state aircraft (FlugAbgG s.3)",Bundesgesetz BGBl. I Nr. 44/2017 amending s.5(1) and (3) FlugAbgG; halving of all three rates for departures after 31 Dec 2017,https://www.bmf.gv.at/rechtsnews/steuern-rechtsnews/archiv-gesetze-und-verordnungen/2017/flugabgabegesetz.html,high,
AT,Austria,Flugabgabe (FlugAbgG),2018-01-01,2020-08-31,long,Destination airport in any country/territory not listed in Annex 1 or 2 (Langstrecke),>6000,all,17.50,EUR,per departing passenger,"Children <2 without own seat; flight crew (incl. positioning); training flights and parachute jumps; exclusively military, medical or humanitarian flights; transit and transfer passengers after a scheduled stopover of <24h at a domestic airport; departures after unscheduled landing; aircraft with MTOW <=2,000 kg; state aircraft (FlugAbgG s.3)",Bundesgesetz BGBl. I Nr. 44/2017 amending s.5(1) and (3) FlugAbgG; halving of all three rates for departures after 31 Dec 2017,https://www.bmf.gv.at/rechtsnews/steuern-rechtsnews/archiv-gesetze-und-verordnungen/2017/flugabgabegesetz.html,high,
AT,Austria,Flugabgabe (FlugAbgG),2020-09-01,,flat,All departures from Austrian airports except those with great-circle distance departure airport to destination airport <350 km,any (>=350) - no destination-country bands since Sep 2020,all,12.00,EUR,per departing passenger,"Children <2 without own seat; flight crew (incl. positioning); training flights and parachute jumps; exclusively military, medical or humanitarian flights; transit and transfer passengers after a scheduled stopover of <24h at a domestic airport; departures after unscheduled landing; aircraft with MTOW <=2,000 kg; state aircraft (FlugAbgG s.3)","Konjunkturstaerkungsgesetz 2020 (KonStG 2020), BGBl. I Nr. 96/2020 (24 Jul 2020), amending s.5, s.10, s.16 and Annex 1 FlugAbgG; applies to departures after 31 Aug 2020",https://www.ris.bka.gv.at/Dokumente/Bundesnormen/NOR40225646/NOR40225646.html,high,Three distance classes abolished; flat EUR 12 per passenger. No indexation; unchanged through 2026 per press reports.
AT,Austria,Flugabgabe (FlugAbgG),2020-09-01,,under350,Departures where great-circle distance between Austrian departure airport and destination airport is less than 350 km (ultra-short-haul incl. most domestic routes),"<350 (airport to airport, great-circle)",higher,30.00,EUR,per departing passenger,"Children <2 without own seat; flight crew (incl. positioning); training flights and parachute jumps; exclusively military, medical or humanitarian flights; transit and transfer passengers after a scheduled stopover of <24h at a domestic airport; departures after unscheduled landing; aircraft with MTOW <=2,000 kg; state aircraft (FlugAbgG s.3)","Konjunkturstaerkungsgesetz 2020 (KonStG 2020), BGBl. I Nr. 96/2020 (24 Jul 2020), amending s.5, s.10, s.16 and Annex 1 FlugAbgG; applies to departures after 31 Aug 2020",https://www.ris.bka.gv.at/Dokumente/Bundesnormen/NOR40225646/NOR40225646.html,high,Anti-short-haul surcharge rate.
NL,Netherlands,"Vliegbelasting (Wbm hoofdstuk VII, 2008-2009)",2008-07-01,2009-06-30,1,"Destination in an EU member state, or destination at a flight distance of at most 2,500 km from the departure airport",<=2500 (from departure airport) or EU member state,all,11.25,EUR,per departing passenger,"Transfer passengers (using the Dutch airport only to connect); children under 2 years; aircraft with MTOW <=8,616 kg outside scope; cargo-only flights not taxed (passenger tax)","Belastingplan 2008 (Wet van 20 december 2007, Stb. 2007, 562) inserting Hoofdstuk VII 'Vliegbelasting' into the Wet belastingen op milieugrondslag (Wbm), in force 1 Jul 2008",https://zoek.officielebekendmakingen.nl/kst-32132-3.html,high,"Collected from airport operator, passed on to airlines."
NL,Netherlands,"Vliegbelasting (Wbm hoofdstuk VII, 2008-2009)",2008-07-01,2009-06-30,2,"All other destinations (non-EU and >2,500 km from departure airport)",>2500 and non-EU,all,45.00,EUR,per departing passenger,"Transfer passengers (using the Dutch airport only to connect); children under 2 years; aircraft with MTOW <=8,616 kg outside scope; cargo-only flights not taxed (passenger tax)","Belastingplan 2008 (Wet van 20 december 2007, Stb. 2007, 562) inserting Hoofdstuk VII 'Vliegbelasting' into the Wet belastingen op milieugrondslag (Wbm), in force 1 Jul 2008",https://zoek.officielebekendmakingen.nl/kst-32132-3.html,high,
NL,Netherlands,"Vliegbelasting (Wbm hoofdstuk VII, 2008-2009)",2009-07-01,2009-12-31,1,"Destination in an EU member state, or at most 2,500 km from departure airport",<=2500 or EU,all,0.00,EUR,per departing passenger,"Transfer passengers (using the Dutch airport only to connect); children under 2 years; aircraft with MTOW <=8,616 kg outside scope; cargo-only flights not taxed (passenger tax)","Fiscaal stimuleringspakket (Wet van 1 juli 2009, Stb. 2009, 280), Art. X setting Wbm art. 77 rates to zero from 1 Jul 2009 (KB Stb. 2009, 281); Hoofdstuk VII repealed by Belastingplan 2010 (wetsvoorstel 32132) from 1 Jan 2010",https://zoek.officielebekendmakingen.nl/stcrt-2009-10309.html,high,Zero rate as step 1 of abolition; tax formally abolished 1 Jan 2010.
NL,Netherlands,"Vliegbelasting (Wbm hoofdstuk VII, 2008-2009)",2009-07-01,2009-12-31,2,All other destinations,>2500 and non-EU,all,0.00,EUR,per departing passenger,"Transfer passengers (using the Dutch airport only to connect); children under 2 years; aircraft with MTOW <=8,616 kg outside scope; cargo-only flights not taxed (passenger tax)","Fiscaal stimuleringspakket (Wet van 1 juli 2009, Stb. 2009, 280), Art. X setting Wbm art. 77 rates to zero from 1 Jul 2009 (KB Stb. 2009, 281); Hoofdstuk VII repealed by Belastingplan 2010 (wetsvoorstel 32132) from 1 Jan 2010",https://zoek.officielebekendmakingen.nl/stcrt-2009-10309.html,high,Zero rate as step 1 of abolition; tax formally abolished 1 Jan 2010.
NL,Netherlands,"Vliegbelasting (Wet vliegbelasting / Wbm hoofdstuk VII, 2021-)",2021-01-01,2021-12-31,flat,All departing passengers from Dutch airports regardless of destination distance,any,all,7.845,EUR,per departing passenger,"Transfer passengers (overstappers) exempt; children under 2 years not counted as passengers; aircraft with MTOW <=8,616 kg outside scope until 30 Jun 2024, threshold lowered to 4,000 kg from 1 Jul 2024 (Stb. 2024, 196); cargo-aircraft tax removed from the Act before entry into force (Stb. 2020, 550)","Wet vliegbelasting (Stb. 2020, 549) as amended by Wet van 16 december 2020 (Stb. 2020, 550); entry into force 1 Jan 2021 (Besluit Stb. 2020, 552); Wbm hoofdstuk VII; annual indexation",https://zoek.officielebekendmakingen.nl/stb-2020-552.pdf,high,Base rate EUR 7.45 indexed to 7.845 for 2021; flat regardless of distance or class.
NL,Netherlands,"Vliegbelasting (Wet vliegbelasting / Wbm hoofdstuk VII, 2021-)",2022-01-01,2022-12-31,flat,All departing passengers from Dutch airports regardless of destination distance,any,all,7.947,EUR,per departing passenger,"Transfer passengers (overstappers) exempt; children under 2 years not counted as passengers; aircraft with MTOW <=8,616 kg outside scope until 30 Jun 2024, threshold lowered to 4,000 kg from 1 Jul 2024 (Stb. 2024, 196); cargo-aircraft tax removed from the Act before entry into force (Stb. 2020, 550)","Wet vliegbelasting (Stb. 2020, 549) as amended by Wet van 16 december 2020 (Stb. 2020, 550); entry into force 1 Jan 2021 (Besluit Stb. 2020, 552); Wbm hoofdstuk VII; annual indexation; indexation for 2022",https://www.belastingdienst.nl/wps/wcm/connect/bldcontentnl/belastingdienst/zakelijk/overige_belastingen/belastingen_op_milieugrondslag/vliegbelasting,high,
NL,Netherlands,"Vliegbelasting (Wet vliegbelasting / Wbm hoofdstuk VII, 2021-)",2023-01-01,2023-12-31,flat,All departing passengers from Dutch airports regardless of destination distance,any,all,26.43,EUR,per departing passenger,"Transfer passengers (overstappers) exempt; children under 2 years not counted as passengers; aircraft with MTOW <=8,616 kg outside scope until 30 Jun 2024, threshold lowered to 4,000 kg from 1 Jul 2024 (Stb. 2024, 196); cargo-aircraft tax removed from the Act before entry into force (Stb. 2020, 550)",Belastingplan 2023 raising the rate by EUR 17.95 per passenger from 1 Jan 2023; Wbm hoofdstuk VII,https://www.belastingdienst.nl/wps/wcm/connect/bldcontentnl/belastingdienst/zakelijk/overige_belastingen/belastingen_op_milieugrondslag/vliegbelasting,high,
NL,Netherlands,"Vliegbelasting (Wet vliegbelasting / Wbm hoofdstuk VII, 2021-)",2024-01-01,2024-12-31,flat,All departing passengers from Dutch airports regardless of destination distance,any,all,29.05,EUR,per departing passenger,"Transfer passengers (overstappers) exempt; children under 2 years not counted as passengers; aircraft with MTOW <=8,616 kg outside scope until 30 Jun 2024, threshold lowered to 4,000 kg from 1 Jul 2024 (Stb. 2024, 196); cargo-aircraft tax removed from the Act before entry into force (Stb. 2020, 550)","Wbm hoofdstuk VII, indexed rate 2024",https://www.belastingdienst.nl/wps/wcm/connect/bldcontentnl/belastingdienst/zakelijk/overige_belastingen/belastingen_op_milieugrondslag/vliegbelasting,high,"Aircraft weight threshold lowered to 4,000 kg from 1 Jul 2024 (Stb. 2024, 196)."
NL,Netherlands,"Vliegbelasting (Wet vliegbelasting / Wbm hoofdstuk VII, 2021-)",2025-01-01,2025-12-31,flat,All departing passengers from Dutch airports regardless of destination distance,any,all,29.40,EUR,per departing passenger,"Transfer passengers (overstappers) exempt; children under 2 years not counted as passengers; aircraft with MTOW <=8,616 kg outside scope until 30 Jun 2024, threshold lowered to 4,000 kg from 1 Jul 2024 (Stb. 2024, 196); cargo-aircraft tax removed from the Act before entry into force (Stb. 2020, 550)","Wbm hoofdstuk VII, indexed rate 2025",https://www.belastingdienst.nl/wps/wcm/connect/bldcontentnl/belastingdienst/zakelijk/overige_belastingen/belastingen_op_milieugrondslag/vliegbelasting,high,
NL,Netherlands,"Vliegbelasting (Wet vliegbelasting / Wbm hoofdstuk VII, 2021-)",2026-01-01,2026-12-31,flat,All departing passengers from Dutch airports regardless of destination distance,any,all,30.25,EUR,per departing passenger,"Transfer passengers (overstappers) exempt; children under 2 years not counted as passengers; aircraft with MTOW <=8,616 kg outside scope until 30 Jun 2024, threshold lowered to 4,000 kg from 1 Jul 2024 (Stb. 2024, 196); cargo-aircraft tax removed from the Act before entry into force (Stb. 2020, 550)","Wbm hoofdstuk VII, indexed rate 2026",https://www.belastingdienst.nl/wps/wcm/connect/bldcontentnl/belastingdienst/zakelijk/overige_belastingen/belastingen_op_milieugrondslag/vliegbelasting,high,Applies to all departures in 2026 even if ticket bought before 1 Jan 2026.
NL,Netherlands,"Vliegbelasting (Wet differentiatie vliegbelasting, 2027-)",2027-01-01,,A,"Final destination in a state/territory listed in Bijlage A (capital approx. <=2,000 km from Amsterdam; plus all EU member states, EU outermost regions <=3,500 km, Caribbean Netherlands)",approx. <=2000 (Amsterdam to capital of destination state),all,29.40,EUR,per departing passenger,"Transfer passengers (overstappers) exempt; children under 2 years not counted as passengers; aircraft with MTOW <=8,616 kg outside scope until 30 Jun 2024, threshold lowered to 4,000 kg from 1 Jul 2024 (Stb. 2024, 196); cargo-aircraft tax removed from the Act before entry into force (Stb. 2020, 550)","Wet differentiatie vliegbelasting (Wet van 17 december 2025, Stb. 2025, 446), in force 1 Jan 2027; Eerste Kamer approval 16 Dec 2025",https://zoek.officielebekendmakingen.nl/stb-2025-446.html,medium,"Enacted, not yet in force at time of compilation (Oct 2026); amounts at 2025 price level, to be indexed for 2027. Classification by great-circle distance Amsterdam to capital of final-destination state, with policy exceptions (all EU states in A; Tunisia and Algeria in B)."
NL,Netherlands,"Vliegbelasting (Wet differentiatie vliegbelasting, 2027-)",2027-01-01,,B,"Final destination in a state/territory listed in Bijlage B (capital approx. 2,000-5,500 km from Amsterdam; incl. Tunisia and Algeria by policy choice)",approx. >2000 and <=5500,all,47.24,EUR,per departing passenger,"Transfer passengers (overstappers) exempt; children under 2 years not counted as passengers; aircraft with MTOW <=8,616 kg outside scope until 30 Jun 2024, threshold lowered to 4,000 kg from 1 Jul 2024 (Stb. 2024, 196); cargo-aircraft tax removed from the Act before entry into force (Stb. 2020, 550)","Wet differentiatie vliegbelasting (Wet van 17 december 2025, Stb. 2025, 446), in force 1 Jan 2027; Eerste Kamer approval 16 Dec 2025",https://zoek.officielebekendmakingen.nl/stb-2025-446.html,medium,"Enacted, not yet in force at time of compilation (Oct 2026); amounts at 2025 price level, to be indexed for 2027. Classification by great-circle distance Amsterdam to capital of final-destination state, with policy exceptions (all EU states in A; Tunisia and Algeria in B)."
NL,Netherlands,"Vliegbelasting (Wet differentiatie vliegbelasting, 2027-)",2027-01-01,,C,"Final destination not listed in Bijlage A or B (capital approx. >5,500 km from Amsterdam)",approx. >5500,all,70.86,EUR,per departing passenger,"Transfer passengers (overstappers) exempt; children under 2 years not counted as passengers; aircraft with MTOW <=8,616 kg outside scope until 30 Jun 2024, threshold lowered to 4,000 kg from 1 Jul 2024 (Stb. 2024, 196); cargo-aircraft tax removed from the Act before entry into force (Stb. 2020, 550)","Wet differentiatie vliegbelasting (Wet van 17 december 2025, Stb. 2025, 446), in force 1 Jan 2027; Eerste Kamer approval 16 Dec 2025",https://zoek.officielebekendmakingen.nl/stb-2025-446.html,medium,"Enacted, not yet in force at time of compilation (Oct 2026); amounts at 2025 price level, to be indexed for 2027. Classification by great-circle distance Amsterdam to capital of final-destination state, with policy exceptions (all EU states in A; Tunisia and Algeria in B)."
