country_iso,country,instrument,valid_from,valid_to,band_id,band_definition,distance_rule_km,class,rate,currency,unit,exemptions,legal_basis,source_url,confidence,notes
SE,Sweden,flygskatt (tax on air travel),2018-04-01,2018-12-31,B1,Annex 1 (bilaga 1) countries: Europe (all EU/EEA states and other European countries listed),country annex (approx. Europe),all,60,SEK,per departing passenger,Children under 2; flight crew on duty; transit passengers (same aircraft) and transfer passengers; passengers re-departing after unforeseen diversion (weather/technical). Law applies only to aircraft approved for more than 10 passengers.,"Lag (2017:1200) om skatt på flygresor, 7 §",https://lagen.nu/2017:1200,high,Introductory statutory amounts; tax entered into force 1 April 2018.
SE,Sweden,flygskatt (tax on air travel),2018-04-01,2018-12-31,B2,"Annex 2 (bilaga 2) countries: non-European countries roughly within 6,000 km of Stockholm-Arlanda",country annex (approx. <=6000),all,250,SEK,per departing passenger,Children under 2; flight crew on duty; transit passengers (same aircraft) and transfer passengers; passengers re-departing after unforeseen diversion (weather/technical). Law applies only to aircraft approved for more than 10 passengers.,"Lag (2017:1200) om skatt på flygresor, 7 §",https://lagen.nu/2017:1200,high,Introductory statutory amounts; tax entered into force 1 April 2018.
SE,Sweden,flygskatt (tax on air travel),2018-04-01,2018-12-31,B3,All other final destinations (not in Annex 1 or 2),country annex (approx. >6000),all,400,SEK,per departing passenger,Children under 2; flight crew on duty; transit passengers (same aircraft) and transfer passengers; passengers re-departing after unforeseen diversion (weather/technical). Law applies only to aircraft approved for more than 10 passengers.,"Lag (2017:1200) om skatt på flygresor, 7 §",https://lagen.nu/2017:1200,high,Introductory statutory amounts; tax entered into force 1 April 2018.
SE,Sweden,flygskatt (tax on air travel),2019-01-01,2019-12-31,B1,Annex 1 (bilaga 1) countries: Europe (all EU/EEA states and other European countries listed),country annex (approx. Europe),all,61,SEK,per departing passenger,Children under 2; flight crew on duty; transit passengers (same aircraft) and transfer passengers; passengers re-departing after unforeseen diversion (weather/technical). Law applies only to aircraft approved for more than 10 passengers.,Förordning (2018:1641) om fastställande av omräknade belopp för flygskatt för år 2019,https://lagen.nu/2018:1641,high,Annual CPI indexation per 8 § of the Act.
SE,Sweden,flygskatt (tax on air travel),2019-01-01,2019-12-31,B2,"Annex 2 (bilaga 2) countries: non-European countries roughly within 6,000 km of Stockholm-Arlanda",country annex (approx. <=6000),all,255,SEK,per departing passenger,Children under 2; flight crew on duty; transit passengers (same aircraft) and transfer passengers; passengers re-departing after unforeseen diversion (weather/technical). Law applies only to aircraft approved for more than 10 passengers.,Förordning (2018:1641) om fastställande av omräknade belopp för flygskatt för år 2019,https://lagen.nu/2018:1641,high,Annual CPI indexation per 8 § of the Act.
SE,Sweden,flygskatt (tax on air travel),2019-01-01,2019-12-31,B3,All other final destinations (not in Annex 1 or 2),country annex (approx. >6000),all,408,SEK,per departing passenger,Children under 2; flight crew on duty; transit passengers (same aircraft) and transfer passengers; passengers re-departing after unforeseen diversion (weather/technical). Law applies only to aircraft approved for more than 10 passengers.,Förordning (2018:1641) om fastställande av omräknade belopp för flygskatt för år 2019,https://lagen.nu/2018:1641,high,Annual CPI indexation per 8 § of the Act.
SE,Sweden,flygskatt (tax on air travel),2020-01-01,2020-12-31,B1,Annex 1 (bilaga 1) countries: Europe (all EU/EEA states and other European countries listed),country annex (approx. Europe),all,62,SEK,per departing passenger,Children under 2; flight crew on duty; transit passengers (same aircraft) and transfer passengers; passengers re-departing after unforeseen diversion (weather/technical). Law applies only to aircraft approved for more than 10 passengers.,Förordning (2019:685),https://lagen.nu/2019:685,high,
SE,Sweden,flygskatt (tax on air travel),2020-01-01,2020-12-31,B2,"Annex 2 (bilaga 2) countries: non-European countries roughly within 6,000 km of Stockholm-Arlanda",country annex (approx. <=6000),all,260,SEK,per departing passenger,Children under 2; flight crew on duty; transit passengers (same aircraft) and transfer passengers; passengers re-departing after unforeseen diversion (weather/technical). Law applies only to aircraft approved for more than 10 passengers.,Förordning (2019:685),https://lagen.nu/2019:685,high,
SE,Sweden,flygskatt (tax on air travel),2020-01-01,2020-12-31,B3,All other final destinations (not in Annex 1 or 2),country annex (approx. >6000),all,416,SEK,per departing passenger,Children under 2; flight crew on duty; transit passengers (same aircraft) and transfer passengers; passengers re-departing after unforeseen diversion (weather/technical). Law applies only to aircraft approved for more than 10 passengers.,Förordning (2019:685),https://lagen.nu/2019:685,high,
SE,Sweden,flygskatt (tax on air travel),2021-01-01,2021-12-31,B1,Annex 1 (bilaga 1) countries: Europe (all EU/EEA states and other European countries listed),country annex (approx. Europe),all,63,SEK,per departing passenger,Children under 2; flight crew on duty; transit passengers (same aircraft) and transfer passengers; passengers re-departing after unforeseen diversion (weather/technical). Law applies only to aircraft approved for more than 10 passengers.,Förordning (2020:944),https://lagen.nu/2020:944,high,
SE,Sweden,flygskatt (tax on air travel),2021-01-01,2021-12-31,B2,"Annex 2 (bilaga 2) countries: non-European countries roughly within 6,000 km of Stockholm-Arlanda",country annex (approx. <=6000),all,262,SEK,per departing passenger,Children under 2; flight crew on duty; transit passengers (same aircraft) and transfer passengers; passengers re-departing after unforeseen diversion (weather/technical). Law applies only to aircraft approved for more than 10 passengers.,Förordning (2020:944),https://lagen.nu/2020:944,high,
SE,Sweden,flygskatt (tax on air travel),2021-01-01,2021-12-31,B3,All other final destinations (not in Annex 1 or 2),country annex (approx. >6000),all,418,SEK,per departing passenger,Children under 2; flight crew on duty; transit passengers (same aircraft) and transfer passengers; passengers re-departing after unforeseen diversion (weather/technical). Law applies only to aircraft approved for more than 10 passengers.,Förordning (2020:944),https://lagen.nu/2020:944,high,
SE,Sweden,flygskatt (tax on air travel),2022-01-01,2022-12-31,B1,Annex 1 (bilaga 1) countries: Europe (all EU/EEA states and other European countries listed),country annex (approx. Europe),all,64,SEK,per departing passenger,Children under 2; flight crew on duty; transit passengers (same aircraft) and transfer passengers; passengers re-departing after unforeseen diversion (weather/technical). Law applies only to aircraft approved for more than 10 passengers.,Förordning (2021:1082),https://lagen.nu/2021:1082,high,
SE,Sweden,flygskatt (tax on air travel),2022-01-01,2022-12-31,B2,"Annex 2 (bilaga 2) countries: non-European countries roughly within 6,000 km of Stockholm-Arlanda",country annex (approx. <=6000),all,265,SEK,per departing passenger,Children under 2; flight crew on duty; transit passengers (same aircraft) and transfer passengers; passengers re-departing after unforeseen diversion (weather/technical). Law applies only to aircraft approved for more than 10 passengers.,Förordning (2021:1082),https://lagen.nu/2021:1082,high,
SE,Sweden,flygskatt (tax on air travel),2022-01-01,2022-12-31,B3,All other final destinations (not in Annex 1 or 2),country annex (approx. >6000),all,424,SEK,per departing passenger,Children under 2; flight crew on duty; transit passengers (same aircraft) and transfer passengers; passengers re-departing after unforeseen diversion (weather/technical). Law applies only to aircraft approved for more than 10 passengers.,Förordning (2021:1082),https://lagen.nu/2021:1082,high,
SE,Sweden,flygskatt (tax on air travel),2023-01-01,2023-12-31,B1,Annex 1 (bilaga 1) countries: Europe (all EU/EEA states and other European countries listed),country annex (approx. Europe),all,69,SEK,per departing passenger,Children under 2; flight crew on duty; transit passengers (same aircraft) and transfer passengers; passengers re-departing after unforeseen diversion (weather/technical). Law applies only to aircraft approved for more than 10 passengers.,Förordning (2022:1594),https://lagen.nu/2022:1594,high,
SE,Sweden,flygskatt (tax on air travel),2023-01-01,2023-12-31,B2,"Annex 2 (bilaga 2) countries: non-European countries roughly within 6,000 km of Stockholm-Arlanda",country annex (approx. <=6000),all,288,SEK,per departing passenger,Children under 2; flight crew on duty; transit passengers (same aircraft) and transfer passengers; passengers re-departing after unforeseen diversion (weather/technical). Law applies only to aircraft approved for more than 10 passengers.,Förordning (2022:1594),https://lagen.nu/2022:1594,high,
SE,Sweden,flygskatt (tax on air travel),2023-01-01,2023-12-31,B3,All other final destinations (not in Annex 1 or 2),country annex (approx. >6000),all,461,SEK,per departing passenger,Children under 2; flight crew on duty; transit passengers (same aircraft) and transfer passengers; passengers re-departing after unforeseen diversion (weather/technical). Law applies only to aircraft approved for more than 10 passengers.,Förordning (2022:1594),https://lagen.nu/2022:1594,high,
SE,Sweden,flygskatt (tax on air travel),2024-01-01,2024-12-31,B1,Annex 1 (bilaga 1) countries: Europe (all EU/EEA states and other European countries listed),country annex (approx. Europe),all,76,SEK,per departing passenger,Children under 2; flight crew on duty; transit passengers (same aircraft) and transfer passengers; passengers re-departing after unforeseen diversion (weather/technical). Law applies only to aircraft approved for more than 10 passengers.,Förordning (2023:587),https://lagen.nu/2023:587,high,Also confirmed by Skatteverket notice 'Ändrade skattesatser för flygskatt från och med den 1 januari 2024'.
SE,Sweden,flygskatt (tax on air travel),2024-01-01,2024-12-31,B2,"Annex 2 (bilaga 2) countries: non-European countries roughly within 6,000 km of Stockholm-Arlanda",country annex (approx. <=6000),all,315,SEK,per departing passenger,Children under 2; flight crew on duty; transit passengers (same aircraft) and transfer passengers; passengers re-departing after unforeseen diversion (weather/technical). Law applies only to aircraft approved for more than 10 passengers.,Förordning (2023:587),https://lagen.nu/2023:587,high,Also confirmed by Skatteverket notice 'Ändrade skattesatser för flygskatt från och med den 1 januari 2024'.
SE,Sweden,flygskatt (tax on air travel),2024-01-01,2024-12-31,B3,All other final destinations (not in Annex 1 or 2),country annex (approx. >6000),all,504,SEK,per departing passenger,Children under 2; flight crew on duty; transit passengers (same aircraft) and transfer passengers; passengers re-departing after unforeseen diversion (weather/technical). Law applies only to aircraft approved for more than 10 passengers.,Förordning (2023:587),https://lagen.nu/2023:587,high,Also confirmed by Skatteverket notice 'Ändrade skattesatser för flygskatt från och med den 1 januari 2024'.
SE,Sweden,flygskatt (tax on air travel),2025-01-01,2025-06-30,B1,Annex 1 (bilaga 1) countries: Europe (all EU/EEA states and other European countries listed),country annex (approx. Europe),all,77,SEK,per departing passenger,Children under 2; flight crew on duty; transit passengers (same aircraft) and transfer passengers; passengers re-departing after unforeseen diversion (weather/technical). Law applies only to aircraft approved for more than 10 passengers.,Förordning (2024:924) om fastställande av omräknade belopp för flygskatt för år 2025,https://skatteverket.se/foretag/skatterochavdrag/punktskatter/flygskatt/skattesatserforflygskattperland.4.41f1c61d16193087d7f2acc.html,high,Skatteverket rate table for 2025: 77/323/517 SEK. An April 2024 proposal to halve rates (39/162/259) was superseded by full abolition.
SE,Sweden,flygskatt (tax on air travel),2025-01-01,2025-06-30,B2,"Annex 2 (bilaga 2) countries: non-European countries roughly within 6,000 km of Stockholm-Arlanda",country annex (approx. <=6000),all,323,SEK,per departing passenger,Children under 2; flight crew on duty; transit passengers (same aircraft) and transfer passengers; passengers re-departing after unforeseen diversion (weather/technical). Law applies only to aircraft approved for more than 10 passengers.,Förordning (2024:924) om fastställande av omräknade belopp för flygskatt för år 2025,https://skatteverket.se/foretag/skatterochavdrag/punktskatter/flygskatt/skattesatserforflygskattperland.4.41f1c61d16193087d7f2acc.html,high,Skatteverket rate table for 2025: 77/323/517 SEK. An April 2024 proposal to halve rates (39/162/259) was superseded by full abolition.
SE,Sweden,flygskatt (tax on air travel),2025-01-01,2025-06-30,B3,All other final destinations (not in Annex 1 or 2),country annex (approx. >6000),all,517,SEK,per departing passenger,Children under 2; flight crew on duty; transit passengers (same aircraft) and transfer passengers; passengers re-departing after unforeseen diversion (weather/technical). Law applies only to aircraft approved for more than 10 passengers.,Förordning (2024:924) om fastställande av omräknade belopp för flygskatt för år 2025,https://skatteverket.se/foretag/skatterochavdrag/punktskatter/flygskatt/skattesatserforflygskattperland.4.41f1c61d16193087d7f2acc.html,high,Skatteverket rate table for 2025: 77/323/517 SEK. An April 2024 proposal to halve rates (39/162/259) was superseded by full abolition.
SE,Sweden,flygskatt (tax on air travel) - ABOLISHED,2025-07-01,,ALL,All destinations,,all,0,SEK,per departing passenger,Children under 2; flight crew on duty; transit passengers (same aircraft) and transfer passengers; passengers re-departing after unforeseen diversion (weather/technical). Law applies only to aircraft approved for more than 10 passengers.,"Lag (2024:1138) om upphävande av lagen (2017:1200) om skatt på flygresor (Prop. 2024/25:1, bet. 2024/25:FiU1, rskr. 2024/25:49)",https://svenskforfattningssamling.se/sites/default/files/sfs/2024-11/SFS2024-1138.pdf,high,"Repeal law issued 28 Nov 2024, in force 1 July 2025; old law still applies to departures before that date."
NO,Norway,flypassasjeravgift (air passenger tax),2016-06-01,2016-12-31,FLAT,All departures from Norwegian airports (single rate),,all,80,NOK,per departing passenger,Children under 2 at departure; onward legs of transit (same aircraft) and transfer (other aircraft) journeys (first leg from a Norwegian airport is taxable); non-commercial flights outside scope. Note: on domestic flights 12% VAT is added on top of the tax.,Stortingets årlige vedtak om flypassasjeravgift (first decision 14 Dec 2015); Forskrift om særavgifter (FOR-2001-12-11-1451) kap. 3-22; Stortingsvedtak 14 Dec 2015,https://www.regjeringen.no/no/aktuelt/flypassasjeravgiften-innfores-1.-juni/id2500811/,high,Introduced 1 June 2016 (originally planned 1 April 2016).
NO,Norway,flypassasjeravgift (air passenger tax),2017-01-01,2017-12-31,FLAT,All departures from Norwegian airports (single rate),,all,82,NOK,per departing passenger,Children under 2 at departure; onward legs of transit (same aircraft) and transfer (other aircraft) journeys (first leg from a Norwegian airport is taxable); non-commercial flights outside scope. Note: on domestic flights 12% VAT is added on top of the tax.,Stortingets årlige vedtak om flypassasjeravgift (first decision 14 Dec 2015); Forskrift om særavgifter (FOR-2001-12-11-1451) kap. 3-22; Stortingsvedtak om særavgifter 2017 (Prop. 1 LS 2016-2017),https://www.regjeringen.no/no/dokumenter/prop.-1-ls-ls0-20162017/id2514108/?ch=1,medium,"Rate for 2017 NOT confirmed from snippets. Budget 2017 indexed excise duties by 2.0%, implying approx. NOK 82; verify in Stortingsvedtak om særavgifter for 2017 before use. | rate filled from Statsbudsjettet 2017 (NOK 82) by reviewer; verify against Skatteetaten."
NO,Norway,flypassasjeravgift (air passenger tax),2018-01-01,2018-12-31,FLAT,All departures from Norwegian airports (single rate),,all,83,NOK,per departing passenger,Children under 2 at departure; onward legs of transit (same aircraft) and transfer (other aircraft) journeys (first leg from a Norwegian airport is taxable); non-commercial flights outside scope. Note: on domestic flights 12% VAT is added on top of the tax.,Stortingets årlige vedtak om flypassasjeravgift (first decision 14 Dec 2015); Forskrift om særavgifter (FOR-2001-12-11-1451) kap. 3-22; Stortingsvedtak om særavgifter 2018 (Innst. 3 S 2017-2018),https://taxnews.ey.com/news/2018-2557-norway-proposes-changes-to-air-passenger-duty,high,
NO,Norway,flypassasjeravgift (air passenger tax),2019-01-01,2019-03-31,FLAT,All departures from Norwegian airports (single rate),,all,84,NOK,per departing passenger,Children under 2 at departure; onward legs of transit (same aircraft) and transfer (other aircraft) journeys (first leg from a Norwegian airport is taxable); non-commercial flights outside scope. Note: on domestic flights 12% VAT is added on top of the tax.,Stortingets årlige vedtak om flypassasjeravgift (first decision 14 Dec 2015); Forskrift om særavgifter (FOR-2001-12-11-1451) kap. 3-22; Stortingsvedtak om særavgifter 2019,https://www.regjeringen.no/no/aktuelt/flypassasjeravgiften-legges-om-1.-april/id2632367/,high,Single rate applied until the two-band restructuring on 1 April 2019 (MoF decision 14 March 2019).
NO,Norway,flypassasjeravgift (air passenger tax),2019-04-01,2019-12-31,B1,Final destination in Norway or Europe (country list in særavgiftsforskriften 3-22),country list (Europe),all,75,NOK,per departing passenger,Children under 2 at departure; onward legs of transit (same aircraft) and transfer (other aircraft) journeys (first leg from a Norwegian airport is taxable); non-commercial flights outside scope. Note: on domestic flights 12% VAT is added on top of the tax.,Stortingets årlige vedtak om flypassasjeravgift (first decision 14 Dec 2015); Forskrift om særavgifter (FOR-2001-12-11-1451) kap. 3-22; Forskrift om endring i forskrift om særavgifter (2019),https://www.regjeringen.no/no/aktuelt/flypassasjeravgiften-legges-om-1.-april/id2632367/,high,Two-band (Europe / outside Europe) structure from 1 April 2019.
NO,Norway,flypassasjeravgift (air passenger tax),2019-04-01,2019-12-31,B2,Final destination outside Europe,country list (non-Europe),all,200,NOK,per departing passenger,Children under 2 at departure; onward legs of transit (same aircraft) and transfer (other aircraft) journeys (first leg from a Norwegian airport is taxable); non-commercial flights outside scope. Note: on domestic flights 12% VAT is added on top of the tax.,Stortingets årlige vedtak om flypassasjeravgift (first decision 14 Dec 2015); Forskrift om særavgifter (FOR-2001-12-11-1451) kap. 3-22; Forskrift om endring i forskrift om særavgifter (2019),https://www.regjeringen.no/no/aktuelt/flypassasjeravgiften-legges-om-1.-april/id2632367/,high,Two-band (Europe / outside Europe) structure from 1 April 2019.
NO,Norway,flypassasjeravgift (air passenger tax) - SUSPENDED (COVID-19),2020-01-01,2021-12-31,B1,Final destination in Norway or Europe (country list in særavgiftsforskriften 3-22),country list (Europe),all,0,NOK,per departing passenger,Children under 2 at departure; onward legs of transit (same aircraft) and transfer (other aircraft) journeys (first leg from a Norwegian airport is taxable); non-commercial flights outside scope. Note: on domestic flights 12% VAT is added on top of the tax.,"Stortingets årlige vedtak om flypassasjeravgift (first decision 14 Dec 2015); Forskrift om særavgifter (FOR-2001-12-11-1451) kap. 3-22; Stortinget COVID-19 measures 2020 (Innst. 271 S 2019-2020), budget 2021",https://www.skatteetaten.no/en/press/nyhetsrommet/flypassasjeravgiften-foreslas-opphevet-for-perioden-1.-januar-2020-tom.-31.-oktober-2020/,high,Tax lifted retroactively from 1 Jan 2020 (initially to 31 Oct 2020; nominal 2020 rate NOK 76.50 was set from 1 Nov 2020 but the suspension was extended through all of 2020 and 2021; no tax levied).
NO,Norway,flypassasjeravgift (air passenger tax) - SUSPENDED (COVID-19),2020-01-01,2021-12-31,B2,Final destination outside Europe,country list (non-Europe),all,0,NOK,per departing passenger,Children under 2 at departure; onward legs of transit (same aircraft) and transfer (other aircraft) journeys (first leg from a Norwegian airport is taxable); non-commercial flights outside scope. Note: on domestic flights 12% VAT is added on top of the tax.,"Stortingets årlige vedtak om flypassasjeravgift (first decision 14 Dec 2015); Forskrift om særavgifter (FOR-2001-12-11-1451) kap. 3-22; Stortinget COVID-19 measures 2020 (Innst. 271 S 2019-2020), budget 2021",https://www.skatteetaten.no/en/press/nyhetsrommet/flypassasjeravgiften-foreslas-opphevet-for-perioden-1.-januar-2020-tom.-31.-oktober-2020/,high,Tax lifted retroactively from 1 Jan 2020 (initially to 31 Oct 2020; nominal 2020 rate NOK 204 was set from 1 Nov 2020 but the suspension was extended through all of 2020 and 2021; no tax levied).
NO,Norway,flypassasjeravgift (air passenger tax) - SUSPENDED (COVID-19),2022-01-01,2022-06-30,B1,Final destination in Norway or Europe (country list in særavgiftsforskriften 3-22),country list (Europe),all,0,NOK,per departing passenger,Children under 2 at departure; onward legs of transit (same aircraft) and transfer (other aircraft) journeys (first leg from a Norwegian airport is taxable); non-commercial flights outside scope. Note: on domestic flights 12% VAT is added on top of the tax.,Stortingets årlige vedtak om flypassasjeravgift (first decision 14 Dec 2015); Forskrift om særavgifter (FOR-2001-12-11-1451) kap. 3-22; Stortinget decision 24 Jan 2022 postponing reintroduction to 1 July 2022,https://www.regjeringen.no/no/aktuelt/korona-regjeringen-varsler-kompenserende-tiltak-for-luftfart-i-2022/id2893253/,high,Budget 2022 reintroduced the tax from 1 Jan 2022 but Stortinget (24 Jan 2022) postponed reintroduction to 1 July 2022.
NO,Norway,flypassasjeravgift (air passenger tax) - SUSPENDED (COVID-19),2022-01-01,2022-06-30,B2,Final destination outside Europe,country list (non-Europe),all,0,NOK,per departing passenger,Children under 2 at departure; onward legs of transit (same aircraft) and transfer (other aircraft) journeys (first leg from a Norwegian airport is taxable); non-commercial flights outside scope. Note: on domestic flights 12% VAT is added on top of the tax.,Stortingets årlige vedtak om flypassasjeravgift (first decision 14 Dec 2015); Forskrift om særavgifter (FOR-2001-12-11-1451) kap. 3-22; Stortinget decision 24 Jan 2022 postponing reintroduction to 1 July 2022,https://www.regjeringen.no/no/aktuelt/korona-regjeringen-varsler-kompenserende-tiltak-for-luftfart-i-2022/id2893253/,high,Budget 2022 reintroduced the tax from 1 Jan 2022 but Stortinget (24 Jan 2022) postponed reintroduction to 1 July 2022.
NO,Norway,flypassasjeravgift (air passenger tax),2022-07-01,2022-12-31,B1,Final destination in Norway or Europe (country list in særavgiftsforskriften 3-22),country list (Europe),all,80,NOK,per departing passenger,Children under 2 at departure; onward legs of transit (same aircraft) and transfer (other aircraft) journeys (first leg from a Norwegian airport is taxable); non-commercial flights outside scope. Note: on domestic flights 12% VAT is added on top of the tax.,Stortingets årlige vedtak om flypassasjeravgift (first decision 14 Dec 2015); Forskrift om særavgifter (FOR-2001-12-11-1451) kap. 3-22; Stortingsvedtak om særavgifter 2022,https://www.skatteetaten.no/rettskilder/type/rundskriv-retningslinjer-og-andre-rettskilder/avgiftsrundskriv/flypassasjeravgift-2022/,high,Reintroduced 1 July 2022.
NO,Norway,flypassasjeravgift (air passenger tax),2022-07-01,2022-12-31,B2,Final destination outside Europe,country list (non-Europe),all,214,NOK,per departing passenger,Children under 2 at departure; onward legs of transit (same aircraft) and transfer (other aircraft) journeys (first leg from a Norwegian airport is taxable); non-commercial flights outside scope. Note: on domestic flights 12% VAT is added on top of the tax.,Stortingets årlige vedtak om flypassasjeravgift (first decision 14 Dec 2015); Forskrift om særavgifter (FOR-2001-12-11-1451) kap. 3-22; Stortingsvedtak om særavgifter 2022,https://www.skatteetaten.no/rettskilder/type/rundskriv-retningslinjer-og-andre-rettskilder/avgiftsrundskriv/flypassasjeravgift-2022/,high,Reintroduced 1 July 2022.
NO,Norway,flypassasjeravgift (air passenger tax),2023-01-01,2023-12-31,B1,Final destination in Norway or Europe (country list in særavgiftsforskriften 3-22),country list (Europe),all,82,NOK,per departing passenger,Children under 2 at departure; onward legs of transit (same aircraft) and transfer (other aircraft) journeys (first leg from a Norwegian airport is taxable); non-commercial flights outside scope. Note: on domestic flights 12% VAT is added on top of the tax.,Stortingets årlige vedtak om flypassasjeravgift (first decision 14 Dec 2015); Forskrift om særavgifter (FOR-2001-12-11-1451) kap. 3-22; Stortingsvedtak om særavgifter for 2023 (FOR-2022-12-13-2205) kap. flypassasjeravgift,https://lovdata.no/dokument/STVO/forskrift/2022-12-13-2205/KAPITTEL_20,medium,Government proposal (Prop. 1 LS 2022-2023) was 82/220; the Ap-Sp-SV budget agreement raised the high rate by NOK 100 to 320 (consistent with 2024 rate 332). Snippet-level confirmation only; verify in Lovdata STVO 2022-12-13-2205.
NO,Norway,flypassasjeravgift (air passenger tax),2023-01-01,2023-12-31,B2,Final destination outside Europe,country list (non-Europe),all,320,NOK,per departing passenger,Children under 2 at departure; onward legs of transit (same aircraft) and transfer (other aircraft) journeys (first leg from a Norwegian airport is taxable); non-commercial flights outside scope. Note: on domestic flights 12% VAT is added on top of the tax.,Stortingets årlige vedtak om flypassasjeravgift (first decision 14 Dec 2015); Forskrift om særavgifter (FOR-2001-12-11-1451) kap. 3-22; Stortingsvedtak om særavgifter for 2023 (FOR-2022-12-13-2205) kap. flypassasjeravgift,https://lovdata.no/dokument/STVO/forskrift/2022-12-13-2205/KAPITTEL_20,medium,Government proposal (Prop. 1 LS 2022-2023) was 82/220; the Ap-Sp-SV budget agreement raised the high rate by NOK 100 to 320 (consistent with 2024 rate 332). Snippet-level confirmation only; verify in Lovdata STVO 2022-12-13-2205.
NO,Norway,flypassasjeravgift (air passenger tax),2024-01-01,2024-12-31,B1,Final destination in Norway or Europe (country list in særavgiftsforskriften 3-22),country list (Europe),all,85,NOK,per departing passenger,Children under 2 at departure; onward legs of transit (same aircraft) and transfer (other aircraft) journeys (first leg from a Norwegian airport is taxable); non-commercial flights outside scope. Note: on domestic flights 12% VAT is added on top of the tax.,Stortingets årlige vedtak om flypassasjeravgift (first decision 14 Dec 2015); Forskrift om særavgifter (FOR-2001-12-11-1451) kap. 3-22; Stortingsvedtak om særavgifter 2024,https://www.skatteetaten.no/en/rettskilder/type/rundskriv-retningslinjer-og-andre-rettskilder/avgiftsrundskriv/flypassasjeravgift-2024/,high,
NO,Norway,flypassasjeravgift (air passenger tax),2024-01-01,2024-12-31,B2,Final destination outside Europe,country list (non-Europe),all,332,NOK,per departing passenger,Children under 2 at departure; onward legs of transit (same aircraft) and transfer (other aircraft) journeys (first leg from a Norwegian airport is taxable); non-commercial flights outside scope. Note: on domestic flights 12% VAT is added on top of the tax.,Stortingets årlige vedtak om flypassasjeravgift (first decision 14 Dec 2015); Forskrift om særavgifter (FOR-2001-12-11-1451) kap. 3-22; Stortingsvedtak om særavgifter 2024,https://www.skatteetaten.no/en/rettskilder/type/rundskriv-retningslinjer-og-andre-rettskilder/avgiftsrundskriv/flypassasjeravgift-2024/,high,
NO,Norway,flypassasjeravgift (air passenger tax),2025-01-01,2025-12-31,B1,Final destination in Norway or Europe (country list in særavgiftsforskriften 3-22),country list (Europe),all,60,NOK,per departing passenger,Children under 2 at departure; onward legs of transit (same aircraft) and transfer (other aircraft) journeys (first leg from a Norwegian airport is taxable); non-commercial flights outside scope. Note: on domestic flights 12% VAT is added on top of the tax.,Stortingets årlige vedtak om flypassasjeravgift (first decision 14 Dec 2015); Forskrift om særavgifter (FOR-2001-12-11-1451) kap. 3-22; Stortingsvedtak om særavgifter 2025 (Innst. 3 S 2024-2025),https://www.stortinget.no/no/Saker-og-publikasjoner/Publikasjoner/Innstillinger/Stortinget/2024-2025/inns-202425-003s/?all=true,high,Low rate cut from 85 to 60 (-29%); high rate indexed 332->342.
NO,Norway,flypassasjeravgift (air passenger tax),2025-01-01,2025-12-31,B2,Final destination outside Europe,country list (non-Europe),all,342,NOK,per departing passenger,Children under 2 at departure; onward legs of transit (same aircraft) and transfer (other aircraft) journeys (first leg from a Norwegian airport is taxable); non-commercial flights outside scope. Note: on domestic flights 12% VAT is added on top of the tax.,Stortingets årlige vedtak om flypassasjeravgift (first decision 14 Dec 2015); Forskrift om særavgifter (FOR-2001-12-11-1451) kap. 3-22; Stortingsvedtak om særavgifter 2025 (Innst. 3 S 2024-2025),https://www.stortinget.no/no/Saker-og-publikasjoner/Publikasjoner/Innstillinger/Stortinget/2024-2025/inns-202425-003s/?all=true,high,Low rate cut from 85 to 60 (-29%); high rate indexed 332->342.
NO,Norway,flypassasjeravgift (air passenger tax),2026-01-01,,B1,Final destination in Norway or Europe (country list in særavgiftsforskriften 3-22),country list (Europe),all,61,NOK,per departing passenger,Children under 2 at departure; onward legs of transit (same aircraft) and transfer (other aircraft) journeys (first leg from a Norwegian airport is taxable); non-commercial flights outside scope. Note: on domestic flights 12% VAT is added on top of the tax.,Stortingets årlige vedtak om flypassasjeravgift (first decision 14 Dec 2015); Forskrift om særavgifter (FOR-2001-12-11-1451) kap. 3-22; Stortingsvedtak om særavgifter 2026 (Innst. 3 S 2025-2026),https://www.skatteetaten.no/nn/tabellar-og-satsar/flypassasjeravgift/,high,Current Skatteetaten rate table (2026).
NO,Norway,flypassasjeravgift (air passenger tax),2026-01-01,,B2,Final destination outside Europe,country list (non-Europe),all,350,NOK,per departing passenger,Children under 2 at departure; onward legs of transit (same aircraft) and transfer (other aircraft) journeys (first leg from a Norwegian airport is taxable); non-commercial flights outside scope. Note: on domestic flights 12% VAT is added on top of the tax.,Stortingets årlige vedtak om flypassasjeravgift (first decision 14 Dec 2015); Forskrift om særavgifter (FOR-2001-12-11-1451) kap. 3-22; Stortingsvedtak om særavgifter 2026 (Innst. 3 S 2025-2026),https://www.skatteetaten.no/nn/tabellar-og-satsar/flypassasjeravgift/,high,Current Skatteetaten rate table (2026).
DK,Denmark,passagerafgift (lov om afgift af visse flyrejser) - old tax,1991-09-01,1997-12-31,INTL,International departures from Danish airports only (domestic flights outside scope),,all,65,DKK,per departing passenger,Not verified from sources consulted (transit/transfer and small children were commonly exempt; check lovtidende text).,"Lov om afgift af visse flyrejser (passagerafgift), 1991, as amended 1997 (L 253 1996-97); phased out by Lov nr. 1415 af 21. december 2005",https://www.folketingstidende.dk/samling/19961/lovforslag/L253/19961_L253_som_fremsat.pdf,high,Replaced an earlier charter-flight tax (charterafgift). Covered only international flights 1 Sep 1991 - 31 Dec 1997.
DK,Denmark,passagerafgift (lov om afgift af visse flyrejser) - old tax,1998-01-01,2005-12-31,ALL,All departures from Danish airports (domestic and international),,all,75,DKK,per departing passenger,Not verified from sources consulted (transit/transfer and small children were commonly exempt; check lovtidende text).,"Lov om afgift af visse flyrejser (passagerafgift), 1991, as amended 1997 (L 253 1996-97); phased out by Lov nr. 1415 af 21. december 2005",https://www.folketingstidende.dk/samling/19961/lovforslag/L253/19961_L253_som_fremsat.pdf,high,1997 amendment raised the rate from 65 to 75 DKK and extended it to domestic passengers from 1 Jan 1998. Revenue approx. DKK 0.5 bn/yr.
DK,Denmark,passagerafgift (lov om afgift af visse flyrejser) - old tax,2006-01-01,2006-12-31,ALL,All departures from Danish airports,,all,37.5,DKK,per departing passenger,Not verified from sources consulted (transit/transfer and small children were commonly exempt; check lovtidende text).,Lov nr. 1415 af 21. december 2005 (udfasning af passagerafgiften),https://folketingstidende.dk/samling/20051/lovforslag/L80/20051_L80_som_fremsat.pdf,high,Halved 1 Jan 2006 as first step of phase-out.
DK,Denmark,passagerafgift (old tax) - ABOLISHED,2007-01-01,2024-12-31,ALL,All departures,,all,0,DKK,per departing passenger,,Lov nr. 1415 af 21. december 2005,https://folketingstidende.dk/samling/20051/lovforslag/L80/20051_L80_BEH1_M22_referat.pdf,high,No Danish passenger tax between 1 Jan 2007 and 31 Dec 2024.
DK,Denmark,"passagerafgift på flyrejser (air passenger tax, new)",2025-01-01,2025-12-31,B1,Intra-Europe: final destination in Denmark or a country listed in Annex 1 (Europe),country annex (Europe),all,30,DKK,per departing passenger,Children under 2 on departure day; transit/transfer passengers continuing on another flight within 24 hours; airline crew on duty.,"Lov nr. 620 af 11. juni 2024 om passagerafgift på flyrejser, § 3 (L 184, 2023-24); political agreement 'Grøn luftfart i Danmark' (Dec 2023)",https://www.lovguiden.dk/loven/lov-om-passagerafgift-på-flyrejser/3,high,Legislated schedule in § 3 of Lov nr. 620/2024; average tax rises from ~70 DKK (2025) to ~100 DKK (2030).
DK,Denmark,"passagerafgift på flyrejser (air passenger tax, new)",2025-01-01,2025-12-31,B2,Medium-haul: final destination in a country listed in Annex 2,country annex (approx. <=6000),all,250,DKK,per departing passenger,Children under 2 on departure day; transit/transfer passengers continuing on another flight within 24 hours; airline crew on duty.,"Lov nr. 620 af 11. juni 2024 om passagerafgift på flyrejser, § 3 (L 184, 2023-24); political agreement 'Grøn luftfart i Danmark' (Dec 2023)",https://www.lovguiden.dk/loven/lov-om-passagerafgift-på-flyrejser/3,high,Legislated schedule in § 3 of Lov nr. 620/2024; average tax rises from ~70 DKK (2025) to ~100 DKK (2030).
DK,Denmark,"passagerafgift på flyrejser (air passenger tax, new)",2025-01-01,2025-12-31,B3,Long-haul: all other final destinations,country annex (approx. >6000),all,300,DKK,per departing passenger,Children under 2 on departure day; transit/transfer passengers continuing on another flight within 24 hours; airline crew on duty.,"Lov nr. 620 af 11. juni 2024 om passagerafgift på flyrejser, § 3 (L 184, 2023-24); political agreement 'Grøn luftfart i Danmark' (Dec 2023)",https://www.lovguiden.dk/loven/lov-om-passagerafgift-på-flyrejser/3,high,Legislated schedule in § 3 of Lov nr. 620/2024; average tax rises from ~70 DKK (2025) to ~100 DKK (2030).
DK,Denmark,"passagerafgift på flyrejser (air passenger tax, new)",2026-01-01,2026-12-31,B1,Intra-Europe: final destination in Denmark or a country listed in Annex 1 (Europe),country annex (Europe),all,30,DKK,per departing passenger,Children under 2 on departure day; transit/transfer passengers continuing on another flight within 24 hours; airline crew on duty.,"Lov nr. 620 af 11. juni 2024 om passagerafgift på flyrejser, § 3 (L 184, 2023-24); political agreement 'Grøn luftfart i Danmark' (Dec 2023)",https://www.lovguiden.dk/loven/lov-om-passagerafgift-på-flyrejser/3,high,Legislated schedule in § 3 of Lov nr. 620/2024; average tax rises from ~70 DKK (2025) to ~100 DKK (2030).
DK,Denmark,"passagerafgift på flyrejser (air passenger tax, new)",2026-01-01,2026-12-31,B2,Medium-haul: final destination in a country listed in Annex 2,country annex (approx. <=6000),all,260,DKK,per departing passenger,Children under 2 on departure day; transit/transfer passengers continuing on another flight within 24 hours; airline crew on duty.,"Lov nr. 620 af 11. juni 2024 om passagerafgift på flyrejser, § 3 (L 184, 2023-24); political agreement 'Grøn luftfart i Danmark' (Dec 2023)",https://www.lovguiden.dk/loven/lov-om-passagerafgift-på-flyrejser/3,high,Legislated schedule in § 3 of Lov nr. 620/2024; average tax rises from ~70 DKK (2025) to ~100 DKK (2030).
DK,Denmark,"passagerafgift på flyrejser (air passenger tax, new)",2026-01-01,2026-12-31,B3,Long-haul: all other final destinations,country annex (approx. >6000),all,320,DKK,per departing passenger,Children under 2 on departure day; transit/transfer passengers continuing on another flight within 24 hours; airline crew on duty.,"Lov nr. 620 af 11. juni 2024 om passagerafgift på flyrejser, § 3 (L 184, 2023-24); political agreement 'Grøn luftfart i Danmark' (Dec 2023)",https://www.lovguiden.dk/loven/lov-om-passagerafgift-på-flyrejser/3,high,Legislated schedule in § 3 of Lov nr. 620/2024; average tax rises from ~70 DKK (2025) to ~100 DKK (2030).
DK,Denmark,"passagerafgift på flyrejser (air passenger tax, new)",2027-01-01,2027-12-31,B1,Intra-Europe: final destination in Denmark or a country listed in Annex 1 (Europe),country annex (Europe),all,30,DKK,per departing passenger,Children under 2 on departure day; transit/transfer passengers continuing on another flight within 24 hours; airline crew on duty.,"Lov nr. 620 af 11. juni 2024 om passagerafgift på flyrejser, § 3 (L 184, 2023-24); political agreement 'Grøn luftfart i Danmark' (Dec 2023)",https://www.lovguiden.dk/loven/lov-om-passagerafgift-på-flyrejser/3,high,Legislated schedule in § 3 of Lov nr. 620/2024; average tax rises from ~70 DKK (2025) to ~100 DKK (2030).
DK,Denmark,"passagerafgift på flyrejser (air passenger tax, new)",2027-01-01,2027-12-31,B2,Medium-haul: final destination in a country listed in Annex 2,country annex (approx. <=6000),all,270,DKK,per departing passenger,Children under 2 on departure day; transit/transfer passengers continuing on another flight within 24 hours; airline crew on duty.,"Lov nr. 620 af 11. juni 2024 om passagerafgift på flyrejser, § 3 (L 184, 2023-24); political agreement 'Grøn luftfart i Danmark' (Dec 2023)",https://www.lovguiden.dk/loven/lov-om-passagerafgift-på-flyrejser/3,high,Legislated schedule in § 3 of Lov nr. 620/2024; average tax rises from ~70 DKK (2025) to ~100 DKK (2030).
DK,Denmark,"passagerafgift på flyrejser (air passenger tax, new)",2027-01-01,2027-12-31,B3,Long-haul: all other final destinations,country annex (approx. >6000),all,340,DKK,per departing passenger,Children under 2 on departure day; transit/transfer passengers continuing on another flight within 24 hours; airline crew on duty.,"Lov nr. 620 af 11. juni 2024 om passagerafgift på flyrejser, § 3 (L 184, 2023-24); political agreement 'Grøn luftfart i Danmark' (Dec 2023)",https://www.lovguiden.dk/loven/lov-om-passagerafgift-på-flyrejser/3,high,Legislated schedule in § 3 of Lov nr. 620/2024; average tax rises from ~70 DKK (2025) to ~100 DKK (2030).
DK,Denmark,"passagerafgift på flyrejser (air passenger tax, new)",2028-01-01,2028-12-31,B1,Intra-Europe: final destination in Denmark or a country listed in Annex 1 (Europe),country annex (Europe),all,40,DKK,per departing passenger,Children under 2 on departure day; transit/transfer passengers continuing on another flight within 24 hours; airline crew on duty.,"Lov nr. 620 af 11. juni 2024 om passagerafgift på flyrejser, § 3 (L 184, 2023-24); political agreement 'Grøn luftfart i Danmark' (Dec 2023)",https://www.lovguiden.dk/loven/lov-om-passagerafgift-på-flyrejser/3,high,Legislated schedule in § 3 of Lov nr. 620/2024; average tax rises from ~70 DKK (2025) to ~100 DKK (2030).
DK,Denmark,"passagerafgift på flyrejser (air passenger tax, new)",2028-01-01,2028-12-31,B2,Medium-haul: final destination in a country listed in Annex 2,country annex (approx. <=6000),all,280,DKK,per departing passenger,Children under 2 on departure day; transit/transfer passengers continuing on another flight within 24 hours; airline crew on duty.,"Lov nr. 620 af 11. juni 2024 om passagerafgift på flyrejser, § 3 (L 184, 2023-24); political agreement 'Grøn luftfart i Danmark' (Dec 2023)",https://www.lovguiden.dk/loven/lov-om-passagerafgift-på-flyrejser/3,high,Legislated schedule in § 3 of Lov nr. 620/2024; average tax rises from ~70 DKK (2025) to ~100 DKK (2030).
DK,Denmark,"passagerafgift på flyrejser (air passenger tax, new)",2028-01-01,2028-12-31,B3,Long-haul: all other final destinations,country annex (approx. >6000),all,350,DKK,per departing passenger,Children under 2 on departure day; transit/transfer passengers continuing on another flight within 24 hours; airline crew on duty.,"Lov nr. 620 af 11. juni 2024 om passagerafgift på flyrejser, § 3 (L 184, 2023-24); political agreement 'Grøn luftfart i Danmark' (Dec 2023)",https://www.lovguiden.dk/loven/lov-om-passagerafgift-på-flyrejser/3,high,Legislated schedule in § 3 of Lov nr. 620/2024; average tax rises from ~70 DKK (2025) to ~100 DKK (2030).
DK,Denmark,"passagerafgift på flyrejser (air passenger tax, new)",2029-01-01,2029-12-31,B1,Intra-Europe: final destination in Denmark or a country listed in Annex 1 (Europe),country annex (Europe),all,40,DKK,per departing passenger,Children under 2 on departure day; transit/transfer passengers continuing on another flight within 24 hours; airline crew on duty.,"Lov nr. 620 af 11. juni 2024 om passagerafgift på flyrejser, § 3 (L 184, 2023-24); political agreement 'Grøn luftfart i Danmark' (Dec 2023)",https://www.lovguiden.dk/loven/lov-om-passagerafgift-på-flyrejser/3,high,Legislated schedule in § 3 of Lov nr. 620/2024; average tax rises from ~70 DKK (2025) to ~100 DKK (2030).
DK,Denmark,"passagerafgift på flyrejser (air passenger tax, new)",2029-01-01,2029-12-31,B2,Medium-haul: final destination in a country listed in Annex 2,country annex (approx. <=6000),all,300,DKK,per departing passenger,Children under 2 on departure day; transit/transfer passengers continuing on another flight within 24 hours; airline crew on duty.,"Lov nr. 620 af 11. juni 2024 om passagerafgift på flyrejser, § 3 (L 184, 2023-24); political agreement 'Grøn luftfart i Danmark' (Dec 2023)",https://www.lovguiden.dk/loven/lov-om-passagerafgift-på-flyrejser/3,high,Legislated schedule in § 3 of Lov nr. 620/2024; average tax rises from ~70 DKK (2025) to ~100 DKK (2030).
DK,Denmark,"passagerafgift på flyrejser (air passenger tax, new)",2029-01-01,2029-12-31,B3,Long-haul: all other final destinations,country annex (approx. >6000),all,390,DKK,per departing passenger,Children under 2 on departure day; transit/transfer passengers continuing on another flight within 24 hours; airline crew on duty.,"Lov nr. 620 af 11. juni 2024 om passagerafgift på flyrejser, § 3 (L 184, 2023-24); political agreement 'Grøn luftfart i Danmark' (Dec 2023)",https://www.lovguiden.dk/loven/lov-om-passagerafgift-på-flyrejser/3,high,Legislated schedule in § 3 of Lov nr. 620/2024; average tax rises from ~70 DKK (2025) to ~100 DKK (2030).
DK,Denmark,"passagerafgift på flyrejser (air passenger tax, new)",2030-01-01,,B1,Intra-Europe: final destination in Denmark or a country listed in Annex 1 (Europe),country annex (Europe),all,50,DKK,per departing passenger,Children under 2 on departure day; transit/transfer passengers continuing on another flight within 24 hours; airline crew on duty.,"Lov nr. 620 af 11. juni 2024 om passagerafgift på flyrejser, § 3 (L 184, 2023-24); political agreement 'Grøn luftfart i Danmark' (Dec 2023)",https://www.lovguiden.dk/loven/lov-om-passagerafgift-på-flyrejser/3,high,Legislated schedule in § 3 of Lov nr. 620/2024; average tax rises from ~70 DKK (2025) to ~100 DKK (2030). 2030 amounts stated in '2030-niveau'; from 2031 rates indexed to net price index.
DK,Denmark,"passagerafgift på flyrejser (air passenger tax, new)",2030-01-01,,B2,Medium-haul: final destination in a country listed in Annex 2,country annex (approx. <=6000),all,310,DKK,per departing passenger,Children under 2 on departure day; transit/transfer passengers continuing on another flight within 24 hours; airline crew on duty.,"Lov nr. 620 af 11. juni 2024 om passagerafgift på flyrejser, § 3 (L 184, 2023-24); political agreement 'Grøn luftfart i Danmark' (Dec 2023)",https://www.lovguiden.dk/loven/lov-om-passagerafgift-på-flyrejser/3,high,Legislated schedule in § 3 of Lov nr. 620/2024; average tax rises from ~70 DKK (2025) to ~100 DKK (2030). 2030 amounts stated in '2030-niveau'; from 2031 rates indexed to net price index.
DK,Denmark,"passagerafgift på flyrejser (air passenger tax, new)",2030-01-01,,B3,Long-haul: all other final destinations,country annex (approx. >6000),all,410,DKK,per departing passenger,Children under 2 on departure day; transit/transfer passengers continuing on another flight within 24 hours; airline crew on duty.,"Lov nr. 620 af 11. juni 2024 om passagerafgift på flyrejser, § 3 (L 184, 2023-24); political agreement 'Grøn luftfart i Danmark' (Dec 2023)",https://www.lovguiden.dk/loven/lov-om-passagerafgift-på-flyrejser/3,high,Legislated schedule in § 3 of Lov nr. 620/2024; average tax rises from ~70 DKK (2025) to ~100 DKK (2030). 2030 amounts stated in '2030-niveau'; from 2031 rates indexed to net price index.
PT,Portugal,taxa de carbono sobre viagens aéreas (carbon tax on air travel),2021-07-01,,ALL,All passengers departing on commercial flights from airports/aerodromes in Portuguese territory,,all,2,EUR,per departing passenger,"Children under 2; air transport of residents of the Autonomous Regions (Azores, Madeira) between mainland and the region and within the region; public passenger transport exemptions per Portaria.","Lei n.º 75-B/2020 de 31 de dezembro (OE 2021), art. 390; Portaria n.º 38/2021 de 16 de fevereiro",https://diariodarepublica.pt/dr/detalhe/portaria/38-2021-157567893,high,"Flat EUR 2 per passenger, charged at ticket issuance; also applies to maritime passenger travel. No distance bands."
PT,Portugal,taxa de carbono sobre viagens aéreas (carbon tax on air travel) - extension to private/non-commercial aviation,2023-07-01,,PRIV,Passengers on non-commercial / private flights in aircraft with up to 19 seats departing Portugal,,all,2,EUR,per departing passenger,"Children under 2; air transport of residents of the Autonomous Regions (Azores, Madeira) between mainland and the region and within the region; public passenger transport exemptions per Portaria.",Portaria n.º 110/2023 (amending Portaria n.º 38/2021),https://diariodarepublica.pt/dr/detalhe/portaria/110-2023-212137580,high,Scope extension only; rate unchanged at EUR 2.
BE,Belgium,taxe sur l'embarquement dans un aéronef / inschepingstaks (embarkation tax),2022-04-01,,B1,Final destination less than 500 km from Brussels Airport (BRU/EBBR),<500,all,10,EUR,per departing passenger,Infants (under 2); active and repositioning flight crew; transit and transfer passengers; departures following forced landings (weather/force majeure); certain state/military flights.,"Loi du 28 mars 2022 portant réduction de charges sur le travail (M.B. 31-03-2022), provisions on the 'taxe sur l'embarquement dans un aéronef' / 'inschepingstaks'",https://fccaviation.com/regulation/belgium/embarkation-tax,high,Due by air carriers per departing passenger from a Belgian airport (commercial and non-commercial fixed- and rotary-wing aircraft). 2025 federal coalition discussed restructuring to a flat rate (reported ~EUR 5); not verified as enacted - check before extending series beyond 2025.
BE,Belgium,taxe sur l'embarquement dans un aéronef / inschepingstaks (embarkation tax),2022-04-01,,B2,"Final destination 500 km or more from BRU and within EEA, UK or Switzerland",>=500 (EEA/UK/CH),all,2,EUR,per departing passenger,Infants (under 2); active and repositioning flight crew; transit and transfer passengers; departures following forced landings (weather/force majeure); certain state/military flights.,"Loi du 28 mars 2022 portant réduction de charges sur le travail (M.B. 31-03-2022), provisions on the 'taxe sur l'embarquement dans un aéronef' / 'inschepingstaks'",https://fccaviation.com/regulation/belgium/embarkation-tax,high,Due by air carriers per departing passenger from a Belgian airport (commercial and non-commercial fixed- and rotary-wing aircraft). 2025 federal coalition discussed restructuring to a flat rate (reported ~EUR 5); not verified as enacted - check before extending series beyond 2025.
BE,Belgium,taxe sur l'embarquement dans un aéronef / inschepingstaks (embarkation tax),2022-04-01,,B3,"Final destination outside EEA, UK and Switzerland (>=500 km)",>=500 (non-EEA/UK/CH),all,4,EUR,per departing passenger,Infants (under 2); active and repositioning flight crew; transit and transfer passengers; departures following forced landings (weather/force majeure); certain state/military flights.,"Loi du 28 mars 2022 portant réduction de charges sur le travail (M.B. 31-03-2022), provisions on the 'taxe sur l'embarquement dans un aéronef' / 'inschepingstaks'",https://fccaviation.com/regulation/belgium/embarkation-tax,high,Due by air carriers per departing passenger from a Belgian airport (commercial and non-commercial fixed- and rotary-wing aircraft). 2025 federal coalition discussed restructuring to a flat rate (reported ~EUR 5); not verified as enacted - check before extending series beyond 2025.
IT,Italy,addizionale comunale sui diritti d'imbarco (municipal surcharge on passenger boarding fees),2004-01-01,2005-03-31,NAT,"All passengers boarding at Italian airports (national rate, no distance differentiation)",none (flat),all,1.00,EUR,per departing passenger,Follows the rules of the airport boarding fee (diritti d'imbarco) to which it is a surcharge; infants under 2 and transit passengers are generally not charged - not verified from the sources consulted.,"Legge 24 dicembre 2003, n. 350 (Finanziaria 2004), art. 2, c. 11",https://www.parlamento.it/leg/18/BGT/Schede/FascicoloSchedeDDL/ebook/49310.pdf,high,Introduced at EUR 1 from 2004 ('noise tax' compensating airport municipalities). End date = eve of 2005 increase (see next row note).
IT,Italy,addizionale comunale sui diritti d'imbarco (municipal surcharge on passenger boarding fees),2005-04-01,2006-12-31,NAT,"All passengers boarding at Italian airports (national rate, no distance differentiation)",none (flat),all,2.00,EUR,per departing passenger,Follows the rules of the airport boarding fee (diritti d'imbarco) to which it is a surcharge; infants under 2 and transit passengers are generally not charged - not verified from the sources consulted.,"D.L. 31 gennaio 2005, n. 7, art. 6-quater, c. 2, conv. Legge 31 marzo 2005, n. 43 (+EUR 1)",https://senato.it/service/PDF/PDFServer/BGT/01067647.pdf,medium,Increment of EUR 1 introduced by the conversion law of 31 March 2005; exact effective date not verified (set here to 1 April 2005).
IT,Italy,addizionale comunale sui diritti d'imbarco (municipal surcharge on passenger boarding fees),2007-01-01,2008-10-27,NAT,"All passengers boarding at Italian airports (national rate, no distance differentiation)",none (flat),all,2.50,EUR,per departing passenger,Follows the rules of the airport boarding fee (diritti d'imbarco) to which it is a surcharge; infants under 2 and transit passengers are generally not charged - not verified from the sources consulted.,"Legge 27 dicembre 2006, n. 296 (Finanziaria 2007), art. 1, c. 1328 (+EUR 0.50)",https://senato.it/service/PDF/PDFServer/BGT/01067647.pdf,high,Increase of EUR 0.50 from 2007.
IT,Italy,addizionale comunale sui diritti d'imbarco (municipal surcharge on passenger boarding fees),2008-10-28,2013-06-30,NAT,"All passengers boarding at Italian airports (national rate, no distance differentiation)",none (flat),all,4.50,EUR,per departing passenger,Follows the rules of the airport boarding fee (diritti d'imbarco) to which it is a surcharge; infants under 2 and transit passengers are generally not charged - not verified from the sources consulted.,"D.L. 28 agosto 2008, n. 134, art. 2, c. 5-bis, conv. Legge 27 ottobre 2008, n. 166 (raised the art. 6-quater increment from EUR 1 to EUR 3)",https://www.parlamento.it/leg/18/BGT/Schede/FascicoloSchedeDDL/ebook/49310.pdf,medium,Total EUR 1 + 3 + 0.50 = 4.50. Comma 5-bis was inserted by the conversion law (Alitalia rescue decree); exact effective date not verified (set to day after L. 166/2008).
IT,Italy,addizionale comunale sui diritti d'imbarco (municipal surcharge on passenger boarding fees),2013-07-01,2015-12-31,NAT,"All passengers boarding at Italian airports (national rate, no distance differentiation)",none (flat),all,6.50,EUR,per departing passenger,Follows the rules of the airport boarding fee (diritti d'imbarco) to which it is a surcharge; infants under 2 and transit passengers are generally not charged - not verified from the sources consulted.,"Legge 28 giugno 2012, n. 92, art. 4, c. 75 (+EUR 2 from 1 July 2013; INPS Circolare 112/2013)",https://servizi2.inps.it/CircolariZIP/Circolare numero 112 del 25-07-2013.pdf,high,Increment of EUR 2 earmarked to INPS (Fondo di solidarietà trasporto aereo / GIAS).
IT,Italy,addizionale comunale sui diritti d'imbarco (municipal surcharge on passenger boarding fees),2016-01-01,2016-08-31,NAT,"All passengers boarding at Italian airports (national rate, no distance differentiation)",none (flat),all,9.00,EUR,per departing passenger,Follows the rules of the airport boarding fee (diritti d'imbarco) to which it is a surcharge; infants under 2 and transit passengers are generally not charged - not verified from the sources consulted.,"D.L. 23 dicembre 2013, n. 145, art. 13, c. 23 (conv. L. 9/2014) and D.M. 29 ottobre 2015, n. 357 (+EUR 2.50 for 2016)",https://servizi2.inps.it/CircolariZIP/Circolare numero 187 del 06-10-2016.pdf,high,"Temporary increment of EUR 2.50 (2.42 planned for 2017, 2.34 for 2018) brought the total to EUR 9.00 from 1 Jan 2016."
IT,Italy,addizionale comunale sui diritti d'imbarco (municipal surcharge on passenger boarding fees),2016-09-01,2016-12-31,NAT,"All passengers boarding at Italian airports (national rate, no distance differentiation)",none (flat),all,6.50,EUR,per departing passenger,Follows the rules of the airport boarding fee (diritti d'imbarco) to which it is a surcharge; infants under 2 and transit passengers are generally not charged - not verified from the sources consulted.,"D.L. 24 giugno 2016, n. 113, art. 13-ter (suspension of the EUR 2.50 increment 1 Sep - 31 Dec 2016)",https://servizi2.inps.it/CircolariZIP/Circolare numero 187 del 06-10-2016.pdf,high,Increment suspended; back to EUR 6.50.
IT,Italy,addizionale comunale sui diritti d'imbarco (municipal surcharge on passenger boarding fees),2017-01-01,,NAT,"All passengers boarding at Italian airports (national rate, no distance differentiation)",none (flat),all,6.50,EUR,per departing passenger,Follows the rules of the airport boarding fee (diritti d'imbarco) to which it is a surcharge; infants under 2 and transit passengers are generally not charged - not verified from the sources consulted.,"Legge 11 dicembre 2016, n. 232 (Bilancio 2017) - abolished the EUR 2.50 increment from 1 Jan 2017",https://www.studiocerbone.com/?p=32122,high,"National base rate EUR 6.50 still in force (Assaeroporti position paper Dec 2025: seven different local levels between EUR 6.50 and 9.00 exist because some municipalities/airports were authorised to add local increments, e.g. Rome 7.50, Naples 9.00). Italy has no distance-band ticket tax."
IT,Italy,"addizionale commissariale Roma Capitale sui diritti d'imbarco (extra surcharge, Rome airports)",2010-05-31,,ROME,Passengers departing from (and transiting at) Rome Fiumicino and Ciampino - added on top of the national surcharge,none (flat),all,1.00,EUR,per departing passenger,Follows the rules of the airport boarding fee (diritti d'imbarco) to which it is a surcharge; infants under 2 and transit passengers are generally not charged - not verified from the sources consulted.,"D.L. 31 maggio 2010, n. 78, art. 14, c. 14 (conv. L. 122/2010) - up to EUR 1 per passenger for Roma Capitale debt",https://www.consiglioregionale.calabria.it/upload/istruttoria/DL%20n%2078%20del%2031%20maggio%202010%20Art%2014.pdf,medium,Makes Rome total EUR 7.50 (since 1 July 2013). Exact start date of collection not verified (decree date used).
IE,Ireland,Air Travel Tax,2009-03-30,2011-02-28,B1,"Destination airport not more than 300 km from Dublin Airport (Ireland, UK west/north)",<=300,all,2,EUR,per departing passenger,"Children under 2; transit and transfer passengers; flight crew; departures from airports with fewer than 10,000 departing passengers in the previous year (verify in Finance (No. 2) Act 2008 s. 55).","Finance (No. 2) Act 2008, s. 55",https://en.wikipedia.org/wiki/Air_Travel_Tax,high,Two-tier rate; EU Commission found the distance differentiation incompatible with internal-market rules (also State-aid recovery case vs Aer Lingus/Ryanair).
IE,Ireland,Air Travel Tax,2009-03-30,2011-02-28,B2,Destination airport more than 300 km from Dublin Airport,>300,all,10,EUR,per departing passenger,"Children under 2; transit and transfer passengers; flight crew; departures from airports with fewer than 10,000 departing passengers in the previous year (verify in Finance (No. 2) Act 2008 s. 55).","Finance (No. 2) Act 2008, s. 55",https://www.charteredaccountants.ie/taxsourcetotal/taxpoint/newdev/2009/03/ireland/2009-03-ireland-15.html,high,
IE,Ireland,Air Travel Tax,2011-03-01,2014-03-31,FLAT,All departures (single rate),,all,3,EUR,per departing passenger,"Children under 2; transit and transfer passengers; flight crew; departures from airports with fewer than 10,000 departing passengers in the previous year (verify in Finance (No. 2) Act 2008 s. 55).",Finance Act 2011 (amending Finance (No. 2) Act 2008 s. 55),https://www.charteredaccountants.ie/taxsourcetotal/taxpoint/newdev/2011/07/international/2011-07-international-1.html,high,Flat EUR 3 from 1 March 2011.
IE,Ireland,Air Travel Tax - ABOLISHED,2014-04-01,,ALL,All departures,,all,0,EUR,per departing passenger,,"Air Travel Tax (Abolition) Order 2014, S.I. No. 130 of 2014 (announced Budget 2014, Oct 2013)",https://www.irishstatutebook.ie/2014/en/si/0130.html,high,Rate set to zero / provisions cease to apply to departures on or after 1 April 2014.
MT,Malta,airport departure tax,,2008-10-31,ALL,All passengers departing Malta International Airport,,all,23.29,EUR,per departing passenger,Not verified.,Maltese departure-tax regulations (Lm 10 = EUR 23.29); removed by Legal Notice effective 1 Nov 2008 after EU Commission infringement proceedings (decision to refer to ECJ 27 June 2007),https://archive.maltatoday.com.mt/2008/06/29/n6.html,medium,Introduction date not established from sources consulted (tax long pre-dated 2008). Abolished 1 Nov 2008.
MT,Malta,airport departure tax - ABOLISHED,2008-11-01,,ALL,All departures,,all,0,EUR,per departing passenger,,"Legal Notice removing departure tax, effective 1 Nov 2008",https://archive.maltatoday.com.mt/2008/06/29/n6.html,high,No Maltese ticket tax since.
GR,Greece,Airport Development Fund charge (TEAA / 'spatosimo'),,2017-04-10,B1,Departing passengers (over 5 years) with final destination in EU/Schengen countries incl. domestic,,all,12,EUR,per departing passenger,Children up to 5 years (pre-2017).,"Law 2065/1992, art. 40 (Airport Development Fund / 'spatosimo'), as amended by Law 2892/2001 and Law 4465/2017 art. 52",https://news.gtp.gr/2014/04/29/greeces-spatosimo-air-passenger-tax-revised/,medium,"Quasi-fiscal earmarked charge (airport infrastructure fund), not classified as a ticket tax in CE Delft 2019. Start date of the EUR 12/22 structure (post-2001 euro conversion) not verified. A revision on 31 Oct 2014 lowered fees for some flights - new amounts not confirmed."
GR,Greece,Airport Development Fund charge (TEAA / 'spatosimo'),,2017-04-10,B2,Departing passengers with final destination outside EU/Schengen,,all,22,EUR,per departing passenger,Children up to 5 years (pre-2017).,"Law 2065/1992, art. 40 (Airport Development Fund / 'spatosimo'), as amended by Law 2892/2001 and Law 4465/2017 art. 52",https://news.gtp.gr/2017/03/29/spatosimo-air-passenger-fee-12-greek-airports/,low,"Sources disagree: gtp.gr 2014 article gives EUR 24 for non-EU, gtp.gr 2017 gives EUR 22 for non-Schengen. Treat as uncertain."
GR,Greece,Airport Development Fund charge (TEAA / 'spatosimo'),2017-04-11,2024-10-31,FLAT,All departing passengers over 2 years from all Greek airports (single rate),,all,12,EUR,per departing passenger,Children under 2 (age threshold lowered from 5 to 2 in 2017).,"Law 2065/1992, art. 40 (Airport Development Fund / 'spatosimo'), as amended by Law 2892/2001 and Law 4465/2017 art. 52",https://news.gtp.gr/2017/03/29/spatosimo-air-passenger-fee-12-greek-airports/,medium,Flat EUR 12 from the start of the Fraport Greece regional-airport concession (11 April 2017) until 1 Nov 2024 per Law 4465/2017 art. 52; start date inferred from concession start.
GR,Greece,Airport Development Fund charge (TEAA / 'spatosimo'),2024-11-01,,FLAT,All departing passengers over 2 years from all Greek airports (single rate),,all,3,EUR,per departing passenger,Children under 2.,"Law 2065/1992, art. 40 (Airport Development Fund / 'spatosimo'), as amended by Law 2892/2001 and Law 4465/2017 art. 52",https://news.gtp.gr/2024/07/03/athens-international-airport-freezes-charges-for-2024-except-for-ptf/,high,Reduced 75% from EUR 12 to EUR 3 on 1 Nov 2024 as scheduled by Law 4465/2017 art. 52 (Athens Airport simultaneously raised its own PTF charge).
ES,Spain,none (no national air passenger ticket tax),,,,,,all,,EUR,per departing passenger,,n/a,https://cedelft.eu/publications/taxes-in-the-field-of-aviation-and-their-impact/,high,Only airport charges (AENA) apply. A 2022 expert committee on tax reform proposed a EUR 7.85/passenger environmental ticket tax - not enacted.
CH,Switzerland,none (flight ticket levy rejected by referendum),,,,,,all,,CHF,per departing passenger,,Revised CO2 Act (Federal Act on the Reduction of Greenhouse Gas Emissions) - proposed ticket levy CHF 30-120 by distance/class - rejected in referendum of 13 June 2021 (51.6% No),https://www.swissinfo.ch/eng/politics/swiss-climate-strategy-to-be-decided-at-the-ballot-box/46515048,high,No Swiss ticket tax in force.
LU,Luxembourg,none (no air passenger ticket tax),,,,,,all,,EUR,per departing passenger,,n/a,https://cedelft.eu/publications/taxes-in-the-field-of-aviation-and-their-impact/,high,"Not among the seven European countries with ticket taxes in CE Delft (2019): Austria, France, Germany, Italy, Norway, Sweden, UK."
